Prompt,GPU Util,Power Draw,GPU Temp,GPU Clock,Mem Clock,Mem Used,Mem Util,Time,Time Delta,Iter
Prompt 0,0.0,23.74,22.0,135000000.0,877000000.0,9437184.0,0.0,-2208932750000000000,1,1
Prompt 0,0.0,23.74,22.0,135000000.0,877000000.0,9437184.0,0.0,-2208932750000000000,1,2
Prompt 0,0.0,23.74,22.0,135000000.0,877000000.0,9437184.0,0.0,-2208932749000000000,1,3
Prompt 0,0.0,23.74,22.0,135000000.0,877000000.0,9437184.0,0.0,-2208932749000000000,1,4
Prompt 0,0.0,23.74,22.0,135000000.0,877000000.0,9437184.0,0.0,-2208932749000000000,2,5
Prompt 0,0.0,23.74,22.0,135000000.0,877000000.0,9437184.0,0.0,-2208932749000000000,2,6
Prompt 0,0.0,23.74,22.0,135000000.0,877000000.0,9437184.0,0.0,-2208932749000000000,2,7
Prompt 0,0.0,23.74,22.0,135000000.0,877000000.0,9437184.0,0.0,-2208932748000000000,2,8
Prompt 0,0.0,23.74,22.0,135000000.0,877000000.0,9437184.0,0.0,-2208932748000000000,2,9
Prompt 0,0.0,23.74,22.0,135000000.0,877000000.0,9437184.0,0.0,-2208932748000000000,3,10
Prompt 0,0.0,23.74,22.0,135000000.0,877000000.0,9437184.0,0.0,-2208932748000000000,3,11
Prompt 0,0.0,23.74,22.0,135000000.0,877000000.0,9437184.0,0.0,-2208932747000000000,3,12
,,,,,,,,-2208932748000000000,,
Prompt 1,0.0,23.74,22.0,135000000.0,877000000.0,9437184.0,0.0,-2208932747000000000,3,1
Prompt 1,0.0,23.74,22.0,135000000.0,877000000.0,9437184.0,0.0,-2208932747000000000,4,2
Prompt 1,0.0,23.74,22.0,135000000.0,877000000.0,9437184.0,0.0,-2208932747000000000,4,3
,,,,,,,,-2208932747000000000,,
Prompt 2,0.0,23.74,22.0,135000000.0,877000000.0,9437184.0,0.0,-2208932747000000000,4,1
Prompt 2,0.0,23.74,22.0,135000000.0,877000000.0,9437184.0,0.0,-2208932746000000000,4,2
Prompt 2,0.0,23.74,22.0,135000000.0,877000000.0,9437184.0,0.0,-2208932746000000000,4,3
Prompt 2,0.0,23.74,22.0,135000000.0,877000000.0,9437184.0,0.0,-2208932746000000000,5,4
Prompt 2,0.0,23.74,22.0,135000000.0,877000000.0,9437184.0,0.0,-2208932746000000000,5,5
Prompt 2,0.0,23.74,22.0,135000000.0,877000000.0,9437184.0,0.0,-2208932745000000000,5,6
Prompt 2,0.0,23.74,22.0,135000000.0,877000000.0,9437184.0,0.0,-2208932745000000000,5,7
Prompt 2,0.0,23.74,22.0,135000000.0,877000000.0,9437184.0,0.0,-2208932745000000000,6,8
Prompt 2,0.0,23.74,22.0,135000000.0,877000000.0,9437184.0,0.0,-2208932745000000000,6,9
Prompt 2,0.0,23.74,22.0,135000000.0,877000000.0,9437184.0,0.0,-2208932745000000000,6,10
Prompt 2,0.0,23.74,22.0,135000000.0,877000000.0,9437184.0,0.0,-2208932744000000000,6,11
Prompt 2,0.0,23.74,22.0,135000000.0,877000000.0,9437184.0,0.0,-2208932744000000000,6,12
Prompt 2,0.0,23.74,22.0,135000000.0,877000000.0,9437184.0,0.0,-2208932744000000000,7,13
,,,,,,,,-2208932744000000000,,
Prompt 3,0.0,23.74,22.0,135000000.0,877000000.0,9437184.0,0.0,-2208932744000000000,7,1
Prompt 3,0.0,23.74,22.0,135000000.0,877000000.0,9437184.0,0.0,-2208932744000000000,7,2
Prompt 3,0.0,23.74,22.0,135000000.0,877000000.0,9437184.0,0.0,-2208932743000000000,7,3
Prompt 3,0.0,23.74,22.0,135000000.0,877000000.0,9437184.0,0.0,-2208932743000000000,7,4
Prompt 3,0.0,23.74,22.0,135000000.0,877000000.0,9437184.0,0.0,-2208932743000000000,8,5
,,,,,,,,-2208932743000000000,,
Prompt 4,0.0,23.74,22.0,135000000.0,877000000.0,6665797632.0,0.03,-2208932743000000000,8,1
Prompt 4,0.04,179.85,29.0,1380000000.0,877000000.0,6665797632.0,0.03,-2208932742000000000,8,2
Prompt 4,0.04,179.85,29.0,1380000000.0,877000000.0,6665797632.0,0.03,-2208932742000000000,8,3
Prompt 4,0.04,179.85,29.0,1380000000.0,877000000.0,6665797632.0,0.03,-2208932742000000000,9,4
Prompt 4,0.04,179.85,29.0,1380000000.0,877000000.0,6665797632.0,0.03,-2208932742000000000,9,5
Prompt 4,0.04,179.85,29.0,1380000000.0,877000000.0,6665797632.0,0.03,-2208932742000000000,9,6
,,,,,,,,-2208932742000000000,,
Prompt 5,0.04,179.85,29.0,1380000000.0,877000000.0,6665797632.0,0.03,-2208932741000000000,9,1
Prompt 5,0.04,179.85,29.0,1380000000.0,877000000.0,6665797632.0,0.03,-2208932741000000000,9,2
Prompt 5,0.04,179.85,29.0,1380000000.0,877000000.0,6665797632.0,0.03,-2208932741000000000,10,3
Prompt 5,0.04,179.85,29.0,1380000000.0,877000000.0,6665797632.0,0.03,-2208932741000000000,10,4
Prompt 5,0.04,179.85,29.0,1380000000.0,877000000.0,6665797632.0,0.03,-2208932740000000000,10,5
Prompt 5,0.04,179.85,29.0,1380000000.0,877000000.0,6665797632.0,0.03,-2208932740000000000,10,6
Prompt 5,0.04,179.85,29.0,1380000000.0,877000000.0,6665797632.0,0.03,-2208932740000000000,11,7
Prompt 5,0.04,179.85,29.0,1380000000.0,877000000.0,6665797632.0,0.03,-2208932740000000000,11,8
Prompt 5,0.04,179.85,29.0,1380000000.0,877000000.0,6665797632.0,0.03,-2208932739000000000,11,9
Prompt 5,0.04,179.85,29.0,1380000000.0,877000000.0,6665797632.0,0.03,-2208932739000000000,11,10
Prompt 5,0.04,179.85,29.0,1380000000.0,877000000.0,6665797632.0,0.03,-2208932739000000000,12,11
Prompt 5,0.04,179.85,29.0,1380000000.0,877000000.0,6665797632.0,0.03,-2208932739000000000,12,12
Prompt 5,0.04,179.85,29.0,1380000000.0,877000000.0,6665797632.0,0.03,-2208932739000000000,12,13
Prompt 5,0.04,179.85,29.0,1380000000.0,877000000.0,6665797632.0,0.03,-2208932738000000000,12,14
Prompt 5,0.04,179.85,29.0,1380000000.0,877000000.0,6665797632.0,0.03,-2208932738000000000,12,15
Prompt 5,0.04,179.85,29.0,1380000000.0,877000000.0,6665797632.0,0.03,-2208932738000000000,13,16
Prompt 5,0.04,179.85,29.0,1380000000.0,877000000.0,6665797632.0,0.03,-2208932738000000000,13,17
Prompt 5,0.04,179.85,29.0,1380000000.0,877000000.0,6665797632.0,0.03,-2208932737000000000,13,18
Prompt 5,0.04,179.85,29.0,1380000000.0,877000000.0,6665797632.0,0.03,-2208932737000000000,13,19
Prompt 5,0.04,179.85,29.0,1380000000.0,877000000.0,6665797632.0,0.03,-2208932737000000000,14,20
Prompt 5,0.04,179.85,29.0,1380000000.0,877000000.0,6665797632.0,0.03,-2208932737000000000,14,21
Prompt 5,0.04,179.85,29.0,1380000000.0,877000000.0,6665797632.0,0.03,-2208932737000000000,14,22
Prompt 5,0.04,179.85,29.0,1380000000.0,877000000.0,6665797632.0,0.03,-2208932736000000000,14,23
Prompt 5,0.04,179.85,29.0,1380000000.0,877000000.0,6665797632.0,0.03,-2208932736000000000,14,24
Prompt 5,0.04,179.85,29.0,1380000000.0,877000000.0,6665797632.0,0.03,-2208932736000000000,15,25
Prompt 5,0.04,179.85,29.0,1380000000.0,877000000.0,6665797632.0,0.03,-2208932736000000000,15,26
Prompt 5,0.04,179.85,29.0,1380000000.0,877000000.0,6665797632.0,0.03,-2208932735000000000,15,27
Prompt 5,0.04,179.85,29.0,1380000000.0,877000000.0,6665797632.0,0.03,-2208932735000000000,15,28
Prompt 5,0.04,179.85,29.0,1380000000.0,877000000.0,6665797632.0,0.03,-2208932735000000000,16,29
,,,,,,,,-2208932735000000000,,
Prompt 6,0.04,179.85,29.0,1380000000.0,877000000.0,6665797632.0,0.03,-2208932735000000000,16,1
Prompt 6,0.04,179.85,29.0,1380000000.0,877000000.0,6665797632.0,0.03,-2208932735000000000,16,2
Prompt 6,0.04,179.85,29.0,1380000000.0,877000000.0,6665797632.0,0.03,-2208932734000000000,16,3
Prompt 6,0.04,179.85,29.0,1380000000.0,877000000.0,6665797632.0,0.03,-2208932734000000000,16,4
Prompt 6,0.04,179.85,29.0,1380000000.0,877000000.0,6665797632.0,0.03,-2208932734000000000,17,5
Prompt 6,0.04,179.85,29.0,1380000000.0,877000000.0,6665797632.0,0.03,-2208932734000000000,17,6
Prompt 6,0.04,179.85,29.0,1380000000.0,877000000.0,6665797632.0,0.03,-2208932734000000000,17,7
Prompt 6,0.04,179.85,29.0,1380000000.0,877000000.0,6665797632.0,0.03,-2208932733000000000,17,8
Prompt 6,0.04,179.85,29.0,1380000000.0,877000000.0,6665797632.0,0.03,-2208932733000000000,17,9
Prompt 6,0.04,179.85,29.0,1380000000.0,877000000.0,6665797632.0,0.03,-2208932733000000000,18,10
Prompt 6,0.04,179.85,29.0,1380000000.0,877000000.0,6665797632.0,0.03,-2208932733000000000,18,11
Prompt 6,0.04,179.85,29.0,1380000000.0,877000000.0,6665797632.0,0.03,-2208932732000000000,18,12
Prompt 6,0.04,179.85,29.0,1380000000.0,877000000.0,6665797632.0,0.03,-2208932732000000000,18,13
Prompt 6,0.04,179.85,29.0,1380000000.0,877000000.0,6665797632.0,0.03,-2208932732000000000,19,14
Prompt 6,0.04,179.85,29.0,1380000000.0,877000000.0,6665797632.0,0.03,-2208932732000000000,19,15
Prompt 6,0.04,179.85,29.0,1380000000.0,877000000.0,6665797632.0,0.03,-2208932731000000000,19,16
Prompt 6,0.04,179.85,29.0,1380000000.0,877000000.0,6665797632.0,0.03,-2208932731000000000,19,17
Prompt 6,0.04,179.85,29.0,1380000000.0,877000000.0,6665797632.0,0.03,-2208932731000000000,20,18
Prompt 6,0.04,179.85,29.0,1380000000.0,877000000.0,6665797632.0,0.03,-2208932731000000000,20,19
Prompt 6,0.04,179.85,29.0,1380000000.0,877000000.0,6665797632.0,0.03,-2208932730000000000,20,20
Prompt 6,0.04,179.85,29.0,1380000000.0,877000000.0,6665797632.0,0.03,-2208932730000000000,20,21
Prompt 6,0.04,179.85,29.0,1380000000.0,877000000.0,6665797632.0,0.03,-2208932730000000000,21,22
Prompt 6,0.04,179.85,29.0,1380000000.0,877000000.0,6665797632.0,0.03,-2208932730000000000,21,23
Prompt 6,0.04,179.85,29.0,1380000000.0,877000000.0,6665797632.0,0.03,-2208932730000000000,21,24
Prompt 6,0.04,179.85,29.0,1380000000.0,877000000.0,6665797632.0,0.03,-2208932729000000000,21,25
Prompt 6,0.04,179.85,29.0,1380000000.0,877000000.0,6665797632.0,0.03,-2208932729000000000,21,26
Prompt 6,0.04,179.85,29.0,1380000000.0,877000000.0,6665797632.0,0.03,-2208932729000000000,22,27
Prompt 6,0.04,179.85,29.0,1380000000.0,877000000.0,6665797632.0,0.03,-2208932729000000000,22,28
Prompt 6,0.04,179.85,29.0,1380000000.0,877000000.0,6665797632.0,0.03,-2208932728000000000,22,29
Prompt 6,0.04,179.85,29.0,1380000000.0,877000000.0,6665797632.0,0.03,-2208932728000000000,22,30
Prompt 6,0.04,179.85,29.0,1380000000.0,877000000.0,6665797632.0,0.03,-2208932728000000000,23,31
Prompt 6,0.04,179.85,29.0,1380000000.0,877000000.0,6665797632.0,0.03,-2208932728000000000,23,32
Prompt 6,0.04,190.17,36.0,1380000000.0,877000000.0,6667894784.0,0.56,-2208932728000000000,23,33
Prompt 6,0.81,190.17,36.0,1380000000.0,877000000.0,6667894784.0,0.56,-2208932727000000000,23,34
Prompt 6,0.81,190.17,36.0,1380000000.0,877000000.0,6667894784.0,0.56,-2208932727000000000,23,35
Prompt 6,0.81,190.17,36.0,1380000000.0,877000000.0,6667894784.0,0.56,-2208932727000000000,24,36
Prompt 6,0.81,190.17,36.0,1380000000.0,877000000.0,6667894784.0,0.56,-2208932727000000000,24,37
Prompt 6,0.81,190.17,36.0,1380000000.0,877000000.0,6667894784.0,0.56,-2208932726000000000,24,38
Prompt 6,0.81,190.17,36.0,1380000000.0,877000000.0,6667894784.0,0.56,-2208932726000000000,24,39
Prompt 6,0.81,190.17,36.0,1380000000.0,877000000.0,6667894784.0,0.56,-2208932726000000000,25,40
Prompt 6,0.81,190.17,36.0,1380000000.0,877000000.0,6667894784.0,0.56,-2208932726000000000,25,41
Prompt 6,0.81,190.17,36.0,1380000000.0,877000000.0,6667894784.0,0.56,-2208932726000000000,25,42
Prompt 6,0.81,190.17,36.0,1380000000.0,877000000.0,6667894784.0,0.56,-2208932725000000000,25,43
Prompt 6,0.81,190.17,36.0,1380000000.0,877000000.0,6667894784.0,0.56,-2208932725000000000,25,44
Prompt 6,0.81,190.17,36.0,1380000000.0,877000000.0,6667894784.0,0.56,-2208932725000000000,26,45
Prompt 6,0.81,190.17,36.0,1380000000.0,877000000.0,6667894784.0,0.56,-2208932725000000000,26,46
Prompt 6,0.81,190.17,36.0,1380000000.0,877000000.0,6667894784.0,0.56,-2208932725000000000,26,47
Prompt 6,0.81,190.17,36.0,1380000000.0,877000000.0,6667894784.0,0.56,-2208932724000000000,26,48
Prompt 6,0.81,190.17,36.0,1380000000.0,877000000.0,6667894784.0,0.56,-2208932724000000000,26,49
Prompt 6,0.81,190.17,36.0,1380000000.0,877000000.0,6667894784.0,0.56,-2208932724000000000,27,50
Prompt 6,0.81,190.17,36.0,1380000000.0,877000000.0,6667894784.0,0.56,-2208932724000000000,27,51
Prompt 6,0.81,190.17,36.0,1380000000.0,877000000.0,6667894784.0,0.56,-2208932723000000000,27,52
Prompt 6,0.81,190.17,36.0,1380000000.0,877000000.0,6667894784.0,0.56,-2208932723000000000,27,53
Prompt 6,0.81,190.17,36.0,1380000000.0,877000000.0,6667894784.0,0.56,-2208932723000000000,28,54
Prompt 6,0.81,190.17,36.0,1380000000.0,877000000.0,6667894784.0,0.56,-2208932723000000000,28,55
Prompt 6,0.81,190.17,36.0,1380000000.0,877000000.0,6667894784.0,0.56,-2208932723000000000,28,56
Prompt 6,0.81,190.17,36.0,1380000000.0,877000000.0,6667894784.0,0.56,-2208932722000000000,28,57
Prompt 6,0.81,190.17,36.0,1380000000.0,877000000.0,6667894784.0,0.56,-2208932722000000000,28,58
Prompt 6,0.81,190.17,36.0,1380000000.0,877000000.0,6667894784.0,0.56,-2208932722000000000,29,59
Prompt 6,0.81,190.17,36.0,1380000000.0,877000000.0,6667894784.0,0.56,-2208932722000000000,29,60
Prompt 6,0.81,190.17,36.0,1380000000.0,877000000.0,6667894784.0,0.56,-2208932721000000000,29,61
Prompt 6,0.81,190.17,36.0,1380000000.0,877000000.0,6667894784.0,0.56,-2208932721000000000,29,62
Prompt 6,0.81,190.17,36.0,1380000000.0,877000000.0,6667894784.0,0.56,-2208932721000000000,30,63
Prompt 6,0.81,190.17,36.0,1380000000.0,877000000.0,6667894784.0,0.56,-2208932721000000000,30,64
Prompt 6,0.81,190.17,36.0,1380000000.0,877000000.0,6667894784.0,0.56,-2208932721000000000,30,65
Prompt 6,0.81,190.17,36.0,1380000000.0,877000000.0,6667894784.0,0.56,-2208932720000000000,30,66
Prompt 6,0.81,190.17,36.0,1380000000.0,877000000.0,6667894784.0,0.56,-2208932720000000000,30,67
Prompt 6,0.81,190.17,36.0,1380000000.0,877000000.0,6667894784.0,0.56,-2208932720000000000,31,68
Prompt 6,0.81,190.17,36.0,1380000000.0,877000000.0,6667894784.0,0.56,-2208932720000000000,31,69
Prompt 6,0.81,190.17,36.0,1380000000.0,877000000.0,6667894784.0,0.56,-2208932720000000000,31,70
Prompt 6,0.81,190.17,36.0,1380000000.0,877000000.0,6667894784.0,0.56,-2208932719000000000,31,71
Prompt 6,0.81,190.17,36.0,1380000000.0,877000000.0,6667894784.0,0.56,-2208932719000000000,31,72
Prompt 6,0.81,190.17,36.0,1380000000.0,877000000.0,6667894784.0,0.56,-2208932719000000000,32,73
Prompt 6,0.81,190.17,36.0,1380000000.0,877000000.0,6667894784.0,0.56,-2208932719000000000,32,74
Prompt 6,0.81,190.17,36.0,1380000000.0,877000000.0,6667894784.0,0.56,-2208932718000000000,32,75
Prompt 6,0.81,190.17,36.0,1380000000.0,877000000.0,6667894784.0,0.56,-2208932718000000000,32,76
Prompt 6,0.81,190.17,36.0,1380000000.0,877000000.0,6667894784.0,0.56,-2208932718000000000,32,77
Prompt 6,0.81,190.17,36.0,1380000000.0,877000000.0,6667894784.0,0.56,-2208932718000000000,33,78
Prompt 6,0.81,190.17,36.0,1380000000.0,877000000.0,6667894784.0,0.56,-2208932718000000000,33,79
Prompt 6,0.81,190.17,36.0,1380000000.0,877000000.0,6667894784.0,0.56,-2208932717000000000,33,80
Prompt 6,0.81,190.17,36.0,1380000000.0,877000000.0,6667894784.0,0.56,-2208932717000000000,33,81
Prompt 6,0.81,190.17,36.0,1380000000.0,877000000.0,6667894784.0,0.56,-2208932717000000000,34,82
Prompt 6,0.81,190.17,36.0,1380000000.0,877000000.0,6667894784.0,0.56,-2208932717000000000,34,83
Prompt 6,0.81,190.17,36.0,1380000000.0,877000000.0,6667894784.0,0.56,-2208932717000000000,34,84
Prompt 6,0.81,190.17,36.0,1380000000.0,877000000.0,6667894784.0,0.56,-2208932716000000000,34,85
Prompt 6,0.81,190.17,36.0,1380000000.0,877000000.0,6667894784.0,0.56,-2208932716000000000,34,86
Prompt 6,0.81,190.17,36.0,1380000000.0,877000000.0,6667894784.0,0.56,-2208932716000000000,35,87
Prompt 6,0.81,190.17,36.0,1380000000.0,877000000.0,6667894784.0,0.56,-2208932716000000000,35,88
Prompt 6,0.81,190.17,36.0,1380000000.0,877000000.0,6667894784.0,0.56,-2208932715000000000,35,89
Prompt 6,0.81,190.17,36.0,1380000000.0,877000000.0,6667894784.0,0.56,-2208932715000000000,35,90
Prompt 6,0.81,190.17,36.0,1380000000.0,877000000.0,6667894784.0,0.56,-2208932715000000000,36,91
Prompt 6,0.81,190.17,36.0,1380000000.0,877000000.0,6667894784.0,0.56,-2208932715000000000,36,92
Prompt 6,0.81,190.17,36.0,1380000000.0,877000000.0,6667894784.0,0.56,-2208932715000000000,36,93
Prompt 6,0.81,190.17,36.0,1380000000.0,877000000.0,6667894784.0,0.56,-2208932714000000000,36,94
Prompt 6,0.81,190.17,36.0,1380000000.0,877000000.0,6667894784.0,0.56,-2208932714000000000,36,95
Prompt 6,0.81,190.17,36.0,1380000000.0,877000000.0,6667894784.0,0.56,-2208932714000000000,37,96
Prompt 6,0.81,190.17,36.0,1380000000.0,877000000.0,6667894784.0,0.56,-2208932714000000000,37,97
Prompt 6,0.81,190.17,36.0,1380000000.0,877000000.0,6667894784.0,0.56,-2208932713000000000,37,98
Prompt 6,0.81,190.17,36.0,1380000000.0,877000000.0,6667894784.0,0.56,-2208932713000000000,37,99
Prompt 6,0.81,190.17,36.0,1380000000.0,877000000.0,6667894784.0,0.56,-2208932713000000000,38,100
Prompt 6,0.81,190.17,36.0,1380000000.0,877000000.0,6667894784.0,0.56,-2208932713000000000,38,101
Prompt 6,0.81,180.32,39.0,1380000000.0,877000000.0,6667894784.0,0.55,-2208932713000000000,38,102
Prompt 6,0.8200000000000001,180.32,39.0,1380000000.0,877000000.0,6667894784.0,0.55,-2208932712000000000,38,103
Prompt 6,0.8200000000000001,180.32,39.0,1380000000.0,877000000.0,6667894784.0,0.55,-2208932712000000000,38,104
Prompt 6,0.8200000000000001,180.32,39.0,1380000000.0,877000000.0,6667894784.0,0.55,-2208932712000000000,39,105
Prompt 6,0.8200000000000001,180.32,39.0,1380000000.0,877000000.0,6667894784.0,0.55,-2208932712000000000,39,106
Prompt 6,0.8200000000000001,180.32,39.0,1380000000.0,877000000.0,6667894784.0,0.55,-2208932711000000000,39,107
Prompt 6,0.8200000000000001,180.32,39.0,1380000000.0,877000000.0,6667894784.0,0.55,-2208932711000000000,39,108
Prompt 6,0.8200000000000001,180.32,39.0,1380000000.0,877000000.0,6667894784.0,0.55,-2208932711000000000,40,109
Prompt 6,0.8200000000000001,180.32,39.0,1380000000.0,877000000.0,6667894784.0,0.55,-2208932711000000000,40,110
Prompt 6,0.8200000000000001,180.32,39.0,1380000000.0,877000000.0,6667894784.0,0.55,-2208932711000000000,40,111
Prompt 6,0.8200000000000001,180.32,39.0,1380000000.0,877000000.0,6667894784.0,0.55,-2208932710000000000,40,112
Prompt 6,0.8200000000000001,180.32,39.0,1380000000.0,877000000.0,6667894784.0,0.55,-2208932710000000000,40,113
Prompt 6,0.8200000000000001,180.32,39.0,1380000000.0,877000000.0,6667894784.0,0.55,-2208932710000000000,41,114
Prompt 6,0.8200000000000001,180.32,39.0,1380000000.0,877000000.0,6667894784.0,0.55,-2208932710000000000,41,115
Prompt 6,0.8200000000000001,180.32,39.0,1380000000.0,877000000.0,6667894784.0,0.55,-2208932709000000000,41,116
Prompt 6,0.8200000000000001,180.32,39.0,1380000000.0,877000000.0,6667894784.0,0.55,-2208932709000000000,41,117
Prompt 6,0.8200000000000001,180.32,39.0,1380000000.0,877000000.0,6667894784.0,0.55,-2208932709000000000,42,118
Prompt 6,0.8200000000000001,180.32,39.0,1380000000.0,877000000.0,6667894784.0,0.55,-2208932709000000000,42,119
Prompt 6,0.8200000000000001,180.32,39.0,1380000000.0,877000000.0,6667894784.0,0.55,-2208932709000000000,42,120
Prompt 6,0.8200000000000001,180.32,39.0,1380000000.0,877000000.0,6667894784.0,0.55,-2208932708000000000,42,121
Prompt 6,0.8200000000000001,180.32,39.0,1380000000.0,877000000.0,6667894784.0,0.55,-2208932708000000000,43,122
Prompt 6,0.8200000000000001,180.32,39.0,1380000000.0,877000000.0,6667894784.0,0.55,-2208932708000000000,43,123
Prompt 6,0.8200000000000001,180.32,39.0,1380000000.0,877000000.0,6667894784.0,0.55,-2208932708000000000,43,124
Prompt 6,0.8200000000000001,180.32,39.0,1380000000.0,877000000.0,6667894784.0,0.55,-2208932707000000000,43,125
Prompt 6,0.8200000000000001,180.32,39.0,1380000000.0,877000000.0,6667894784.0,0.55,-2208932707000000000,43,126
Prompt 6,0.8200000000000001,180.32,39.0,1380000000.0,877000000.0,6667894784.0,0.55,-2208932707000000000,44,127
Prompt 6,0.8200000000000001,180.32,39.0,1380000000.0,877000000.0,6667894784.0,0.55,-2208932707000000000,44,128
Prompt 6,0.8200000000000001,180.32,39.0,1380000000.0,877000000.0,6667894784.0,0.55,-2208932706000000000,44,129
Prompt 6,0.8200000000000001,180.32,39.0,1380000000.0,877000000.0,6667894784.0,0.55,-2208932706000000000,44,130
Prompt 6,0.8200000000000001,180.32,39.0,1380000000.0,877000000.0,6667894784.0,0.55,-2208932706000000000,45,131
Prompt 6,0.8200000000000001,180.32,39.0,1380000000.0,877000000.0,6667894784.0,0.55,-2208932706000000000,45,132
Prompt 6,0.8200000000000001,180.32,39.0,1380000000.0,877000000.0,6667894784.0,0.55,-2208932706000000000,45,133
Prompt 6,0.8200000000000001,180.32,39.0,1380000000.0,877000000.0,6667894784.0,0.55,-2208932705000000000,45,134
Prompt 6,0.8200000000000001,180.32,39.0,1380000000.0,877000000.0,6667894784.0,0.55,-2208932705000000000,45,135
Prompt 6,0.8200000000000001,180.32,39.0,1380000000.0,877000000.0,6667894784.0,0.55,-2208932705000000000,46,136
Prompt 6,0.8200000000000001,180.32,39.0,1380000000.0,877000000.0,6667894784.0,0.55,-2208932705000000000,46,137
Prompt 6,0.8200000000000001,180.32,39.0,1380000000.0,877000000.0,6667894784.0,0.55,-2208932705000000000,46,138
Prompt 6,0.8200000000000001,180.32,39.0,1380000000.0,877000000.0,6667894784.0,0.55,-2208932704000000000,46,139
Prompt 6,0.8200000000000001,180.32,39.0,1380000000.0,877000000.0,6667894784.0,0.55,-2208932704000000000,46,140
Prompt 6,0.8200000000000001,180.32,39.0,1380000000.0,877000000.0,6667894784.0,0.55,-2208932704000000000,47,141
Prompt 6,0.8200000000000001,180.32,39.0,1380000000.0,877000000.0,6667894784.0,0.55,-2208932704000000000,47,142
Prompt 6,0.8200000000000001,180.32,39.0,1380000000.0,877000000.0,6667894784.0,0.55,-2208932704000000000,47,143
Prompt 6,0.8200000000000001,180.32,39.0,1380000000.0,877000000.0,6667894784.0,0.55,-2208932703000000000,47,144
Prompt 6,0.8200000000000001,180.32,39.0,1380000000.0,877000000.0,6667894784.0,0.55,-2208932703000000000,47,145
Prompt 6,0.8200000000000001,180.32,39.0,1380000000.0,877000000.0,6667894784.0,0.55,-2208932703000000000,48,146
Prompt 6,0.8200000000000001,180.32,39.0,1380000000.0,877000000.0,6667894784.0,0.55,-2208932703000000000,48,147
Prompt 6,0.8200000000000001,180.32,39.0,1380000000.0,877000000.0,6667894784.0,0.55,-2208932702000000000,48,148
Prompt 6,0.8200000000000001,180.32,39.0,1380000000.0,877000000.0,6667894784.0,0.55,-2208932702000000000,48,149
Prompt 6,0.8200000000000001,180.32,39.0,1380000000.0,877000000.0,6667894784.0,0.55,-2208932702000000000,49,150
Prompt 6,0.8200000000000001,180.32,39.0,1380000000.0,877000000.0,6667894784.0,0.55,-2208932702000000000,49,151
Prompt 6,0.8200000000000001,180.32,39.0,1380000000.0,877000000.0,6667894784.0,0.55,-2208932702000000000,49,152
Prompt 6,0.8200000000000001,180.32,39.0,1380000000.0,877000000.0,6667894784.0,0.55,-2208932701000000000,49,153
Prompt 6,0.8200000000000001,180.32,39.0,1380000000.0,877000000.0,6667894784.0,0.55,-2208932701000000000,49,154
Prompt 6,0.8200000000000001,180.32,39.0,1380000000.0,877000000.0,6667894784.0,0.55,-2208932701000000000,50,155
Prompt 6,0.8200000000000001,180.32,39.0,1380000000.0,877000000.0,6667894784.0,0.55,-2208932701000000000,50,156
Prompt 6,0.8200000000000001,180.32,39.0,1380000000.0,877000000.0,6667894784.0,0.55,-2208932701000000000,50,157
Prompt 6,0.8200000000000001,180.32,39.0,1380000000.0,877000000.0,6667894784.0,0.55,-2208932700000000000,50,158
Prompt 6,0.8200000000000001,180.32,39.0,1380000000.0,877000000.0,6667894784.0,0.55,-2208932700000000000,50,159
Prompt 6,0.8200000000000001,180.32,39.0,1380000000.0,877000000.0,6667894784.0,0.55,-2208932700000000000,51,160
Prompt 6,0.8200000000000001,180.32,39.0,1380000000.0,877000000.0,6667894784.0,0.55,-2208932700000000000,51,161
Prompt 6,0.8200000000000001,180.32,39.0,1380000000.0,877000000.0,6667894784.0,0.55,-2208932700000000000,51,162
Prompt 6,0.8200000000000001,180.32,39.0,1380000000.0,877000000.0,6667894784.0,0.55,-2208932699000000000,51,163
Prompt 6,0.8200000000000001,180.32,39.0,1380000000.0,877000000.0,6667894784.0,0.55,-2208932699000000000,51,164
Prompt 6,0.8200000000000001,180.32,39.0,1380000000.0,877000000.0,6667894784.0,0.55,-2208932699000000000,52,165
Prompt 6,0.8200000000000001,180.32,39.0,1380000000.0,877000000.0,6667894784.0,0.55,-2208932699000000000,52,166
Prompt 6,0.8200000000000001,180.32,39.0,1380000000.0,877000000.0,6667894784.0,0.55,-2208932698000000000,52,167
Prompt 6,0.8200000000000001,180.32,39.0,1380000000.0,877000000.0,6667894784.0,0.55,-2208932698000000000,53,168
Prompt 6,0.8200000000000001,180.32,39.0,1380000000.0,877000000.0,6667894784.0,0.55,-2208932698000000000,53,169
Prompt 6,0.8200000000000001,180.32,39.0,1380000000.0,877000000.0,6667894784.0,0.55,-2208932698000000000,53,170
Prompt 6,0.85,199.79,41.0,1380000000.0,877000000.0,6667894784.0,0.55,-2208932697000000000,53,171
Prompt 6,0.85,199.79,41.0,1380000000.0,877000000.0,6667894784.0,0.55,-2208932697000000000,53,172
Prompt 6,0.85,199.79,41.0,1380000000.0,877000000.0,6667894784.0,0.55,-2208932697000000000,54,173
Prompt 6,0.85,199.79,41.0,1380000000.0,877000000.0,6667894784.0,0.55,-2208932697000000000,54,174
Prompt 6,0.85,199.79,41.0,1380000000.0,877000000.0,6667894784.0,0.55,-2208932697000000000,54,175
Prompt 6,0.85,199.79,41.0,1380000000.0,877000000.0,6667894784.0,0.55,-2208932696000000000,54,176
Prompt 6,0.85,199.79,41.0,1380000000.0,877000000.0,6667894784.0,0.55,-2208932696000000000,54,177
Prompt 6,0.85,199.79,41.0,1380000000.0,877000000.0,6667894784.0,0.55,-2208932696000000000,55,178
Prompt 6,0.85,199.79,41.0,1380000000.0,877000000.0,6667894784.0,0.55,-2208932696000000000,55,179
Prompt 6,0.85,199.79,41.0,1380000000.0,877000000.0,6667894784.0,0.55,-2208932696000000000,55,180
Prompt 6,0.85,199.79,41.0,1380000000.0,877000000.0,6667894784.0,0.55,-2208932695000000000,55,181
Prompt 6,0.85,199.79,41.0,1380000000.0,877000000.0,6667894784.0,0.55,-2208932695000000000,55,182
Prompt 6,0.85,199.79,41.0,1380000000.0,877000000.0,6667894784.0,0.55,-2208932695000000000,56,183
Prompt 6,0.85,199.79,41.0,1380000000.0,877000000.0,6667894784.0,0.55,-2208932695000000000,56,184
Prompt 6,0.85,199.79,41.0,1380000000.0,877000000.0,6667894784.0,0.55,-2208932694000000000,56,185
Prompt 6,0.85,199.79,41.0,1380000000.0,877000000.0,6667894784.0,0.55,-2208932694000000000,56,186
Prompt 6,0.85,199.79,41.0,1380000000.0,877000000.0,6667894784.0,0.55,-2208932694000000000,57,187
Prompt 6,0.85,199.79,41.0,1380000000.0,877000000.0,6667894784.0,0.55,-2208932694000000000,57,188
Prompt 6,0.85,199.79,41.0,1380000000.0,877000000.0,6667894784.0,0.55,-2208932694000000000,57,189
Prompt 6,0.85,199.79,41.0,1380000000.0,877000000.0,6667894784.0,0.55,-2208932693000000000,57,190
Prompt 6,0.85,199.79,41.0,1380000000.0,877000000.0,6667894784.0,0.55,-2208932693000000000,57,191
Prompt 6,0.85,199.79,41.0,1380000000.0,877000000.0,6667894784.0,0.55,-2208932693000000000,58,192
Prompt 6,0.85,199.79,41.0,1380000000.0,877000000.0,6667894784.0,0.55,-2208932693000000000,58,193
Prompt 6,0.85,199.79,41.0,1380000000.0,877000000.0,6667894784.0,0.55,-2208932692000000000,58,194
Prompt 6,0.85,199.79,41.0,1380000000.0,877000000.0,6667894784.0,0.55,-2208932692000000000,58,195
Prompt 6,0.85,199.79,41.0,1380000000.0,877000000.0,6667894784.0,0.55,-2208932692000000000,58,196
Prompt 6,0.85,199.79,41.0,1380000000.0,877000000.0,6667894784.0,0.55,-2208932692000000000,59,197
Prompt 6,0.85,199.79,41.0,1380000000.0,877000000.0,6667894784.0,0.55,-2208932692000000000,59,198
Prompt 6,0.85,199.79,41.0,1380000000.0,877000000.0,6667894784.0,0.55,-2208932691000000000,59,199
Prompt 6,0.85,199.79,41.0,1380000000.0,877000000.0,6667894784.0,0.55,-2208932691000000000,59,200
Prompt 6,0.85,199.79,41.0,1380000000.0,877000000.0,6667894784.0,0.55,-2208932691000000000,60,201
Prompt 6,0.85,199.79,41.0,1380000000.0,877000000.0,6667894784.0,0.55,-2208932691000000000,60,202
Prompt 6,0.85,199.79,41.0,1380000000.0,877000000.0,6667894784.0,0.55,-2208932690000000000,60,203
Prompt 6,0.85,199.79,41.0,1380000000.0,877000000.0,6667894784.0,0.55,-2208932690000000000,60,204
Prompt 6,0.85,199.79,41.0,1380000000.0,877000000.0,6667894784.0,0.55,-2208932690000000000,61,205
Prompt 6,0.85,199.79,41.0,1380000000.0,877000000.0,6667894784.0,0.55,-2208932690000000000,61,206
Prompt 6,0.85,199.79,41.0,1380000000.0,877000000.0,6667894784.0,0.55,-2208932689000000000,61,207
Prompt 6,0.85,199.79,41.0,1380000000.0,877000000.0,6667894784.0,0.55,-2208932689000000000,61,208
Prompt 6,0.85,199.79,41.0,1380000000.0,877000000.0,6667894784.0,0.55,-2208932689000000000,62,209
Prompt 6,0.85,199.79,41.0,1380000000.0,877000000.0,6667894784.0,0.55,-2208932689000000000,62,210
Prompt 6,0.85,199.79,41.0,1380000000.0,877000000.0,6667894784.0,0.55,-2208932689000000000,62,211
Prompt 6,0.85,199.79,41.0,1380000000.0,877000000.0,6667894784.0,0.55,-2208932688000000000,62,212
Prompt 6,0.85,199.79,41.0,1380000000.0,877000000.0,6667894784.0,0.55,-2208932688000000000,62,213
Prompt 6,0.85,199.79,41.0,1380000000.0,877000000.0,6667894784.0,0.55,-2208932688000000000,63,214
Prompt 6,0.85,199.79,41.0,1380000000.0,877000000.0,6667894784.0,0.55,-2208932688000000000,63,215
Prompt 6,0.85,199.79,41.0,1380000000.0,877000000.0,6667894784.0,0.55,-2208932687000000000,63,216
Prompt 6,0.85,199.79,41.0,1380000000.0,877000000.0,6667894784.0,0.55,-2208932687000000000,63,217
Prompt 6,0.85,199.79,41.0,1380000000.0,877000000.0,6667894784.0,0.55,-2208932687000000000,63,218
Prompt 6,0.85,199.79,41.0,1380000000.0,877000000.0,6667894784.0,0.55,-2208932687000000000,64,219
Prompt 6,0.85,199.79,41.0,1380000000.0,877000000.0,6667894784.0,0.55,-2208932687000000000,64,220
Prompt 6,0.85,199.79,41.0,1380000000.0,877000000.0,6667894784.0,0.55,-2208932686000000000,64,221
Prompt 6,0.85,199.79,41.0,1380000000.0,877000000.0,6667894784.0,0.55,-2208932686000000000,64,222
Prompt 6,0.85,199.79,41.0,1380000000.0,877000000.0,6667894784.0,0.55,-2208932686000000000,65,223
Prompt 6,0.85,199.79,41.0,1380000000.0,877000000.0,6667894784.0,0.55,-2208932686000000000,65,224
Prompt 6,0.85,199.79,41.0,1380000000.0,877000000.0,6667894784.0,0.55,-2208932686000000000,65,225
Prompt 6,0.85,199.79,41.0,1380000000.0,877000000.0,6667894784.0,0.55,-2208932685000000000,65,226
Prompt 6,0.85,199.79,41.0,1380000000.0,877000000.0,6667894784.0,0.55,-2208932685000000000,65,227
Prompt 6,0.85,199.79,41.0,1380000000.0,877000000.0,6667894784.0,0.55,-2208932685000000000,66,228
Prompt 6,0.85,199.79,41.0,1380000000.0,877000000.0,6667894784.0,0.55,-2208932685000000000,66,229
Prompt 6,0.85,199.79,41.0,1380000000.0,877000000.0,6667894784.0,0.55,-2208932685000000000,66,230
Prompt 6,0.85,199.79,41.0,1380000000.0,877000000.0,6667894784.0,0.55,-2208932684000000000,66,231
Prompt 6,0.85,199.79,41.0,1380000000.0,877000000.0,6667894784.0,0.55,-2208932684000000000,66,232
Prompt 6,0.85,199.79,41.0,1380000000.0,877000000.0,6667894784.0,0.55,-2208932684000000000,67,233
Prompt 6,0.85,199.79,41.0,1380000000.0,877000000.0,6667894784.0,0.55,-2208932684000000000,67,234
Prompt 6,0.85,199.79,41.0,1380000000.0,877000000.0,6667894784.0,0.55,-2208932683000000000,67,235
Prompt 6,0.85,199.79,41.0,1380000000.0,877000000.0,6667894784.0,0.55,-2208932683000000000,67,236
Prompt 6,0.85,199.79,41.0,1380000000.0,877000000.0,6667894784.0,0.55,-2208932683000000000,67,237
Prompt 6,0.85,199.79,41.0,1380000000.0,877000000.0,6667894784.0,0.55,-2208932683000000000,68,238
Prompt 6,0.85,199.79,41.0,1380000000.0,877000000.0,6667894784.0,0.54,-2208932683000000000,68,239
Prompt 6,0.84,191.03,42.0,1380000000.0,877000000.0,6667894784.0,0.54,-2208932682000000000,68,240
Prompt 6,0.84,191.03,42.0,1380000000.0,877000000.0,6667894784.0,0.54,-2208932682000000000,68,241
Prompt 6,0.84,191.03,42.0,1380000000.0,877000000.0,6667894784.0,0.54,-2208932682000000000,69,242
Prompt 6,0.84,191.03,42.0,1380000000.0,877000000.0,6667894784.0,0.54,-2208932682000000000,69,243
Prompt 6,0.84,191.03,42.0,1380000000.0,877000000.0,6667894784.0,0.54,-2208932682000000000,69,244
Prompt 6,0.84,191.03,42.0,1380000000.0,877000000.0,6667894784.0,0.54,-2208932681000000000,69,245
Prompt 6,0.84,191.03,42.0,1380000000.0,877000000.0,6667894784.0,0.54,-2208932681000000000,69,246
Prompt 6,0.84,191.03,42.0,1380000000.0,877000000.0,6667894784.0,0.54,-2208932681000000000,70,247
Prompt 6,0.84,191.03,42.0,1380000000.0,877000000.0,6667894784.0,0.54,-2208932681000000000,70,248
Prompt 6,0.84,191.03,42.0,1380000000.0,877000000.0,6667894784.0,0.54,-2208932681000000000,70,249
Prompt 6,0.84,191.03,42.0,1380000000.0,877000000.0,6667894784.0,0.54,-2208932680000000000,70,250
Prompt 6,0.84,191.03,42.0,1380000000.0,877000000.0,6667894784.0,0.54,-2208932680000000000,70,251
Prompt 6,0.84,191.03,42.0,1380000000.0,877000000.0,6667894784.0,0.54,-2208932680000000000,71,252
Prompt 6,0.84,191.03,42.0,1380000000.0,877000000.0,6667894784.0,0.54,-2208932680000000000,71,253
Prompt 6,0.84,191.03,42.0,1380000000.0,877000000.0,6667894784.0,0.54,-2208932679000000000,71,254
Prompt 6,0.84,191.03,42.0,1380000000.0,877000000.0,6667894784.0,0.54,-2208932679000000000,71,255
Prompt 6,0.84,191.03,42.0,1380000000.0,877000000.0,6667894784.0,0.54,-2208932679000000000,72,256
Prompt 6,0.84,191.03,42.0,1380000000.0,877000000.0,6667894784.0,0.54,-2208932679000000000,72,257
Prompt 6,0.84,191.03,42.0,1380000000.0,877000000.0,6667894784.0,0.54,-2208932679000000000,72,258
Prompt 6,0.84,191.03,42.0,1380000000.0,877000000.0,6667894784.0,0.54,-2208932678000000000,72,259
Prompt 6,0.84,191.03,42.0,1380000000.0,877000000.0,6667894784.0,0.54,-2208932678000000000,72,260
Prompt 6,0.84,191.03,42.0,1380000000.0,877000000.0,6667894784.0,0.54,-2208932678000000000,73,261
Prompt 6,0.84,191.03,42.0,1380000000.0,877000000.0,6667894784.0,0.54,-2208932678000000000,73,262
Prompt 6,0.84,191.03,42.0,1380000000.0,877000000.0,6667894784.0,0.54,-2208932677000000000,73,263
Prompt 6,0.84,191.03,42.0,1380000000.0,877000000.0,6667894784.0,0.54,-2208932677000000000,73,264
Prompt 6,0.84,191.03,42.0,1380000000.0,877000000.0,6667894784.0,0.54,-2208932677000000000,74,265
Prompt 6,0.84,191.03,42.0,1380000000.0,877000000.0,6667894784.0,0.54,-2208932677000000000,74,266
Prompt 6,0.84,191.03,42.0,1380000000.0,877000000.0,6667894784.0,0.54,-2208932677000000000,74,267
Prompt 6,0.84,191.03,42.0,1380000000.0,877000000.0,6667894784.0,0.54,-2208932676000000000,74,268
Prompt 6,0.84,191.03,42.0,1380000000.0,877000000.0,6667894784.0,0.54,-2208932676000000000,74,269
Prompt 6,0.84,191.03,42.0,1380000000.0,877000000.0,6667894784.0,0.54,-2208932676000000000,75,270
Prompt 6,0.84,191.03,42.0,1380000000.0,877000000.0,6667894784.0,0.54,-2208932676000000000,75,271
Prompt 6,0.84,191.03,42.0,1380000000.0,877000000.0,6667894784.0,0.54,-2208932675000000000,75,272
Prompt 6,0.84,191.03,42.0,1380000000.0,877000000.0,6667894784.0,0.54,-2208932675000000000,75,273
Prompt 6,0.84,191.03,42.0,1380000000.0,877000000.0,6667894784.0,0.54,-2208932675000000000,76,274
Prompt 6,0.84,191.03,42.0,1380000000.0,877000000.0,6667894784.0,0.54,-2208932675000000000,76,275
Prompt 6,0.84,191.03,42.0,1380000000.0,877000000.0,6667894784.0,0.54,-2208932674000000000,76,276
Prompt 6,0.84,191.03,42.0,1380000000.0,877000000.0,6667894784.0,0.54,-2208932674000000000,76,277
Prompt 6,0.84,191.03,42.0,1380000000.0,877000000.0,6667894784.0,0.54,-2208932674000000000,77,278
Prompt 6,0.84,191.03,42.0,1380000000.0,877000000.0,6667894784.0,0.54,-2208932674000000000,77,279
Prompt 6,0.84,191.03,42.0,1380000000.0,877000000.0,6667894784.0,0.54,-2208932673000000000,77,280
Prompt 6,0.84,191.03,42.0,1380000000.0,877000000.0,6667894784.0,0.54,-2208932673000000000,78,281
Prompt 6,0.84,191.03,42.0,1380000000.0,877000000.0,6667894784.0,0.54,-2208932673000000000,78,282
Prompt 6,0.84,191.03,42.0,1380000000.0,877000000.0,6667894784.0,0.54,-2208932672000000000,78,283
Prompt 6,0.84,191.03,42.0,1380000000.0,877000000.0,6667894784.0,0.54,-2208932672000000000,78,284
Prompt 6,0.84,191.03,42.0,1380000000.0,877000000.0,6667894784.0,0.54,-2208932672000000000,79,285
Prompt 6,0.84,191.03,42.0,1380000000.0,877000000.0,6667894784.0,0.54,-2208932671000000000,79,286
Prompt 6,0.84,191.03,42.0,1380000000.0,877000000.0,6667894784.0,0.54,-2208932671000000000,80,287
Prompt 6,0.84,191.03,42.0,1380000000.0,877000000.0,6667894784.0,0.54,-2208932671000000000,80,288
Prompt 6,0.84,191.03,42.0,1380000000.0,877000000.0,6667894784.0,0.54,-2208932670000000000,81,289
Prompt 6,0.84,191.03,42.0,1380000000.0,877000000.0,6667894784.0,0.54,-2208932670000000000,81,290
Prompt 6,0.84,191.03,42.0,1380000000.0,877000000.0,6667894784.0,0.54,-2208932669000000000,81,291
Prompt 6,0.84,191.03,42.0,1380000000.0,877000000.0,6667894784.0,0.54,-2208932669000000000,82,292
Prompt 6,0.84,191.03,42.0,1380000000.0,877000000.0,6667894784.0,0.54,-2208932668000000000,82,293
Prompt 6,0.84,191.03,42.0,1380000000.0,877000000.0,6667894784.0,0.54,-2208932668000000000,83,294
Prompt 6,0.84,191.03,44.0,1380000000.0,877000000.0,6667894784.0,0.55,-2208932667000000000,83,295
Prompt 6,0.85,193.0,44.0,1380000000.0,877000000.0,6667894784.0,0.55,-2208932667000000000,84,296
Prompt 6,0.85,193.0,44.0,1380000000.0,877000000.0,6667894784.0,0.55,-2208932666000000000,84,297
Prompt 6,0.85,193.0,44.0,1380000000.0,877000000.0,6667894784.0,0.55,-2208932666000000000,85,298
Prompt 6,0.85,193.0,44.0,1380000000.0,877000000.0,6667894784.0,0.55,-2208932666000000000,85,299
Prompt 6,0.85,193.0,44.0,1380000000.0,877000000.0,6667894784.0,0.55,-2208932666000000000,85,300
Prompt 6,0.85,193.0,44.0,1380000000.0,877000000.0,6667894784.0,0.55,-2208932665000000000,85,301
Prompt 6,0.85,193.0,44.0,1380000000.0,877000000.0,6667894784.0,0.55,-2208932665000000000,85,302
Prompt 6,0.85,193.0,44.0,1380000000.0,877000000.0,6667894784.0,0.55,-2208932665000000000,86,303
Prompt 6,0.85,193.0,44.0,1380000000.0,877000000.0,6667894784.0,0.55,-2208932665000000000,86,304
Prompt 6,0.85,193.0,44.0,1380000000.0,877000000.0,6667894784.0,0.55,-2208932664000000000,86,305
Prompt 6,0.85,193.0,44.0,1380000000.0,877000000.0,6667894784.0,0.55,-2208932664000000000,86,306
Prompt 6,0.85,193.0,44.0,1380000000.0,877000000.0,6667894784.0,0.55,-2208932664000000000,87,307
Prompt 6,0.85,193.0,44.0,1380000000.0,877000000.0,6667894784.0,0.55,-2208932664000000000,87,308
Prompt 6,0.85,193.0,44.0,1380000000.0,877000000.0,6667894784.0,0.55,-2208932663000000000,87,309
Prompt 6,0.85,193.0,44.0,1380000000.0,877000000.0,6667894784.0,0.55,-2208932663000000000,88,310
Prompt 6,0.85,193.0,44.0,1380000000.0,877000000.0,6667894784.0,0.55,-2208932663000000000,88,311
Prompt 6,0.85,193.0,44.0,1380000000.0,877000000.0,6667894784.0,0.55,-2208932663000000000,88,312
Prompt 6,0.85,193.0,44.0,1380000000.0,877000000.0,6667894784.0,0.55,-2208932662000000000,88,313
Prompt 6,0.85,193.0,44.0,1380000000.0,877000000.0,6667894784.0,0.55,-2208932662000000000,88,314
Prompt 6,0.85,193.0,44.0,1380000000.0,877000000.0,6667894784.0,0.55,-2208932662000000000,89,315
Prompt 6,0.85,193.0,44.0,1380000000.0,877000000.0,6667894784.0,0.55,-2208932661000000000,89,316
Prompt 6,0.85,193.0,44.0,1380000000.0,877000000.0,6667894784.0,0.55,-2208932661000000000,90,317
Prompt 6,0.85,193.0,44.0,1380000000.0,877000000.0,6667894784.0,0.55,-2208932661000000000,90,318
Prompt 6,0.85,193.0,44.0,1380000000.0,877000000.0,6667894784.0,0.55,-2208932661000000000,90,319
Prompt 6,0.85,193.0,44.0,1380000000.0,877000000.0,6667894784.0,0.55,-2208932660000000000,90,320
Prompt 6,0.85,193.0,44.0,1380000000.0,877000000.0,6667894784.0,0.55,-2208932660000000000,90,321
Prompt 6,0.85,193.0,44.0,1380000000.0,877000000.0,6667894784.0,0.55,-2208932660000000000,91,322
Prompt 6,0.85,193.0,44.0,1380000000.0,877000000.0,6667894784.0,0.55,-2208932660000000000,91,323
Prompt 6,0.85,193.0,44.0,1380000000.0,877000000.0,6667894784.0,0.55,-2208932659000000000,91,324
Prompt 6,0.85,193.0,44.0,1380000000.0,877000000.0,6667894784.0,0.55,-2208932659000000000,91,325
Prompt 6,0.85,193.0,44.0,1380000000.0,877000000.0,6667894784.0,0.55,-2208932659000000000,92,326
Prompt 6,0.85,193.0,44.0,1380000000.0,877000000.0,6667894784.0,0.55,-2208932659000000000,92,327
Prompt 6,0.85,193.0,44.0,1380000000.0,877000000.0,6667894784.0,0.55,-2208932658000000000,92,328
Prompt 6,0.85,193.0,44.0,1380000000.0,877000000.0,6667894784.0,0.55,-2208932658000000000,92,329
Prompt 6,0.85,193.0,44.0,1380000000.0,877000000.0,6667894784.0,0.55,-2208932658000000000,93,330
Prompt 6,0.85,193.0,44.0,1380000000.0,877000000.0,6667894784.0,0.55,-2208932658000000000,93,331
Prompt 6,0.85,193.0,44.0,1380000000.0,877000000.0,6667894784.0,0.55,-2208932658000000000,93,332
Prompt 6,0.85,193.0,44.0,1380000000.0,877000000.0,6667894784.0,0.55,-2208932657000000000,93,333
Prompt 6,0.85,193.0,44.0,1380000000.0,877000000.0,6667894784.0,0.55,-2208932657000000000,94,334
Prompt 6,0.85,193.0,44.0,1380000000.0,877000000.0,6667894784.0,0.55,-2208932657000000000,94,335
Prompt 6,0.85,193.0,44.0,1380000000.0,877000000.0,6667894784.0,0.55,-2208932657000000000,94,336
Prompt 6,0.85,193.0,44.0,1380000000.0,877000000.0,6667894784.0,0.55,-2208932656000000000,94,337
Prompt 6,0.85,193.0,44.0,1380000000.0,877000000.0,6667894784.0,0.55,-2208932656000000000,94,338
Prompt 6,0.85,193.0,44.0,1380000000.0,877000000.0,6667894784.0,0.55,-2208932656000000000,95,339
Prompt 6,0.85,193.0,44.0,1380000000.0,877000000.0,6667894784.0,0.55,-2208932656000000000,95,340
Prompt 6,0.85,193.0,44.0,1380000000.0,877000000.0,6667894784.0,0.55,-2208932655000000000,95,341
Prompt 6,0.85,193.0,44.0,1380000000.0,877000000.0,6667894784.0,0.55,-2208932655000000000,95,342
Prompt 6,0.85,193.0,44.0,1380000000.0,877000000.0,6667894784.0,0.55,-2208932655000000000,96,343
Prompt 6,0.85,193.0,44.0,1380000000.0,877000000.0,6667894784.0,0.55,-2208932655000000000,96,344
Prompt 6,0.85,193.0,44.0,1380000000.0,877000000.0,6667894784.0,0.55,-2208932654000000000,96,345
Prompt 6,0.85,193.0,44.0,1380000000.0,877000000.0,6667894784.0,0.55,-2208932654000000000,96,346
Prompt 6,0.85,193.0,44.0,1380000000.0,877000000.0,6667894784.0,0.55,-2208932654000000000,97,347
Prompt 6,0.85,193.0,44.0,1380000000.0,877000000.0,6667894784.0,0.55,-2208932654000000000,97,348
Prompt 6,0.85,193.0,44.0,1380000000.0,877000000.0,6667894784.0,0.55,-2208932654000000000,97,349
Prompt 6,0.85,193.0,44.0,1380000000.0,877000000.0,6667894784.0,0.55,-2208932653000000000,97,350
Prompt 6,0.85,193.0,44.0,1380000000.0,877000000.0,6667894784.0,0.55,-2208932653000000000,97,351
Prompt 6,0.85,193.0,44.0,1380000000.0,877000000.0,6667894784.0,0.55,-2208932653000000000,98,352
Prompt 6,0.85,193.0,44.0,1380000000.0,877000000.0,6667894784.0,0.55,-2208932653000000000,98,353
Prompt 6,0.84,179.29,44.0,1380000000.0,877000000.0,6667894784.0,0.55,-2208932652000000000,98,354
Prompt 6,0.84,179.29,44.0,1380000000.0,877000000.0,6667894784.0,0.55,-2208932652000000000,98,355
Prompt 6,0.84,179.29,44.0,1380000000.0,877000000.0,6667894784.0,0.55,-2208932652000000000,99,356
Prompt 6,0.84,179.29,44.0,1380000000.0,877000000.0,6667894784.0,0.55,-2208932652000000000,99,357
Prompt 6,0.84,179.29,44.0,1380000000.0,877000000.0,6667894784.0,0.55,-2208932651000000000,99,358
Prompt 6,0.84,179.29,44.0,1380000000.0,877000000.0,6667894784.0,0.55,-2208932651000000000,99,359
Prompt 6,0.84,179.29,44.0,1380000000.0,877000000.0,6667894784.0,0.55,-2208932651000000000,100,360
Prompt 6,0.84,179.29,44.0,1380000000.0,877000000.0,6667894784.0,0.55,-2208932651000000000,100,361
Prompt 6,0.84,179.29,44.0,1380000000.0,877000000.0,6667894784.0,0.55,-2208932650000000000,100,362
Prompt 6,0.84,179.29,44.0,1380000000.0,877000000.0,6667894784.0,0.55,-2208932650000000000,100,363
Prompt 6,0.84,179.29,44.0,1380000000.0,877000000.0,6667894784.0,0.55,-2208932650000000000,101,364
Prompt 6,0.84,179.29,44.0,1380000000.0,877000000.0,6667894784.0,0.55,-2208932650000000000,101,365
Prompt 6,0.84,179.29,44.0,1380000000.0,877000000.0,6667894784.0,0.55,-2208932649000000000,101,366
Prompt 6,0.84,179.29,44.0,1380000000.0,877000000.0,6667894784.0,0.55,-2208932649000000000,101,367
Prompt 6,0.84,179.29,44.0,1380000000.0,877000000.0,6667894784.0,0.55,-2208932649000000000,102,368
Prompt 6,0.84,179.29,44.0,1380000000.0,877000000.0,6667894784.0,0.55,-2208932649000000000,102,369
Prompt 6,0.84,179.29,44.0,1380000000.0,877000000.0,6667894784.0,0.55,-2208932649000000000,102,370
Prompt 6,0.84,179.29,44.0,1380000000.0,877000000.0,6667894784.0,0.55,-2208932648000000000,102,371
Prompt 6,0.84,179.29,44.0,1380000000.0,877000000.0,6667894784.0,0.55,-2208932648000000000,103,372
Prompt 6,0.84,179.29,44.0,1380000000.0,877000000.0,6667894784.0,0.55,-2208932648000000000,103,373
Prompt 6,0.84,179.29,44.0,1380000000.0,877000000.0,6667894784.0,0.55,-2208932648000000000,103,374
Prompt 6,0.84,179.29,44.0,1380000000.0,877000000.0,6667894784.0,0.55,-2208932647000000000,103,375
Prompt 6,0.84,179.29,44.0,1380000000.0,877000000.0,6667894784.0,0.55,-2208932647000000000,104,376
Prompt 6,0.84,179.29,44.0,1380000000.0,877000000.0,6667894784.0,0.55,-2208932647000000000,104,377
Prompt 6,0.84,179.29,44.0,1380000000.0,877000000.0,6667894784.0,0.55,-2208932647000000000,104,378
Prompt 6,0.84,179.29,44.0,1380000000.0,877000000.0,6667894784.0,0.55,-2208932646000000000,104,379
Prompt 6,0.84,179.29,44.0,1380000000.0,877000000.0,6667894784.0,0.55,-2208932646000000000,104,380
Prompt 6,0.84,179.29,44.0,1380000000.0,877000000.0,6667894784.0,0.55,-2208932646000000000,105,381
Prompt 6,0.84,179.29,44.0,1380000000.0,877000000.0,6667894784.0,0.55,-2208932646000000000,105,382
Prompt 6,0.84,179.29,44.0,1380000000.0,877000000.0,6667894784.0,0.55,-2208932645000000000,105,383
Prompt 6,0.84,179.29,44.0,1380000000.0,877000000.0,6667894784.0,0.55,-2208932645000000000,105,384
Prompt 6,0.84,179.29,44.0,1380000000.0,877000000.0,6667894784.0,0.55,-2208932645000000000,106,385
Prompt 6,0.84,179.29,44.0,1380000000.0,877000000.0,6667894784.0,0.55,-2208932645000000000,106,386
Prompt 6,0.84,179.29,44.0,1380000000.0,877000000.0,6667894784.0,0.55,-2208932644000000000,106,387
Prompt 6,0.84,179.29,44.0,1380000000.0,877000000.0,6667894784.0,0.55,-2208932644000000000,106,388
Prompt 6,0.84,179.29,44.0,1380000000.0,877000000.0,6667894784.0,0.55,-2208932644000000000,107,389
Prompt 6,0.84,179.29,44.0,1380000000.0,877000000.0,6667894784.0,0.55,-2208932644000000000,107,390
Prompt 6,0.84,179.29,44.0,1380000000.0,877000000.0,6667894784.0,0.55,-2208932643000000000,107,391
Prompt 6,0.84,179.29,44.0,1380000000.0,877000000.0,6667894784.0,0.55,-2208932643000000000,107,392
Prompt 6,0.84,179.29,44.0,1380000000.0,877000000.0,6667894784.0,0.55,-2208932643000000000,108,393
Prompt 6,0.84,179.29,44.0,1380000000.0,877000000.0,6667894784.0,0.55,-2208932643000000000,108,394
Prompt 6,0.84,179.29,44.0,1380000000.0,877000000.0,6667894784.0,0.55,-2208932642000000000,108,395
Prompt 6,0.84,179.29,44.0,1380000000.0,877000000.0,6667894784.0,0.55,-2208932642000000000,108,396
Prompt 6,0.84,179.29,44.0,1380000000.0,877000000.0,6667894784.0,0.55,-2208932642000000000,109,397
Prompt 6,0.84,179.29,44.0,1380000000.0,877000000.0,6667894784.0,0.55,-2208932642000000000,109,398
Prompt 6,0.84,179.29,44.0,1380000000.0,877000000.0,6667894784.0,0.55,-2208932641000000000,109,399
Prompt 6,0.84,179.29,44.0,1380000000.0,877000000.0,6667894784.0,0.55,-2208932641000000000,109,400
Prompt 6,0.84,179.29,44.0,1380000000.0,877000000.0,6667894784.0,0.55,-2208932641000000000,110,401
Prompt 6,0.84,179.29,44.0,1380000000.0,877000000.0,6667894784.0,0.55,-2208932641000000000,110,402
Prompt 6,0.84,179.29,44.0,1380000000.0,877000000.0,6667894784.0,0.55,-2208932640000000000,110,403
Prompt 6,0.84,179.29,44.0,1380000000.0,877000000.0,6667894784.0,0.55,-2208932640000000000,110,404
Prompt 6,0.84,179.29,44.0,1380000000.0,877000000.0,6667894784.0,0.55,-2208932640000000000,111,405
Prompt 6,0.84,179.29,44.0,1380000000.0,877000000.0,6667894784.0,0.55,-2208932640000000000,111,406
Prompt 6,0.84,179.29,44.0,1380000000.0,877000000.0,6667894784.0,0.55,-2208932639000000000,111,407
Prompt 6,0.84,179.29,44.0,1380000000.0,877000000.0,6667894784.0,0.55,-2208932639000000000,111,408
Prompt 6,0.84,179.29,44.0,1380000000.0,877000000.0,6667894784.0,0.55,-2208932639000000000,112,409
Prompt 6,0.84,179.29,44.0,1380000000.0,877000000.0,6667894784.0,0.55,-2208932639000000000,112,410
Prompt 6,0.84,179.29,44.0,1380000000.0,877000000.0,6667894784.0,0.55,-2208932638000000000,112,411
Prompt 6,0.84,179.29,44.0,1380000000.0,877000000.0,6667894784.0,0.55,-2208932638000000000,112,412
Prompt 6,0.84,179.29,44.0,1380000000.0,877000000.0,6667894784.0,0.55,-2208932638000000000,113,413
Prompt 6,0.84,179.29,44.0,1380000000.0,877000000.0,6667894784.0,0.55,-2208932638000000000,113,414
Prompt 6,0.84,193.06,44.0,1380000000.0,877000000.0,6667894784.0,0.55,-2208932638000000000,113,415
Prompt 6,0.84,193.06,44.0,1380000000.0,877000000.0,6667894784.0,0.55,-2208932637000000000,113,416
Prompt 6,0.84,193.06,44.0,1380000000.0,877000000.0,6667894784.0,0.55,-2208932637000000000,113,417
Prompt 6,0.84,193.06,44.0,1380000000.0,877000000.0,6667894784.0,0.55,-2208932637000000000,114,418
Prompt 6,0.84,193.06,44.0,1380000000.0,877000000.0,6667894784.0,0.55,-2208932637000000000,114,419
Prompt 6,0.84,193.06,44.0,1380000000.0,877000000.0,6667894784.0,0.55,-2208932636000000000,114,420
Prompt 6,0.84,193.06,44.0,1380000000.0,877000000.0,6667894784.0,0.55,-2208932636000000000,114,421
Prompt 6,0.84,193.06,44.0,1380000000.0,877000000.0,6667894784.0,0.55,-2208932636000000000,115,422
Prompt 6,0.84,193.06,44.0,1380000000.0,877000000.0,6667894784.0,0.55,-2208932636000000000,115,423
Prompt 6,0.84,193.06,44.0,1380000000.0,877000000.0,6667894784.0,0.55,-2208932635000000000,115,424
Prompt 6,0.84,193.06,44.0,1380000000.0,877000000.0,6667894784.0,0.55,-2208932635000000000,115,425
Prompt 6,0.84,193.06,44.0,1380000000.0,877000000.0,6667894784.0,0.55,-2208932635000000000,116,426
Prompt 6,0.84,193.06,44.0,1380000000.0,877000000.0,6667894784.0,0.55,-2208932635000000000,116,427
Prompt 6,0.84,193.06,44.0,1380000000.0,877000000.0,6667894784.0,0.55,-2208932635000000000,116,428
Prompt 6,0.84,193.06,44.0,1380000000.0,877000000.0,6667894784.0,0.55,-2208932634000000000,116,429
Prompt 6,0.84,193.06,44.0,1380000000.0,877000000.0,6667894784.0,0.55,-2208932634000000000,117,430
Prompt 6,0.84,193.06,44.0,1380000000.0,877000000.0,6667894784.0,0.55,-2208932634000000000,117,431
Prompt 6,0.84,193.06,44.0,1380000000.0,877000000.0,6667894784.0,0.55,-2208932634000000000,117,432
Prompt 6,0.84,193.06,44.0,1380000000.0,877000000.0,6667894784.0,0.55,-2208932633000000000,117,433
Prompt 6,0.84,193.06,44.0,1380000000.0,877000000.0,6667894784.0,0.55,-2208932633000000000,117,434
Prompt 6,0.84,193.06,44.0,1380000000.0,877000000.0,6667894784.0,0.55,-2208932633000000000,118,435
Prompt 6,0.84,193.06,44.0,1380000000.0,877000000.0,6667894784.0,0.55,-2208932633000000000,118,436
Prompt 6,0.84,193.06,44.0,1380000000.0,877000000.0,6667894784.0,0.55,-2208932632000000000,118,437
Prompt 6,0.84,193.06,44.0,1380000000.0,877000000.0,6667894784.0,0.55,-2208932632000000000,119,438
Prompt 6,0.84,193.06,44.0,1380000000.0,877000000.0,6667894784.0,0.55,-2208932632000000000,119,439
Prompt 6,0.84,193.06,44.0,1380000000.0,877000000.0,6667894784.0,0.55,-2208932631000000000,119,440
Prompt 6,0.84,193.06,44.0,1380000000.0,877000000.0,6667894784.0,0.55,-2208932631000000000,119,441
Prompt 6,0.84,193.06,44.0,1380000000.0,877000000.0,6667894784.0,0.55,-2208932631000000000,120,442
Prompt 6,0.84,193.06,44.0,1380000000.0,877000000.0,6667894784.0,0.55,-2208932631000000000,120,443
Prompt 6,0.84,193.06,44.0,1380000000.0,877000000.0,6667894784.0,0.55,-2208932631000000000,120,444
Prompt 6,0.84,193.06,44.0,1380000000.0,877000000.0,6667894784.0,0.55,-2208932630000000000,120,445
Prompt 6,0.84,193.06,44.0,1380000000.0,877000000.0,6667894784.0,0.55,-2208932630000000000,120,446
Prompt 6,0.84,193.06,44.0,1380000000.0,877000000.0,6667894784.0,0.55,-2208932630000000000,121,447
Prompt 6,0.84,193.06,44.0,1380000000.0,877000000.0,6667894784.0,0.55,-2208932630000000000,121,448
Prompt 6,0.84,193.06,44.0,1380000000.0,877000000.0,6667894784.0,0.55,-2208932629000000000,121,449
Prompt 6,0.84,193.06,44.0,1380000000.0,877000000.0,6667894784.0,0.55,-2208932629000000000,122,450
Prompt 6,0.84,193.06,44.0,1380000000.0,877000000.0,6667894784.0,0.55,-2208932629000000000,122,451
Prompt 6,0.84,193.06,44.0,1380000000.0,877000000.0,6667894784.0,0.55,-2208932629000000000,122,452
Prompt 6,0.84,193.06,44.0,1380000000.0,877000000.0,6667894784.0,0.55,-2208932628000000000,122,453
Prompt 6,0.84,193.06,44.0,1380000000.0,877000000.0,6667894784.0,0.55,-2208932628000000000,122,454
Prompt 6,0.84,193.06,44.0,1380000000.0,877000000.0,6667894784.0,0.55,-2208932628000000000,123,455
Prompt 6,0.84,193.06,44.0,1380000000.0,877000000.0,6667894784.0,0.55,-2208932628000000000,123,456
Prompt 6,0.84,193.06,44.0,1380000000.0,877000000.0,6667894784.0,0.55,-2208932627000000000,123,457
Prompt 6,0.84,193.06,44.0,1380000000.0,877000000.0,6667894784.0,0.55,-2208932627000000000,123,458
Prompt 6,0.84,193.06,44.0,1380000000.0,877000000.0,6667894784.0,0.55,-2208932627000000000,124,459
Prompt 6,0.84,193.06,44.0,1380000000.0,877000000.0,6667894784.0,0.55,-2208932627000000000,124,460
Prompt 6,0.84,193.06,44.0,1380000000.0,877000000.0,6667894784.0,0.55,-2208932626000000000,124,461
Prompt 6,0.84,193.06,44.0,1380000000.0,877000000.0,6667894784.0,0.55,-2208932626000000000,124,462
Prompt 6,0.84,193.06,44.0,1380000000.0,877000000.0,6667894784.0,0.55,-2208932626000000000,125,463
Prompt 6,0.84,193.06,44.0,1380000000.0,877000000.0,6667894784.0,0.55,-2208932626000000000,125,464
Prompt 6,0.84,193.06,44.0,1380000000.0,877000000.0,6667894784.0,0.55,-2208932625000000000,125,465
Prompt 6,0.84,193.06,44.0,1380000000.0,877000000.0,6667894784.0,0.55,-2208932625000000000,125,466
Prompt 6,0.84,193.06,44.0,1380000000.0,877000000.0,6667894784.0,0.55,-2208932625000000000,126,467
Prompt 6,0.84,193.06,44.0,1380000000.0,877000000.0,6667894784.0,0.55,-2208932625000000000,126,468
Prompt 6,0.84,193.06,44.0,1380000000.0,877000000.0,6667894784.0,0.55,-2208932624000000000,126,469
Prompt 6,0.84,193.06,44.0,1380000000.0,877000000.0,6667894784.0,0.55,-2208932624000000000,126,470
Prompt 6,0.84,193.06,44.0,1380000000.0,877000000.0,6667894784.0,0.55,-2208932624000000000,127,471
Prompt 6,0.84,193.06,44.0,1380000000.0,877000000.0,6667894784.0,0.55,-2208932624000000000,127,472
Prompt 6,0.84,193.06,44.0,1380000000.0,877000000.0,6667894784.0,0.55,-2208932624000000000,127,473
Prompt 6,0.84,193.06,44.0,1380000000.0,877000000.0,6667894784.0,0.55,-2208932623000000000,127,474
Prompt 6,0.84,193.06,44.0,1380000000.0,877000000.0,6667894784.0,0.55,-2208932623000000000,128,475
Prompt 6,0.84,193.06,44.0,1380000000.0,877000000.0,6667894784.0,0.55,-2208932623000000000,128,476
Prompt 6,0.84,193.06,45.0,1380000000.0,877000000.0,6667894784.0,0.55,-2208932623000000000,128,477
Prompt 6,0.85,196.24,45.0,1380000000.0,877000000.0,6667894784.0,0.55,-2208932622000000000,128,478
Prompt 6,0.85,196.24,45.0,1380000000.0,877000000.0,6667894784.0,0.55,-2208932622000000000,128,479
Prompt 6,0.85,196.24,45.0,1380000000.0,877000000.0,6667894784.0,0.55,-2208932622000000000,129,480
Prompt 6,0.85,196.24,45.0,1380000000.0,877000000.0,6667894784.0,0.55,-2208932622000000000,129,481
Prompt 6,0.85,196.24,45.0,1380000000.0,877000000.0,6667894784.0,0.55,-2208932621000000000,129,482
Prompt 6,0.85,196.24,45.0,1380000000.0,877000000.0,6667894784.0,0.55,-2208932621000000000,130,483
Prompt 6,0.85,196.24,45.0,1380000000.0,877000000.0,6667894784.0,0.55,-2208932621000000000,130,484
Prompt 6,0.85,196.24,45.0,1380000000.0,877000000.0,6667894784.0,0.55,-2208932621000000000,130,485
Prompt 6,0.85,196.24,45.0,1380000000.0,877000000.0,6667894784.0,0.55,-2208932620000000000,130,486
Prompt 6,0.85,196.24,45.0,1380000000.0,877000000.0,6667894784.0,0.55,-2208932620000000000,130,487
Prompt 6,0.85,196.24,45.0,1380000000.0,877000000.0,6667894784.0,0.55,-2208932620000000000,131,488
Prompt 6,0.85,196.24,45.0,1380000000.0,877000000.0,6667894784.0,0.55,-2208932620000000000,131,489
Prompt 6,0.85,196.24,45.0,1380000000.0,877000000.0,6667894784.0,0.55,-2208932620000000000,131,490
Prompt 6,0.85,196.24,45.0,1380000000.0,877000000.0,6667894784.0,0.55,-2208932619000000000,131,491
Prompt 6,0.85,196.24,45.0,1380000000.0,877000000.0,6667894784.0,0.55,-2208932619000000000,131,492
Prompt 6,0.85,196.24,45.0,1380000000.0,877000000.0,6667894784.0,0.55,-2208932619000000000,132,493
Prompt 6,0.85,196.24,45.0,1380000000.0,877000000.0,6667894784.0,0.55,-2208932619000000000,132,494
Prompt 6,0.85,196.24,45.0,1380000000.0,877000000.0,6667894784.0,0.55,-2208932618000000000,132,495
Prompt 6,0.85,196.24,45.0,1380000000.0,877000000.0,6667894784.0,0.55,-2208932618000000000,132,496
Prompt 6,0.85,196.24,45.0,1380000000.0,877000000.0,6667894784.0,0.55,-2208932618000000000,133,497
Prompt 6,0.85,196.24,45.0,1380000000.0,877000000.0,6667894784.0,0.55,-2208932618000000000,133,498
Prompt 6,0.85,196.24,45.0,1380000000.0,877000000.0,6667894784.0,0.55,-2208932617000000000,133,499
Prompt 6,0.85,196.24,45.0,1380000000.0,877000000.0,6667894784.0,0.55,-2208932617000000000,133,500
Prompt 6,0.85,196.24,45.0,1380000000.0,877000000.0,6667894784.0,0.55,-2208932617000000000,134,501
Prompt 6,0.85,196.24,45.0,1380000000.0,877000000.0,6667894784.0,0.55,-2208932617000000000,134,502
Prompt 6,0.85,196.24,45.0,1380000000.0,877000000.0,6667894784.0,0.55,-2208932616000000000,134,503
Prompt 6,0.85,196.24,45.0,1380000000.0,877000000.0,6667894784.0,0.55,-2208932616000000000,134,504
Prompt 6,0.85,196.24,45.0,1380000000.0,877000000.0,6667894784.0,0.55,-2208932616000000000,135,505
Prompt 6,0.85,196.24,45.0,1380000000.0,877000000.0,6667894784.0,0.55,-2208932616000000000,135,506
Prompt 6,0.85,196.24,45.0,1380000000.0,877000000.0,6667894784.0,0.55,-2208932616000000000,135,507
Prompt 6,0.85,196.24,45.0,1380000000.0,877000000.0,6667894784.0,0.55,-2208932615000000000,135,508
Prompt 6,0.85,196.24,45.0,1380000000.0,877000000.0,6667894784.0,0.55,-2208932615000000000,135,509
Prompt 6,0.85,196.24,45.0,1380000000.0,877000000.0,6667894784.0,0.55,-2208932615000000000,136,510
Prompt 6,0.85,196.24,45.0,1380000000.0,877000000.0,6667894784.0,0.55,-2208932615000000000,136,511
Prompt 6,0.85,196.24,45.0,1380000000.0,877000000.0,6667894784.0,0.55,-2208932614000000000,136,512
Prompt 6,0.85,196.24,45.0,1380000000.0,877000000.0,6667894784.0,0.55,-2208932614000000000,136,513
Prompt 6,0.85,196.24,45.0,1380000000.0,877000000.0,6667894784.0,0.55,-2208932614000000000,137,514
Prompt 6,0.85,196.24,45.0,1380000000.0,877000000.0,6667894784.0,0.55,-2208932613000000000,137,515
Prompt 6,0.85,196.24,45.0,1380000000.0,877000000.0,6667894784.0,0.55,-2208932613000000000,137,516
Prompt 6,0.85,196.24,45.0,1380000000.0,877000000.0,6667894784.0,0.55,-2208932613000000000,138,517
Prompt 6,0.85,196.24,45.0,1380000000.0,877000000.0,6667894784.0,0.55,-2208932613000000000,138,518
Prompt 6,0.85,196.24,45.0,1380000000.0,877000000.0,6667894784.0,0.55,-2208932612000000000,138,519
Prompt 6,0.85,196.24,45.0,1380000000.0,877000000.0,6667894784.0,0.55,-2208932612000000000,138,520
,,,,,,,,-2208932612000000000,,
Prompt 7,0.85,196.24,45.0,1380000000.0,877000000.0,6667894784.0,0.55,-2208932612000000000,139,1
Prompt 7,0.85,196.24,45.0,1380000000.0,877000000.0,6667894784.0,0.55,-2208932612000000000,139,2
Prompt 7,0.85,196.24,45.0,1380000000.0,877000000.0,6667894784.0,0.55,-2208932611000000000,139,3
Prompt 7,0.85,196.24,45.0,1380000000.0,877000000.0,6667894784.0,0.55,-2208932611000000000,139,4
Prompt 7,0.85,196.24,45.0,1380000000.0,877000000.0,6667894784.0,0.55,-2208932611000000000,140,5
Prompt 7,0.85,196.24,45.0,1380000000.0,877000000.0,6667894784.0,0.55,-2208932611000000000,140,6
Prompt 7,0.85,196.24,45.0,1380000000.0,877000000.0,6667894784.0,0.55,-2208932610000000000,140,7
Prompt 7,0.85,196.24,45.0,1380000000.0,877000000.0,6667894784.0,0.55,-2208932610000000000,140,8
Prompt 7,0.85,196.24,45.0,1380000000.0,877000000.0,6667894784.0,0.55,-2208932610000000000,141,9
Prompt 7,0.85,196.24,45.0,1380000000.0,877000000.0,6667894784.0,0.55,-2208932610000000000,141,10
Prompt 7,0.85,196.24,45.0,1380000000.0,877000000.0,6667894784.0,0.55,-2208932609000000000,141,11
Prompt 7,0.85,196.24,45.0,1380000000.0,877000000.0,6667894784.0,0.55,-2208932609000000000,141,12
Prompt 7,0.85,196.24,45.0,1380000000.0,877000000.0,6667894784.0,0.55,-2208932609000000000,142,13
Prompt 7,0.85,196.24,45.0,1380000000.0,877000000.0,6667894784.0,0.55,-2208932609000000000,142,14
Prompt 7,0.85,196.24,45.0,1380000000.0,877000000.0,6667894784.0,0.55,-2208932609000000000,142,15
Prompt 7,0.85,196.24,45.0,1380000000.0,877000000.0,6667894784.0,0.55,-2208932608000000000,142,16
Prompt 7,0.85,196.24,45.0,1380000000.0,877000000.0,6667894784.0,0.55,-2208932608000000000,142,17
Prompt 7,0.85,196.24,45.0,1380000000.0,877000000.0,6667894784.0,0.55,-2208932608000000000,143,18
Prompt 7,0.85,196.24,45.0,1380000000.0,877000000.0,6667894784.0,0.55,-2208932608000000000,143,19
Prompt 7,0.8200000000000001,192.09,45.0,1380000000.0,877000000.0,6667894784.0,0.55,-2208932607000000000,143,20
Prompt 7,0.8200000000000001,192.09,45.0,1380000000.0,877000000.0,6667894784.0,0.55,-2208932607000000000,143,21
Prompt 7,0.8200000000000001,192.09,45.0,1380000000.0,877000000.0,6667894784.0,0.55,-2208932607000000000,144,22
Prompt 7,0.8200000000000001,192.09,45.0,1380000000.0,877000000.0,6667894784.0,0.55,-2208932607000000000,144,23
Prompt 7,0.8200000000000001,192.09,45.0,1380000000.0,877000000.0,6667894784.0,0.55,-2208932607000000000,144,24
Prompt 7,0.8200000000000001,192.09,45.0,1380000000.0,877000000.0,6667894784.0,0.55,-2208932606000000000,144,25
Prompt 7,0.8200000000000001,192.09,45.0,1380000000.0,877000000.0,6667894784.0,0.55,-2208932606000000000,144,26
Prompt 7,0.8200000000000001,192.09,45.0,1380000000.0,877000000.0,6667894784.0,0.55,-2208932606000000000,145,27
Prompt 7,0.8200000000000001,192.09,45.0,1380000000.0,877000000.0,6667894784.0,0.55,-2208932606000000000,145,28
Prompt 7,0.8200000000000001,192.09,45.0,1380000000.0,877000000.0,6667894784.0,0.55,-2208932606000000000,145,29
Prompt 7,0.8200000000000001,192.09,45.0,1380000000.0,877000000.0,6667894784.0,0.55,-2208932605000000000,145,30
Prompt 7,0.8200000000000001,192.09,45.0,1380000000.0,877000000.0,6667894784.0,0.55,-2208932605000000000,145,31
Prompt 7,0.8200000000000001,192.09,45.0,1380000000.0,877000000.0,6667894784.0,0.55,-2208932605000000000,146,32
Prompt 7,0.8200000000000001,192.09,45.0,1380000000.0,877000000.0,6667894784.0,0.55,-2208932605000000000,146,33
Prompt 7,0.8200000000000001,192.09,45.0,1380000000.0,877000000.0,6667894784.0,0.55,-2208932604000000000,146,34
Prompt 7,0.8200000000000001,192.09,45.0,1380000000.0,877000000.0,6667894784.0,0.55,-2208932604000000000,146,35
Prompt 7,0.8200000000000001,192.09,45.0,1380000000.0,877000000.0,6667894784.0,0.55,-2208932604000000000,146,36
Prompt 7,0.8200000000000001,192.09,45.0,1380000000.0,877000000.0,6667894784.0,0.55,-2208932604000000000,147,37
Prompt 7,0.8200000000000001,192.09,45.0,1380000000.0,877000000.0,6667894784.0,0.55,-2208932604000000000,147,38
Prompt 7,0.8200000000000001,192.09,45.0,1380000000.0,877000000.0,6667894784.0,0.55,-2208932603000000000,147,39
Prompt 7,0.8200000000000001,192.09,45.0,1380000000.0,877000000.0,6667894784.0,0.55,-2208932603000000000,147,40
Prompt 7,0.8200000000000001,192.09,45.0,1380000000.0,877000000.0,6667894784.0,0.55,-2208932603000000000,148,41
Prompt 7,0.8200000000000001,192.09,45.0,1380000000.0,877000000.0,6667894784.0,0.55,-2208932603000000000,148,42
Prompt 7,0.8200000000000001,192.09,45.0,1380000000.0,877000000.0,6667894784.0,0.55,-2208932603000000000,148,43
Prompt 7,0.8200000000000001,192.09,45.0,1380000000.0,877000000.0,6667894784.0,0.55,-2208932602000000000,148,44
Prompt 7,0.8200000000000001,192.09,45.0,1380000000.0,877000000.0,6667894784.0,0.55,-2208932602000000000,148,45
Prompt 7,0.8200000000000001,192.09,45.0,1380000000.0,877000000.0,6667894784.0,0.55,-2208932602000000000,149,46
Prompt 7,0.8200000000000001,192.09,45.0,1380000000.0,877000000.0,6667894784.0,0.55,-2208932602000000000,149,47
Prompt 7,0.8200000000000001,192.09,45.0,1380000000.0,877000000.0,6667894784.0,0.55,-2208932602000000000,149,48
Prompt 7,0.8200000000000001,192.09,45.0,1380000000.0,877000000.0,6667894784.0,0.55,-2208932601000000000,149,49
Prompt 7,0.8200000000000001,192.09,45.0,1380000000.0,877000000.0,6667894784.0,0.55,-2208932601000000000,149,50
Prompt 7,0.8200000000000001,192.09,45.0,1380000000.0,877000000.0,6667894784.0,0.55,-2208932601000000000,150,51
Prompt 7,0.8200000000000001,192.09,45.0,1380000000.0,877000000.0,6667894784.0,0.55,-2208932601000000000,150,52
Prompt 7,0.8200000000000001,192.09,45.0,1380000000.0,877000000.0,6667894784.0,0.55,-2208932600000000000,150,53
Prompt 7,0.8200000000000001,192.09,45.0,1380000000.0,877000000.0,6667894784.0,0.55,-2208932600000000000,150,54
Prompt 7,0.8200000000000001,192.09,45.0,1380000000.0,877000000.0,6667894784.0,0.55,-2208932600000000000,151,55
Prompt 7,0.8200000000000001,192.09,45.0,1380000000.0,877000000.0,6667894784.0,0.55,-2208932600000000000,151,56
Prompt 7,0.8200000000000001,192.09,45.0,1380000000.0,877000000.0,6667894784.0,0.55,-2208932599000000000,151,57
Prompt 7,0.8200000000000001,192.09,45.0,1380000000.0,877000000.0,6667894784.0,0.55,-2208932599000000000,151,58
Prompt 7,0.8200000000000001,192.09,45.0,1380000000.0,877000000.0,6667894784.0,0.55,-2208932599000000000,152,59
Prompt 7,0.8200000000000001,192.09,45.0,1380000000.0,877000000.0,6667894784.0,0.55,-2208932599000000000,152,60
Prompt 7,0.8200000000000001,192.09,45.0,1380000000.0,877000000.0,6667894784.0,0.55,-2208932599000000000,152,61
Prompt 7,0.8200000000000001,192.09,45.0,1380000000.0,877000000.0,6667894784.0,0.55,-2208932598000000000,152,62
Prompt 7,0.8200000000000001,192.09,45.0,1380000000.0,877000000.0,6667894784.0,0.55,-2208932598000000000,152,63
Prompt 7,0.8200000000000001,192.09,45.0,1380000000.0,877000000.0,6667894784.0,0.55,-2208932598000000000,153,64
Prompt 7,0.8200000000000001,192.09,45.0,1380000000.0,877000000.0,6667894784.0,0.55,-2208932598000000000,153,65
Prompt 7,0.8200000000000001,192.09,45.0,1380000000.0,877000000.0,6667894784.0,0.55,-2208932597000000000,153,66
Prompt 7,0.8200000000000001,192.09,45.0,1380000000.0,877000000.0,6667894784.0,0.55,-2208932597000000000,153,67
Prompt 7,0.8200000000000001,192.09,45.0,1380000000.0,877000000.0,6667894784.0,0.55,-2208932597000000000,154,68
Prompt 7,0.8200000000000001,192.09,45.0,1380000000.0,877000000.0,6667894784.0,0.55,-2208932597000000000,154,69
Prompt 7,0.8200000000000001,192.09,45.0,1380000000.0,877000000.0,6667894784.0,0.55,-2208932597000000000,154,70
Prompt 7,0.8200000000000001,192.09,45.0,1380000000.0,877000000.0,6667894784.0,0.55,-2208932596000000000,154,71
Prompt 7,0.8200000000000001,192.09,45.0,1380000000.0,877000000.0,6667894784.0,0.55,-2208932596000000000,154,72
Prompt 7,0.8200000000000001,192.09,45.0,1380000000.0,877000000.0,6667894784.0,0.55,-2208932596000000000,155,73
Prompt 7,0.8200000000000001,192.09,45.0,1380000000.0,877000000.0,6667894784.0,0.55,-2208932596000000000,155,74
Prompt 7,0.8200000000000001,192.09,45.0,1380000000.0,877000000.0,6667894784.0,0.55,-2208932595000000000,155,75
Prompt 7,0.8200000000000001,192.09,45.0,1380000000.0,877000000.0,6667894784.0,0.55,-2208932595000000000,155,76
Prompt 7,0.8200000000000001,192.09,45.0,1380000000.0,877000000.0,6667894784.0,0.55,-2208932595000000000,156,77
Prompt 7,0.8200000000000001,192.09,45.0,1380000000.0,877000000.0,6667894784.0,0.55,-2208932595000000000,156,78
Prompt 7,0.8200000000000001,192.09,45.0,1380000000.0,877000000.0,6667894784.0,0.55,-2208932595000000000,156,79
Prompt 7,0.8200000000000001,192.09,45.0,1380000000.0,877000000.0,6667894784.0,0.55,-2208932594000000000,156,80
Prompt 7,0.8200000000000001,192.09,45.0,1380000000.0,877000000.0,6667894784.0,0.55,-2208932594000000000,156,81
Prompt 7,0.8200000000000001,192.09,45.0,1380000000.0,877000000.0,6667894784.0,0.55,-2208932594000000000,157,82
Prompt 7,0.8200000000000001,192.09,45.0,1380000000.0,877000000.0,6667894784.0,0.55,-2208932594000000000,157,83
Prompt 7,0.8200000000000001,192.09,45.0,1380000000.0,877000000.0,6667894784.0,0.55,-2208932593000000000,157,84
Prompt 7,0.8200000000000001,192.09,45.0,1380000000.0,877000000.0,6667894784.0,0.55,-2208932593000000000,157,85
Prompt 7,0.8200000000000001,192.09,45.0,1380000000.0,877000000.0,6667894784.0,0.55,-2208932593000000000,158,86
Prompt 7,0.8200000000000001,192.09,45.0,1380000000.0,877000000.0,6667894784.0,0.55,-2208932593000000000,158,87
Prompt 7,0.8300000000000001,190.19,45.0,1380000000.0,877000000.0,6667894784.0,0.55,-2208932592000000000,158,88
Prompt 7,0.8300000000000001,190.19,45.0,1380000000.0,877000000.0,6667894784.0,0.55,-2208932592000000000,158,89
Prompt 7,0.8300000000000001,190.19,45.0,1380000000.0,877000000.0,6667894784.0,0.55,-2208932592000000000,159,90
Prompt 7,0.8300000000000001,190.19,45.0,1380000000.0,877000000.0,6667894784.0,0.55,-2208932592000000000,159,91
Prompt 7,0.8300000000000001,190.19,45.0,1380000000.0,877000000.0,6667894784.0,0.55,-2208932591000000000,159,92
Prompt 7,0.8300000000000001,190.19,45.0,1380000000.0,877000000.0,6667894784.0,0.55,-2208932591000000000,159,93
Prompt 7,0.8300000000000001,190.19,45.0,1380000000.0,877000000.0,6667894784.0,0.55,-2208932591000000000,160,94
Prompt 7,0.8300000000000001,190.19,45.0,1380000000.0,877000000.0,6667894784.0,0.55,-2208932591000000000,160,95
Prompt 7,0.8300000000000001,190.19,45.0,1380000000.0,877000000.0,6667894784.0,0.55,-2208932590000000000,160,96
Prompt 7,0.8300000000000001,190.19,45.0,1380000000.0,877000000.0,6667894784.0,0.55,-2208932590000000000,160,97
Prompt 7,0.8300000000000001,190.19,45.0,1380000000.0,877000000.0,6667894784.0,0.55,-2208932590000000000,161,98
Prompt 7,0.8300000000000001,190.19,45.0,1380000000.0,877000000.0,6667894784.0,0.55,-2208932590000000000,161,99
Prompt 7,0.8300000000000001,190.19,45.0,1380000000.0,877000000.0,6667894784.0,0.55,-2208932590000000000,161,100
Prompt 7,0.8300000000000001,190.19,45.0,1380000000.0,877000000.0,6667894784.0,0.55,-2208932589000000000,161,101
Prompt 7,0.8300000000000001,190.19,45.0,1380000000.0,877000000.0,6667894784.0,0.55,-2208932589000000000,161,102
Prompt 7,0.8300000000000001,190.19,45.0,1380000000.0,877000000.0,6667894784.0,0.55,-2208932589000000000,162,103
Prompt 7,0.8300000000000001,190.19,45.0,1380000000.0,877000000.0,6667894784.0,0.55,-2208932589000000000,162,104
Prompt 7,0.8300000000000001,190.19,45.0,1380000000.0,877000000.0,6667894784.0,0.55,-2208932588000000000,162,105
Prompt 7,0.8300000000000001,190.19,45.0,1380000000.0,877000000.0,6667894784.0,0.55,-2208932588000000000,163,106
Prompt 7,0.8300000000000001,190.19,45.0,1380000000.0,877000000.0,6667894784.0,0.55,-2208932588000000000,163,107
Prompt 7,0.8300000000000001,190.19,45.0,1380000000.0,877000000.0,6667894784.0,0.55,-2208932588000000000,163,108
Prompt 7,0.8300000000000001,190.19,45.0,1380000000.0,877000000.0,6667894784.0,0.55,-2208932587000000000,163,109
Prompt 7,0.8300000000000001,190.19,45.0,1380000000.0,877000000.0,6667894784.0,0.55,-2208932587000000000,163,110
Prompt 7,0.8300000000000001,190.19,45.0,1380000000.0,877000000.0,6667894784.0,0.55,-2208932587000000000,164,111
Prompt 7,0.8300000000000001,190.19,45.0,1380000000.0,877000000.0,6667894784.0,0.55,-2208932587000000000,164,112
Prompt 7,0.8300000000000001,190.19,45.0,1380000000.0,877000000.0,6667894784.0,0.55,-2208932586000000000,164,113
Prompt 7,0.8300000000000001,190.19,45.0,1380000000.0,877000000.0,6667894784.0,0.55,-2208932586000000000,164,114
Prompt 7,0.8300000000000001,190.19,45.0,1380000000.0,877000000.0,6667894784.0,0.55,-2208932586000000000,165,115
Prompt 7,0.8300000000000001,190.19,45.0,1380000000.0,877000000.0,6667894784.0,0.55,-2208932586000000000,165,116
Prompt 7,0.8300000000000001,190.19,45.0,1380000000.0,877000000.0,6667894784.0,0.55,-2208932585000000000,165,117
Prompt 7,0.8300000000000001,190.19,45.0,1380000000.0,877000000.0,6667894784.0,0.55,-2208932585000000000,165,118
Prompt 7,0.8300000000000001,190.19,45.0,1380000000.0,877000000.0,6667894784.0,0.55,-2208932585000000000,166,119
Prompt 7,0.8300000000000001,190.19,45.0,1380000000.0,877000000.0,6667894784.0,0.55,-2208932585000000000,166,120
Prompt 7,0.8300000000000001,190.19,45.0,1380000000.0,877000000.0,6667894784.0,0.55,-2208932584000000000,166,121
Prompt 7,0.8300000000000001,190.19,45.0,1380000000.0,877000000.0,6667894784.0,0.55,-2208932584000000000,166,122
,,,,,,,,-2208932584000000000,,
Prompt 8,0.8300000000000001,190.19,45.0,1380000000.0,877000000.0,6667894784.0,0.55,-2208932584000000000,167,1
Prompt 8,0.8300000000000001,190.19,45.0,1380000000.0,877000000.0,6667894784.0,0.55,-2208932584000000000,167,2
Prompt 8,0.8300000000000001,190.19,45.0,1380000000.0,877000000.0,6667894784.0,0.55,-2208932583000000000,167,3
Prompt 8,0.8300000000000001,190.19,45.0,1380000000.0,877000000.0,6667894784.0,0.55,-2208932583000000000,167,4
Prompt 8,0.8300000000000001,190.19,45.0,1380000000.0,877000000.0,6667894784.0,0.55,-2208932583000000000,168,5
Prompt 8,0.8300000000000001,190.19,45.0,1380000000.0,877000000.0,6667894784.0,0.55,-2208932583000000000,168,6
Prompt 8,0.8300000000000001,190.19,45.0,1380000000.0,877000000.0,6667894784.0,0.55,-2208932582000000000,168,7
Prompt 8,0.8300000000000001,190.19,45.0,1380000000.0,877000000.0,6667894784.0,0.55,-2208932582000000000,168,8
Prompt 8,0.8300000000000001,190.19,45.0,1380000000.0,877000000.0,6667894784.0,0.55,-2208932582000000000,169,9
Prompt 8,0.8300000000000001,190.19,45.0,1380000000.0,877000000.0,6667894784.0,0.55,-2208932582000000000,169,10
Prompt 8,0.8300000000000001,190.19,45.0,1380000000.0,877000000.0,6667894784.0,0.55,-2208932582000000000,169,11
Prompt 8,0.8300000000000001,190.19,45.0,1380000000.0,877000000.0,6667894784.0,0.55,-2208932581000000000,169,12
Prompt 8,0.8300000000000001,190.19,45.0,1380000000.0,877000000.0,6667894784.0,0.55,-2208932581000000000,170,13
Prompt 8,0.8300000000000001,190.19,45.0,1380000000.0,877000000.0,6667894784.0,0.55,-2208932581000000000,170,14
Prompt 8,0.8300000000000001,190.19,45.0,1380000000.0,877000000.0,6667894784.0,0.55,-2208932581000000000,170,15
Prompt 8,0.8300000000000001,190.19,45.0,1380000000.0,877000000.0,6667894784.0,0.55,-2208932580000000000,170,16
Prompt 8,0.8300000000000001,190.19,45.0,1380000000.0,877000000.0,6667894784.0,0.55,-2208932580000000000,170,17
Prompt 8,0.8300000000000001,190.19,45.0,1380000000.0,877000000.0,6667894784.0,0.55,-2208932580000000000,171,18
Prompt 8,0.8300000000000001,190.19,45.0,1380000000.0,877000000.0,6667894784.0,0.55,-2208932580000000000,171,19
Prompt 8,0.8300000000000001,190.19,45.0,1380000000.0,877000000.0,6667894784.0,0.55,-2208932579000000000,171,20
Prompt 8,0.8300000000000001,190.19,45.0,1380000000.0,877000000.0,6667894784.0,0.55,-2208932579000000000,171,21
Prompt 8,0.8300000000000001,190.19,45.0,1380000000.0,877000000.0,6667894784.0,0.55,-2208932579000000000,172,22
Prompt 8,0.8300000000000001,190.19,45.0,1380000000.0,877000000.0,6667894784.0,0.55,-2208932579000000000,172,23
Prompt 8,0.8300000000000001,190.19,45.0,1380000000.0,877000000.0,6667894784.0,0.55,-2208932578000000000,172,24
Prompt 8,0.8300000000000001,190.19,45.0,1380000000.0,877000000.0,6667894784.0,0.55,-2208932578000000000,172,25
Prompt 8,0.8300000000000001,190.19,45.0,1380000000.0,877000000.0,6667894784.0,0.55,-2208932578000000000,173,26
Prompt 8,0.8300000000000001,190.19,45.0,1380000000.0,877000000.0,6667894784.0,0.5700000000000001,-2208932578000000000,173,27
Prompt 8,0.8200000000000001,191.57,45.0,1380000000.0,877000000.0,6667894784.0,0.5700000000000001,-2208932577000000000,173,28
Prompt 8,0.8200000000000001,191.57,45.0,1380000000.0,877000000.0,6667894784.0,0.5700000000000001,-2208932577000000000,173,29
Prompt 8,0.8200000000000001,191.57,45.0,1380000000.0,877000000.0,6667894784.0,0.5700000000000001,-2208932577000000000,174,30
Prompt 8,0.8200000000000001,191.57,45.0,1380000000.0,877000000.0,6667894784.0,0.5700000000000001,-2208932577000000000,174,31
Prompt 8,0.8200000000000001,191.57,45.0,1380000000.0,877000000.0,6667894784.0,0.5700000000000001,-2208932576000000000,174,32
Prompt 8,0.8200000000000001,191.57,45.0,1380000000.0,877000000.0,6667894784.0,0.5700000000000001,-2208932576000000000,174,33
Prompt 8,0.8200000000000001,191.57,45.0,1380000000.0,877000000.0,6667894784.0,0.5700000000000001,-2208932576000000000,175,34
,,,,,,,,-2208932576000000000,,
Prompt 9,0.8200000000000001,191.57,45.0,1380000000.0,877000000.0,6667894784.0,0.5700000000000001,-2208932576000000000,175,1
Prompt 9,0.8200000000000001,191.57,45.0,1380000000.0,877000000.0,6667894784.0,0.5700000000000001,-2208932576000000000,175,2
Prompt 9,0.8200000000000001,191.57,45.0,1380000000.0,877000000.0,6667894784.0,0.5700000000000001,-2208932575000000000,175,3
Prompt 9,0.8200000000000001,191.57,45.0,1380000000.0,877000000.0,6667894784.0,0.5700000000000001,-2208932575000000000,175,4
Prompt 9,0.8200000000000001,191.57,45.0,1380000000.0,877000000.0,6667894784.0,0.5700000000000001,-2208932575000000000,176,5
Prompt 9,0.8200000000000001,191.57,45.0,1380000000.0,877000000.0,6667894784.0,0.5700000000000001,-2208932575000000000,176,6
Prompt 9,0.8200000000000001,191.57,45.0,1380000000.0,877000000.0,6667894784.0,0.5700000000000001,-2208932574000000000,176,7
Prompt 9,0.8200000000000001,191.57,45.0,1380000000.0,877000000.0,6667894784.0,0.5700000000000001,-2208932574000000000,176,8
Prompt 9,0.8200000000000001,191.57,45.0,1380000000.0,877000000.0,6667894784.0,0.5700000000000001,-2208932574000000000,177,9
Prompt 9,0.8200000000000001,191.57,45.0,1380000000.0,877000000.0,6667894784.0,0.5700000000000001,-2208932574000000000,177,10
Prompt 9,0.8200000000000001,191.57,45.0,1380000000.0,877000000.0,6667894784.0,0.5700000000000001,-2208932573000000000,177,11
Prompt 9,0.8200000000000001,191.57,45.0,1380000000.0,877000000.0,6667894784.0,0.5700000000000001,-2208932573000000000,177,12
Prompt 9,0.8200000000000001,191.57,45.0,1380000000.0,877000000.0,6667894784.0,0.5700000000000001,-2208932573000000000,178,13
Prompt 9,0.8200000000000001,191.57,45.0,1380000000.0,877000000.0,6667894784.0,0.5700000000000001,-2208932573000000000,178,14
Prompt 9,0.8200000000000001,191.57,45.0,1380000000.0,877000000.0,6667894784.0,0.5700000000000001,-2208932573000000000,178,15
Prompt 9,0.8200000000000001,191.57,45.0,1380000000.0,877000000.0,6667894784.0,0.5700000000000001,-2208932572000000000,178,16
Prompt 9,0.8200000000000001,191.57,45.0,1380000000.0,877000000.0,6667894784.0,0.5700000000000001,-2208932572000000000,179,17
Prompt 9,0.8200000000000001,191.57,45.0,1380000000.0,877000000.0,6667894784.0,0.5700000000000001,-2208932572000000000,179,18
Prompt 9,0.8200000000000001,191.57,45.0,1380000000.0,877000000.0,6667894784.0,0.5700000000000001,-2208932572000000000,179,19
Prompt 9,0.8200000000000001,191.57,45.0,1380000000.0,877000000.0,6667894784.0,0.5700000000000001,-2208932571000000000,179,20
Prompt 9,0.8200000000000001,191.57,45.0,1380000000.0,877000000.0,6667894784.0,0.5700000000000001,-2208932571000000000,179,21
Prompt 9,0.8200000000000001,191.57,45.0,1380000000.0,877000000.0,6667894784.0,0.5700000000000001,-2208932571000000000,180,22
Prompt 9,0.8200000000000001,191.57,45.0,1380000000.0,877000000.0,6667894784.0,0.5700000000000001,-2208932571000000000,180,23
Prompt 9,0.8200000000000001,191.57,45.0,1380000000.0,877000000.0,6667894784.0,0.5700000000000001,-2208932570000000000,180,24
Prompt 9,0.8200000000000001,191.57,45.0,1380000000.0,877000000.0,6667894784.0,0.5700000000000001,-2208932570000000000,180,25
Prompt 9,0.8200000000000001,191.57,45.0,1380000000.0,877000000.0,6667894784.0,0.5700000000000001,-2208932570000000000,181,26
Prompt 9,0.8200000000000001,191.57,45.0,1380000000.0,877000000.0,6667894784.0,0.5700000000000001,-2208932570000000000,181,27
Prompt 9,0.8200000000000001,191.57,45.0,1380000000.0,877000000.0,6667894784.0,0.5700000000000001,-2208932569000000000,181,28
Prompt 9,0.8200000000000001,191.57,45.0,1380000000.0,877000000.0,6667894784.0,0.5700000000000001,-2208932569000000000,181,29
Prompt 9,0.8200000000000001,191.57,45.0,1380000000.0,877000000.0,6667894784.0,0.5700000000000001,-2208932569000000000,182,30
Prompt 9,0.8200000000000001,191.57,45.0,1380000000.0,877000000.0,6667894784.0,0.5700000000000001,-2208932569000000000,182,31
Prompt 9,0.8200000000000001,191.57,45.0,1380000000.0,877000000.0,6667894784.0,0.5700000000000001,-2208932568000000000,182,32
Prompt 9,0.8200000000000001,191.57,45.0,1380000000.0,877000000.0,6667894784.0,0.5700000000000001,-2208932568000000000,182,33
Prompt 9,0.8200000000000001,191.57,45.0,1380000000.0,877000000.0,6667894784.0,0.5700000000000001,-2208932568000000000,183,34
Prompt 9,0.8200000000000001,191.57,45.0,1380000000.0,877000000.0,6667894784.0,0.5700000000000001,-2208932568000000000,183,35
Prompt 9,0.8200000000000001,191.57,45.0,1380000000.0,877000000.0,6667894784.0,0.5700000000000001,-2208932568000000000,183,36
Prompt 9,0.8200000000000001,191.57,45.0,1380000000.0,877000000.0,6667894784.0,0.5700000000000001,-2208932567000000000,183,37
Prompt 9,0.8200000000000001,191.57,45.0,1380000000.0,877000000.0,6667894784.0,0.5700000000000001,-2208932567000000000,183,38
Prompt 9,0.8200000000000001,191.57,45.0,1380000000.0,877000000.0,6667894784.0,0.5700000000000001,-2208932567000000000,184,39
Prompt 9,0.8200000000000001,191.57,45.0,1380000000.0,877000000.0,6667894784.0,0.5700000000000001,-2208932567000000000,184,40
Prompt 9,0.8200000000000001,191.57,45.0,1380000000.0,877000000.0,6667894784.0,0.5700000000000001,-2208932566000000000,184,41
Prompt 9,0.8200000000000001,191.57,45.0,1380000000.0,877000000.0,6667894784.0,0.5700000000000001,-2208932566000000000,184,42
Prompt 9,0.8200000000000001,191.57,45.0,1380000000.0,877000000.0,6667894784.0,0.5700000000000001,-2208932566000000000,185,43
Prompt 9,0.8200000000000001,191.57,45.0,1380000000.0,877000000.0,6667894784.0,0.5700000000000001,-2208932566000000000,185,44
Prompt 9,0.8200000000000001,191.57,45.0,1380000000.0,877000000.0,6667894784.0,0.5700000000000001,-2208932565000000000,185,45
Prompt 9,0.8200000000000001,191.57,45.0,1380000000.0,877000000.0,6667894784.0,0.5700000000000001,-2208932565000000000,185,46
Prompt 9,0.8200000000000001,191.57,45.0,1380000000.0,877000000.0,6667894784.0,0.5700000000000001,-2208932565000000000,186,47
Prompt 9,0.8200000000000001,191.57,45.0,1380000000.0,877000000.0,6667894784.0,0.5700000000000001,-2208932565000000000,186,48
Prompt 9,0.8200000000000001,191.57,45.0,1380000000.0,877000000.0,6667894784.0,0.5700000000000001,-2208932565000000000,186,49
Prompt 9,0.8200000000000001,191.57,45.0,1380000000.0,877000000.0,6667894784.0,0.5700000000000001,-2208932564000000000,186,50
Prompt 9,0.8200000000000001,191.57,45.0,1380000000.0,877000000.0,6667894784.0,0.5700000000000001,-2208932564000000000,186,51
Prompt 9,0.8200000000000001,191.57,45.0,1380000000.0,877000000.0,6667894784.0,0.5700000000000001,-2208932564000000000,187,52
Prompt 9,0.8200000000000001,191.57,45.0,1380000000.0,877000000.0,6667894784.0,0.5700000000000001,-2208932564000000000,187,53
Prompt 9,0.8200000000000001,191.57,45.0,1380000000.0,877000000.0,6667894784.0,0.5700000000000001,-2208932563000000000,187,54
Prompt 9,0.8200000000000001,191.57,45.0,1380000000.0,877000000.0,6667894784.0,0.5700000000000001,-2208932563000000000,187,55
Prompt 9,0.8200000000000001,191.57,45.0,1380000000.0,877000000.0,6667894784.0,0.5700000000000001,-2208932563000000000,188,56
Prompt 9,0.8200000000000001,191.57,45.0,1380000000.0,877000000.0,6667894784.0,0.5700000000000001,-2208932563000000000,188,57
Prompt 9,0.84,182.43,45.0,1380000000.0,877000000.0,6667894784.0,0.5700000000000001,-2208932562000000000,188,58
Prompt 9,0.84,182.43,45.0,1380000000.0,877000000.0,6667894784.0,0.5700000000000001,-2208932562000000000,188,59
Prompt 9,0.84,182.43,45.0,1380000000.0,877000000.0,6667894784.0,0.5700000000000001,-2208932562000000000,189,60
Prompt 9,0.84,182.43,45.0,1380000000.0,877000000.0,6667894784.0,0.5700000000000001,-2208932562000000000,189,61
Prompt 9,0.84,182.43,45.0,1380000000.0,877000000.0,6667894784.0,0.5700000000000001,-2208932562000000000,189,62
Prompt 9,0.84,182.43,45.0,1380000000.0,877000000.0,6667894784.0,0.5700000000000001,-2208932561000000000,189,63
Prompt 9,0.84,182.43,45.0,1380000000.0,877000000.0,6667894784.0,0.5700000000000001,-2208932561000000000,190,64
Prompt 9,0.84,182.43,45.0,1380000000.0,877000000.0,6667894784.0,0.5700000000000001,-2208932561000000000,190,65
Prompt 9,0.84,182.43,45.0,1380000000.0,877000000.0,6667894784.0,0.5700000000000001,-2208932560000000000,190,66
Prompt 9,0.84,182.43,45.0,1380000000.0,877000000.0,6667894784.0,0.5700000000000001,-2208932560000000000,190,67
Prompt 9,0.84,182.43,45.0,1380000000.0,877000000.0,6667894784.0,0.5700000000000001,-2208932560000000000,191,68
Prompt 9,0.84,182.43,45.0,1380000000.0,877000000.0,6667894784.0,0.5700000000000001,-2208932560000000000,191,69
Prompt 9,0.84,182.43,45.0,1380000000.0,877000000.0,6667894784.0,0.5700000000000001,-2208932560000000000,191,70
Prompt 9,0.84,182.43,45.0,1380000000.0,877000000.0,6667894784.0,0.5700000000000001,-2208932559000000000,191,71
Prompt 9,0.84,182.43,45.0,1380000000.0,877000000.0,6667894784.0,0.5700000000000001,-2208932559000000000,192,72
Prompt 9,0.84,182.43,45.0,1380000000.0,877000000.0,6667894784.0,0.5700000000000001,-2208932559000000000,192,73
Prompt 9,0.84,182.43,45.0,1380000000.0,877000000.0,6667894784.0,0.5700000000000001,-2208932559000000000,192,74
Prompt 9,0.84,182.43,45.0,1380000000.0,877000000.0,6667894784.0,0.5700000000000001,-2208932558000000000,192,75
Prompt 9,0.84,182.43,45.0,1380000000.0,877000000.0,6667894784.0,0.5700000000000001,-2208932558000000000,192,76
Prompt 9,0.84,182.43,45.0,1380000000.0,877000000.0,6667894784.0,0.5700000000000001,-2208932558000000000,193,77
Prompt 9,0.84,182.43,45.0,1380000000.0,877000000.0,6667894784.0,0.5700000000000001,-2208932558000000000,193,78
Prompt 9,0.84,182.43,45.0,1380000000.0,877000000.0,6667894784.0,0.5700000000000001,-2208932557000000000,193,79
Prompt 9,0.84,182.43,45.0,1380000000.0,877000000.0,6667894784.0,0.5700000000000001,-2208932557000000000,193,80
Prompt 9,0.84,182.43,45.0,1380000000.0,877000000.0,6667894784.0,0.5700000000000001,-2208932557000000000,194,81
Prompt 9,0.84,182.43,45.0,1380000000.0,877000000.0,6667894784.0,0.5700000000000001,-2208932557000000000,194,82
Prompt 9,0.84,182.43,45.0,1380000000.0,877000000.0,6667894784.0,0.5700000000000001,-2208932556000000000,194,83
Prompt 9,0.84,182.43,45.0,1380000000.0,877000000.0,6667894784.0,0.5700000000000001,-2208932556000000000,194,84
Prompt 9,0.84,182.43,45.0,1380000000.0,877000000.0,6667894784.0,0.5700000000000001,-2208932556000000000,195,85
Prompt 9,0.84,182.43,45.0,1380000000.0,877000000.0,6667894784.0,0.5700000000000001,-2208932556000000000,195,86
Prompt 9,0.84,182.43,45.0,1380000000.0,877000000.0,6667894784.0,0.5700000000000001,-2208932556000000000,195,87
Prompt 9,0.84,182.43,45.0,1380000000.0,877000000.0,6667894784.0,0.5700000000000001,-2208932555000000000,195,88
,,,,,,,,-2208932555000000000,,
Prompt 10,0.84,182.43,45.0,1380000000.0,877000000.0,6667894784.0,0.5700000000000001,-2208932555000000000,195,1
Prompt 10,0.84,182.43,45.0,1380000000.0,877000000.0,6667894784.0,0.5700000000000001,-2208932555000000000,196,2
,,,,,,,,-2208932555000000000,,
Prompt 11,0.84,182.43,45.0,1380000000.0,877000000.0,6667894784.0,0.5700000000000001,-2208932555000000000,196,1
Prompt 11,0.84,182.43,45.0,1380000000.0,877000000.0,6667894784.0,0.5700000000000001,-2208932554000000000,196,2
Prompt 11,0.84,182.43,45.0,1380000000.0,877000000.0,6667894784.0,0.5700000000000001,-2208932554000000000,196,3
Prompt 11,0.84,182.43,45.0,1380000000.0,877000000.0,6667894784.0,0.5700000000000001,-2208932554000000000,197,4
,,,,,,,,-2208932554000000000,,
Prompt 12,0.84,182.43,45.0,1380000000.0,877000000.0,6667894784.0,0.5700000000000001,-2208932554000000000,197,1
Prompt 12,0.84,182.43,45.0,1380000000.0,877000000.0,6667894784.0,0.5700000000000001,-2208932553000000000,197,2
Prompt 12,0.84,182.43,45.0,1380000000.0,877000000.0,6667894784.0,0.5700000000000001,-2208932553000000000,197,3
Prompt 12,0.84,182.43,45.0,1380000000.0,877000000.0,6667894784.0,0.5700000000000001,-2208932553000000000,198,4
Prompt 12,0.84,182.43,45.0,1380000000.0,877000000.0,6667894784.0,0.5700000000000001,-2208932553000000000,198,5
Prompt 12,0.84,182.43,45.0,1380000000.0,877000000.0,6667894784.0,0.5700000000000001,-2208932552000000000,198,6
Prompt 12,0.84,182.43,45.0,1380000000.0,877000000.0,6667894784.0,0.5700000000000001,-2208932552000000000,198,7
,,,,,,,,-2208932552000000000,,
Prompt 13,0.84,182.43,45.0,1380000000.0,877000000.0,6667894784.0,0.5700000000000001,-2208932552000000000,199,1
Prompt 13,0.84,182.43,45.0,1380000000.0,877000000.0,6667894784.0,0.5700000000000001,-2208932552000000000,199,2
Prompt 13,0.84,182.43,45.0,1380000000.0,877000000.0,6667894784.0,0.5700000000000001,-2208932552000000000,199,3
Prompt 13,0.84,182.43,45.0,1380000000.0,877000000.0,6667894784.0,0.5700000000000001,-2208932551000000000,199,4
Prompt 13,0.84,182.43,45.0,1380000000.0,877000000.0,6667894784.0,0.5700000000000001,-2208932551000000000,199,5
Prompt 13,0.84,182.43,45.0,1380000000.0,877000000.0,6667894784.0,0.5700000000000001,-2208932551000000000,200,6
Prompt 13,0.84,182.43,45.0,1380000000.0,877000000.0,6667894784.0,0.5700000000000001,-2208932551000000000,200,7
Prompt 13,0.84,182.43,45.0,1380000000.0,877000000.0,6667894784.0,0.5700000000000001,-2208932550000000000,200,8
Prompt 13,0.84,182.43,45.0,1380000000.0,877000000.0,6667894784.0,0.5700000000000001,-2208932550000000000,201,9
Prompt 13,0.84,182.43,45.0,1380000000.0,877000000.0,6667894784.0,0.5700000000000001,-2208932550000000000,201,10
Prompt 13,0.84,182.43,45.0,1380000000.0,877000000.0,6667894784.0,0.5700000000000001,-2208932549000000000,201,11
,,,,,,,,-2208932550000000000,,
Prompt 14,0.84,182.43,45.0,1380000000.0,877000000.0,6667894784.0,0.5700000000000001,-2208932549000000000,201,1
Prompt 14,0.84,182.43,45.0,1380000000.0,877000000.0,6667894784.0,0.5700000000000001,-2208932549000000000,202,2
Prompt 14,0.84,182.43,45.0,1380000000.0,877000000.0,6667894784.0,0.5700000000000001,-2208932549000000000,202,3
Prompt 14,0.84,182.43,45.0,1380000000.0,877000000.0,6667894784.0,0.5700000000000001,-2208932548000000000,202,4
Prompt 14,0.84,182.43,45.0,1380000000.0,877000000.0,6667894784.0,0.5700000000000001,-2208932548000000000,202,5
Prompt 14,0.84,182.43,45.0,1380000000.0,877000000.0,6667894784.0,0.5700000000000001,-2208932548000000000,203,6
Prompt 14,0.84,182.43,45.0,1380000000.0,877000000.0,6667894784.0,0.5700000000000001,-2208932548000000000,203,7
Prompt 14,0.84,175.76,44.0,1380000000.0,877000000.0,6667894784.0,0.55,-2208932547000000000,203,8
Prompt 14,0.79,175.76,44.0,1380000000.0,877000000.0,6667894784.0,0.55,-2208932547000000000,203,9
Prompt 14,0.79,175.76,44.0,1380000000.0,877000000.0,6667894784.0,0.55,-2208932547000000000,204,10
Prompt 14,0.79,175.76,44.0,1380000000.0,877000000.0,6667894784.0,0.55,-2208932547000000000,204,11
Prompt 14,0.79,175.76,44.0,1380000000.0,877000000.0,6667894784.0,0.55,-2208932546000000000,204,12
Prompt 14,0.79,175.76,44.0,1380000000.0,877000000.0,6667894784.0,0.55,-2208932546000000000,205,13
Prompt 14,0.79,175.76,44.0,1380000000.0,877000000.0,6667894784.0,0.55,-2208932546000000000,205,14
Prompt 14,0.79,175.76,44.0,1380000000.0,877000000.0,6667894784.0,0.55,-2208932546000000000,205,15
Prompt 14,0.79,175.76,44.0,1380000000.0,877000000.0,6667894784.0,0.55,-2208932545000000000,205,16
Prompt 14,0.79,175.76,44.0,1380000000.0,877000000.0,6667894784.0,0.55,-2208932545000000000,205,17
Prompt 14,0.79,175.76,44.0,1380000000.0,877000000.0,6667894784.0,0.55,-2208932545000000000,206,18
Prompt 14,0.79,175.76,44.0,1380000000.0,877000000.0,6667894784.0,0.55,-2208932545000000000,206,19
Prompt 14,0.79,175.76,44.0,1380000000.0,877000000.0,6667894784.0,0.55,-2208932544000000000,206,20
Prompt 14,0.79,175.76,44.0,1380000000.0,877000000.0,6667894784.0,0.55,-2208932544000000000,206,21
Prompt 14,0.79,175.76,44.0,1380000000.0,877000000.0,6667894784.0,0.55,-2208932544000000000,207,22
Prompt 14,0.79,175.76,44.0,1380000000.0,877000000.0,6667894784.0,0.55,-2208932544000000000,207,23
Prompt 14,0.79,175.76,44.0,1380000000.0,877000000.0,6667894784.0,0.55,-2208932543000000000,207,24
,,,,,,,,-2208932544000000000,,
Prompt 15,0.79,175.76,44.0,1380000000.0,877000000.0,6667894784.0,0.55,-2208932543000000000,207,1
Prompt 15,0.79,175.76,44.0,1380000000.0,877000000.0,6667894784.0,0.55,-2208932543000000000,208,2
Prompt 15,0.79,175.76,44.0,1380000000.0,877000000.0,6667894784.0,0.55,-2208932543000000000,208,3
Prompt 15,0.79,175.76,44.0,1380000000.0,877000000.0,6667894784.0,0.55,-2208932542000000000,208,4
Prompt 15,0.79,175.76,44.0,1380000000.0,877000000.0,6667894784.0,0.55,-2208932542000000000,208,5
Prompt 15,0.79,175.76,44.0,1380000000.0,877000000.0,6667894784.0,0.55,-2208932542000000000,209,6
Prompt 15,0.79,175.76,44.0,1380000000.0,877000000.0,6667894784.0,0.55,-2208932542000000000,209,7
Prompt 15,0.79,175.76,44.0,1380000000.0,877000000.0,6667894784.0,0.55,-2208932541000000000,209,8
Prompt 15,0.79,175.76,44.0,1380000000.0,877000000.0,6667894784.0,0.55,-2208932541000000000,209,9
Prompt 15,0.79,175.76,44.0,1380000000.0,877000000.0,6667894784.0,0.55,-2208932541000000000,210,10
Prompt 15,0.79,175.76,44.0,1380000000.0,877000000.0,6667894784.0,0.55,-2208932541000000000,210,11
Prompt 15,0.79,175.76,44.0,1380000000.0,877000000.0,6667894784.0,0.55,-2208932540000000000,210,12
Prompt 15,0.79,175.76,44.0,1380000000.0,877000000.0,6667894784.0,0.55,-2208932540000000000,210,13
Prompt 15,0.79,175.76,44.0,1380000000.0,877000000.0,6667894784.0,0.55,-2208932540000000000,211,14
Prompt 15,0.79,175.76,44.0,1380000000.0,877000000.0,6667894784.0,0.55,-2208932540000000000,211,15
Prompt 15,0.79,175.76,44.0,1380000000.0,877000000.0,6667894784.0,0.55,-2208932539000000000,211,16
Prompt 15,0.79,175.76,44.0,1380000000.0,877000000.0,6667894784.0,0.55,-2208932539000000000,211,17
Prompt 15,0.79,175.76,44.0,1380000000.0,877000000.0,6667894784.0,0.55,-2208932539000000000,212,18
Prompt 15,0.79,175.76,44.0,1380000000.0,877000000.0,6667894784.0,0.55,-2208932539000000000,212,19
Prompt 15,0.79,175.76,44.0,1380000000.0,877000000.0,6667894784.0,0.55,-2208932538000000000,212,20
Prompt 15,0.79,175.76,44.0,1380000000.0,877000000.0,6667894784.0,0.55,-2208932538000000000,212,21
Prompt 15,0.79,175.76,44.0,1380000000.0,877000000.0,6667894784.0,0.55,-2208932538000000000,213,22
Prompt 15,0.79,175.76,44.0,1380000000.0,877000000.0,6667894784.0,0.55,-2208932538000000000,213,23
,,,,,,,,-2208932538000000000,,
Prompt 16,0.79,175.76,44.0,1380000000.0,877000000.0,6667894784.0,0.55,-2208932537000000000,213,1
Prompt 16,0.79,175.76,44.0,1380000000.0,877000000.0,6667894784.0,0.55,-2208932537000000000,213,2
Prompt 16,0.79,175.76,44.0,1380000000.0,877000000.0,6667894784.0,0.55,-2208932537000000000,214,3
Prompt 16,0.79,175.76,44.0,1380000000.0,877000000.0,6667894784.0,0.55,-2208932537000000000,214,4
Prompt 16,0.79,175.76,44.0,1380000000.0,877000000.0,6667894784.0,0.55,-2208932537000000000,214,5
Prompt 16,0.79,175.76,44.0,1380000000.0,877000000.0,6667894784.0,0.55,-2208932536000000000,214,6
Prompt 16,0.79,175.76,44.0,1380000000.0,877000000.0,6667894784.0,0.55,-2208932536000000000,214,7
Prompt 16,0.79,175.76,44.0,1380000000.0,877000000.0,6667894784.0,0.55,-2208932536000000000,215,8
Prompt 16,0.79,175.76,44.0,1380000000.0,877000000.0,6667894784.0,0.55,-2208932536000000000,215,9
Prompt 16,0.79,175.76,44.0,1380000000.0,877000000.0,6667894784.0,0.55,-2208932535000000000,215,10
Prompt 16,0.79,175.76,44.0,1380000000.0,877000000.0,6667894784.0,0.55,-2208932535000000000,215,11
Prompt 16,0.79,175.76,44.0,1380000000.0,877000000.0,6667894784.0,0.55,-2208932535000000000,216,12
Prompt 16,0.79,175.76,44.0,1380000000.0,877000000.0,6667894784.0,0.55,-2208932535000000000,216,13
Prompt 16,0.79,175.76,44.0,1380000000.0,877000000.0,6667894784.0,0.55,-2208932534000000000,216,14
Prompt 16,0.79,175.76,44.0,1380000000.0,877000000.0,6667894784.0,0.55,-2208932534000000000,217,15
Prompt 16,0.79,175.76,44.0,1380000000.0,877000000.0,6667894784.0,0.55,-2208932534000000000,217,16
Prompt 16,0.79,175.76,44.0,1380000000.0,877000000.0,6667894784.0,0.55,-2208932534000000000,217,17
Prompt 16,0.79,175.76,44.0,1380000000.0,877000000.0,6667894784.0,0.55,-2208932533000000000,217,18
Prompt 16,0.79,175.76,44.0,1380000000.0,877000000.0,6667894784.0,0.55,-2208932533000000000,217,19
Prompt 16,0.79,175.76,44.0,1380000000.0,877000000.0,6667894784.0,0.55,-2208932533000000000,218,20
Prompt 16,0.79,175.76,44.0,1380000000.0,877000000.0,6667894784.0,0.55,-2208932533000000000,218,21
Prompt 16,0.8,170.31,44.0,1380000000.0,877000000.0,6669991936.0,0.53,-2208932533000000000,218,22
Prompt 16,0.8,170.31,44.0,1380000000.0,877000000.0,6669991936.0,0.53,-2208932532000000000,218,23
Prompt 16,0.8,170.31,44.0,1380000000.0,877000000.0,6669991936.0,0.53,-2208932532000000000,218,24
Prompt 16,0.8,170.31,44.0,1380000000.0,877000000.0,6669991936.0,0.53,-2208932532000000000,219,25
Prompt 16,0.8,170.31,44.0,1380000000.0,877000000.0,6669991936.0,0.53,-2208932532000000000,219,26
Prompt 16,0.8,170.31,44.0,1380000000.0,877000000.0,6669991936.0,0.53,-2208932531000000000,219,27
Prompt 16,0.8,170.31,44.0,1380000000.0,877000000.0,6669991936.0,0.53,-2208932531000000000,219,28
Prompt 16,0.8,170.31,44.0,1380000000.0,877000000.0,6669991936.0,0.53,-2208932531000000000,220,29
Prompt 16,0.8,170.31,44.0,1380000000.0,877000000.0,6669991936.0,0.53,-2208932531000000000,220,30
Prompt 16,0.8,170.31,44.0,1380000000.0,877000000.0,6669991936.0,0.53,-2208932531000000000,220,31
Prompt 16,0.8,170.31,44.0,1380000000.0,877000000.0,6669991936.0,0.53,-2208932530000000000,220,32
Prompt 16,0.8,170.31,44.0,1380000000.0,877000000.0,6669991936.0,0.53,-2208932530000000000,220,33
Prompt 16,0.8,170.31,44.0,1380000000.0,877000000.0,6669991936.0,0.53,-2208932530000000000,221,34
,,,,,,,,-2208932530000000000,,
Prompt 17,0.8,170.31,44.0,1380000000.0,877000000.0,6669991936.0,0.53,-2208932530000000000,221,1
Prompt 17,0.8,170.31,44.0,1380000000.0,877000000.0,6669991936.0,0.53,-2208932530000000000,221,2
Prompt 17,0.8,170.31,44.0,1380000000.0,877000000.0,6669991936.0,0.53,-2208932529000000000,221,3
Prompt 17,0.8,170.31,44.0,1380000000.0,877000000.0,6669991936.0,0.53,-2208932529000000000,221,4
Prompt 17,0.8,170.31,44.0,1380000000.0,877000000.0,6669991936.0,0.53,-2208932529000000000,222,5
Prompt 17,0.8,170.31,44.0,1380000000.0,877000000.0,6669991936.0,0.53,-2208932529000000000,222,6
Prompt 17,0.8,170.31,44.0,1380000000.0,877000000.0,6669991936.0,0.53,-2208932529000000000,222,7
Prompt 17,0.8,170.31,44.0,1380000000.0,877000000.0,6669991936.0,0.53,-2208932528000000000,222,8
Prompt 17,0.8,170.31,44.0,1380000000.0,877000000.0,6669991936.0,0.53,-2208932528000000000,222,9
Prompt 17,0.8,170.31,44.0,1380000000.0,877000000.0,6669991936.0,0.53,-2208932528000000000,223,10
Prompt 17,0.8,170.31,44.0,1380000000.0,877000000.0,6669991936.0,0.53,-2208932528000000000,223,11
Prompt 17,0.8,170.31,44.0,1380000000.0,877000000.0,6669991936.0,0.53,-2208932527000000000,223,12
Prompt 17,0.8,170.31,44.0,1380000000.0,877000000.0,6669991936.0,0.53,-2208932527000000000,223,13
Prompt 17,0.8,170.31,44.0,1380000000.0,877000000.0,6669991936.0,0.53,-2208932527000000000,224,14
Prompt 17,0.8,170.31,44.0,1380000000.0,877000000.0,6669991936.0,0.53,-2208932527000000000,224,15
Prompt 17,0.8,170.31,44.0,1380000000.0,877000000.0,6669991936.0,0.53,-2208932527000000000,224,16
Prompt 17,0.8,170.31,44.0,1380000000.0,877000000.0,6669991936.0,0.53,-2208932526000000000,224,17
Prompt 17,0.8,170.31,44.0,1380000000.0,877000000.0,6669991936.0,0.53,-2208932526000000000,225,18
Prompt 17,0.8,170.31,44.0,1380000000.0,877000000.0,6669991936.0,0.53,-2208932526000000000,225,19
Prompt 17,0.8,170.31,44.0,1380000000.0,877000000.0,6669991936.0,0.53,-2208932526000000000,225,20
Prompt 17,0.8,170.31,44.0,1380000000.0,877000000.0,6669991936.0,0.53,-2208932525000000000,225,21
Prompt 17,0.8,170.31,44.0,1380000000.0,877000000.0,6669991936.0,0.53,-2208932525000000000,225,22
Prompt 17,0.8,170.31,44.0,1380000000.0,877000000.0,6669991936.0,0.53,-2208932525000000000,226,23
Prompt 17,0.8,170.31,44.0,1380000000.0,877000000.0,6669991936.0,0.53,-2208932525000000000,226,24
Prompt 17,0.8,170.31,44.0,1380000000.0,877000000.0,6669991936.0,0.53,-2208932524000000000,226,25
Prompt 17,0.8,170.31,44.0,1380000000.0,877000000.0,6669991936.0,0.53,-2208932524000000000,226,26
Prompt 17,0.8,170.31,44.0,1380000000.0,877000000.0,6669991936.0,0.53,-2208932524000000000,227,27
,,,,,,,,-2208932524000000000,,
Prompt 18,0.8,170.31,44.0,1380000000.0,877000000.0,6669991936.0,0.53,-2208932523000000000,227,1
Prompt 18,0.8,170.31,44.0,1380000000.0,877000000.0,6669991936.0,0.53,-2208932523000000000,227,2
Prompt 18,0.8,170.31,44.0,1380000000.0,877000000.0,6669991936.0,0.53,-2208932523000000000,228,3
Prompt 18,0.8,170.31,44.0,1380000000.0,877000000.0,6669991936.0,0.53,-2208932523000000000,228,4
Prompt 18,0.8,170.31,44.0,1380000000.0,877000000.0,6669991936.0,0.53,-2208932523000000000,228,5
Prompt 18,0.8,170.31,44.0,1380000000.0,877000000.0,6669991936.0,0.53,-2208932522000000000,228,6
Prompt 18,0.8,170.31,44.0,1380000000.0,877000000.0,6669991936.0,0.53,-2208932522000000000,228,7
Prompt 18,0.8,170.31,44.0,1380000000.0,877000000.0,6669991936.0,0.53,-2208932522000000000,229,8
Prompt 18,0.8,170.31,44.0,1380000000.0,877000000.0,6669991936.0,0.53,-2208932522000000000,229,9
Prompt 18,0.8,170.31,44.0,1380000000.0,877000000.0,6669991936.0,0.53,-2208932521000000000,229,10
Prompt 18,0.8,170.31,44.0,1380000000.0,877000000.0,6669991936.0,0.53,-2208932521000000000,229,11
Prompt 18,0.8,170.31,44.0,1380000000.0,877000000.0,6669991936.0,0.53,-2208932521000000000,230,12
Prompt 18,0.8,170.31,44.0,1380000000.0,877000000.0,6669991936.0,0.53,-2208932521000000000,230,13
Prompt 18,0.8,170.31,44.0,1380000000.0,877000000.0,6669991936.0,0.53,-2208932520000000000,230,14
Prompt 18,0.8,170.31,44.0,1380000000.0,877000000.0,6669991936.0,0.53,-2208932520000000000,230,15
Prompt 18,0.8,170.31,44.0,1380000000.0,877000000.0,6669991936.0,0.53,-2208932520000000000,231,16
Prompt 18,0.8,170.31,44.0,1380000000.0,877000000.0,6669991936.0,0.53,-2208932520000000000,231,17
Prompt 18,0.8,170.31,44.0,1380000000.0,877000000.0,6669991936.0,0.53,-2208932520000000000,231,18
Prompt 18,0.8,170.31,44.0,1380000000.0,877000000.0,6669991936.0,0.53,-2208932519000000000,231,19
Prompt 18,0.8,170.31,44.0,1380000000.0,877000000.0,6669991936.0,0.53,-2208932519000000000,232,20
Prompt 18,0.8,170.31,44.0,1380000000.0,877000000.0,6669991936.0,0.53,-2208932519000000000,232,21
Prompt 18,0.8,170.31,44.0,1380000000.0,877000000.0,6669991936.0,0.53,-2208932519000000000,232,22
Prompt 18,0.8,170.31,44.0,1380000000.0,877000000.0,6669991936.0,0.53,-2208932518000000000,232,23
Prompt 18,0.8,170.31,44.0,1380000000.0,877000000.0,6669991936.0,0.53,-2208932518000000000,232,24
Prompt 18,0.8,170.31,44.0,1380000000.0,877000000.0,6669991936.0,0.53,-2208932518000000000,233,25
Prompt 18,0.8,170.31,44.0,1380000000.0,877000000.0,6669991936.0,0.52,-2208932518000000000,233,26
Prompt 18,0.8,187.61,44.0,1380000000.0,877000000.0,6669991936.0,0.52,-2208932517000000000,233,27
Prompt 18,0.8,187.61,44.0,1380000000.0,877000000.0,6669991936.0,0.52,-2208932517000000000,233,28
Prompt 18,0.8,187.61,44.0,1380000000.0,877000000.0,6669991936.0,0.52,-2208932517000000000,234,29
Prompt 18,0.8,187.61,44.0,1380000000.0,877000000.0,6669991936.0,0.52,-2208932517000000000,234,30
Prompt 18,0.8,187.61,44.0,1380000000.0,877000000.0,6669991936.0,0.52,-2208932516000000000,234,31
Prompt 18,0.8,187.61,44.0,1380000000.0,877000000.0,6669991936.0,0.52,-2208932516000000000,234,32
Prompt 18,0.8,187.61,44.0,1380000000.0,877000000.0,6669991936.0,0.52,-2208932516000000000,235,33
Prompt 18,0.8,187.61,44.0,1380000000.0,877000000.0,6669991936.0,0.52,-2208932516000000000,235,34
Prompt 18,0.8,187.61,44.0,1380000000.0,877000000.0,6669991936.0,0.52,-2208932515000000000,235,35
Prompt 18,0.8,187.61,44.0,1380000000.0,877000000.0,6669991936.0,0.52,-2208932515000000000,236,36
Prompt 18,0.8,187.61,44.0,1380000000.0,877000000.0,6669991936.0,0.52,-2208932515000000000,236,37
,,,,,,,,-2208932515000000000,,
Prompt 19,0.8,187.61,44.0,1380000000.0,877000000.0,6669991936.0,0.52,-2208932515000000000,236,1
Prompt 19,0.8,187.61,44.0,1380000000.0,877000000.0,6669991936.0,0.52,-2208932514000000000,236,2
Prompt 19,0.8,187.61,44.0,1380000000.0,877000000.0,6669991936.0,0.52,-2208932514000000000,237,3
Prompt 19,0.8,187.61,44.0,1380000000.0,877000000.0,6669991936.0,0.52,-2208932514000000000,237,4
Prompt 19,0.8,187.61,44.0,1380000000.0,877000000.0,6669991936.0,0.52,-2208932514000000000,237,5
Prompt 19,0.8,187.61,44.0,1380000000.0,877000000.0,6669991936.0,0.52,-2208932513000000000,237,6
Prompt 19,0.8,187.61,44.0,1380000000.0,877000000.0,6669991936.0,0.52,-2208932513000000000,237,7
Prompt 19,0.8,187.61,44.0,1380000000.0,877000000.0,6669991936.0,0.52,-2208932513000000000,238,8
Prompt 19,0.8,187.61,44.0,1380000000.0,877000000.0,6669991936.0,0.52,-2208932513000000000,238,9
Prompt 19,0.8,187.61,44.0,1380000000.0,877000000.0,6669991936.0,0.52,-2208932512000000000,238,10
Prompt 19,0.8,187.61,44.0,1380000000.0,877000000.0,6669991936.0,0.52,-2208932512000000000,238,11
Prompt 19,0.8,187.61,44.0,1380000000.0,877000000.0,6669991936.0,0.52,-2208932512000000000,239,12
Prompt 19,0.8,187.61,44.0,1380000000.0,877000000.0,6669991936.0,0.52,-2208932512000000000,239,13
Prompt 19,0.8,187.61,44.0,1380000000.0,877000000.0,6669991936.0,0.52,-2208932511000000000,239,14
Prompt 19,0.8,187.61,44.0,1380000000.0,877000000.0,6669991936.0,0.52,-2208932511000000000,239,15
Prompt 19,0.8,187.61,44.0,1380000000.0,877000000.0,6669991936.0,0.52,-2208932511000000000,240,16
Prompt 19,0.8,187.61,44.0,1380000000.0,877000000.0,6669991936.0,0.52,-2208932511000000000,240,17
Prompt 19,0.8,187.61,44.0,1380000000.0,877000000.0,6669991936.0,0.52,-2208932511000000000,240,18
Prompt 19,0.8,187.61,44.0,1380000000.0,877000000.0,6669991936.0,0.52,-2208932510000000000,240,19
Prompt 19,0.8,187.61,44.0,1380000000.0,877000000.0,6669991936.0,0.52,-2208932510000000000,240,20
Prompt 19,0.8,187.61,44.0,1380000000.0,877000000.0,6669991936.0,0.52,-2208932510000000000,241,21
Prompt 19,0.8,187.61,44.0,1380000000.0,877000000.0,6669991936.0,0.52,-2208932510000000000,241,22
Prompt 19,0.8,187.61,44.0,1380000000.0,877000000.0,6669991936.0,0.52,-2208932509000000000,241,23
Prompt 19,0.8,187.61,44.0,1380000000.0,877000000.0,6669991936.0,0.52,-2208932509000000000,241,24
Prompt 19,0.8,187.61,44.0,1380000000.0,877000000.0,6669991936.0,0.52,-2208932509000000000,242,25
Prompt 19,0.8,187.61,44.0,1380000000.0,877000000.0,6669991936.0,0.52,-2208932509000000000,242,26
Prompt 19,0.8,187.61,44.0,1380000000.0,877000000.0,6669991936.0,0.52,-2208932508000000000,242,27
Prompt 19,0.8,187.61,44.0,1380000000.0,877000000.0,6669991936.0,0.52,-2208932508000000000,242,28
Prompt 19,0.8,187.61,44.0,1380000000.0,877000000.0,6669991936.0,0.52,-2208932508000000000,243,29
Prompt 19,0.8,187.61,44.0,1380000000.0,877000000.0,6669991936.0,0.52,-2208932508000000000,243,30
Prompt 19,0.8,187.61,44.0,1380000000.0,877000000.0,6669991936.0,0.52,-2208932507000000000,243,31
Prompt 19,0.8,187.61,44.0,1380000000.0,877000000.0,6669991936.0,0.52,-2208932507000000000,243,32
Prompt 19,0.8,187.61,44.0,1380000000.0,877000000.0,6669991936.0,0.52,-2208932507000000000,244,33
Prompt 19,0.8,187.61,44.0,1380000000.0,877000000.0,6669991936.0,0.52,-2208932507000000000,244,34
Prompt 19,0.8,187.61,44.0,1380000000.0,877000000.0,6669991936.0,0.52,-2208932506000000000,244,35
Prompt 19,0.8,187.61,44.0,1380000000.0,877000000.0,6669991936.0,0.52,-2208932506000000000,244,36
Prompt 19,0.8,187.61,44.0,1380000000.0,877000000.0,6669991936.0,0.52,-2208932506000000000,245,37
Prompt 19,0.8,187.61,44.0,1380000000.0,877000000.0,6669991936.0,0.52,-2208932506000000000,245,38
Prompt 19,0.8,187.61,44.0,1380000000.0,877000000.0,6669991936.0,0.52,-2208932506000000000,245,39
Prompt 19,0.8,187.61,44.0,1380000000.0,877000000.0,6669991936.0,0.52,-2208932505000000000,245,40
Prompt 19,0.8,187.61,44.0,1380000000.0,877000000.0,6669991936.0,0.52,-2208932505000000000,246,41
Prompt 19,0.8,187.61,44.0,1380000000.0,877000000.0,6669991936.0,0.52,-2208932505000000000,246,42
Prompt 19,0.8,187.61,44.0,1380000000.0,877000000.0,6669991936.0,0.52,-2208932505000000000,246,43
,,,,,,,,-2208932505000000000,,
Prompt 20,0.8,187.61,44.0,1380000000.0,877000000.0,6669991936.0,0.52,-2208932504000000000,246,1
Prompt 20,0.8,187.61,44.0,1380000000.0,877000000.0,6669991936.0,0.52,-2208932504000000000,247,2
Prompt 20,0.8,187.61,44.0,1380000000.0,877000000.0,6669991936.0,0.52,-2208932504000000000,247,3
Prompt 20,0.8,187.61,44.0,1380000000.0,877000000.0,6669991936.0,0.52,-2208932504000000000,247,4
,,,,,,,,-2208932504000000000,,
Prompt 21,0.8,187.61,44.0,1380000000.0,877000000.0,6669991936.0,0.52,-2208932503000000000,247,1
Prompt 21,0.8,187.61,44.0,1380000000.0,877000000.0,6669991936.0,0.52,-2208932503000000000,247,2
Prompt 21,0.8,187.61,44.0,1380000000.0,877000000.0,6669991936.0,0.52,-2208932503000000000,248,3
Prompt 21,0.8,187.61,44.0,1380000000.0,877000000.0,6669991936.0,0.5700000000000001,-2208932503000000000,248,4
Prompt 21,0.81,173.38,44.0,1380000000.0,877000000.0,6669991936.0,0.5700000000000001,-2208932502000000000,248,5
Prompt 21,0.81,173.38,44.0,1380000000.0,877000000.0,6669991936.0,0.5700000000000001,-2208932502000000000,248,6
Prompt 21,0.81,173.38,44.0,1380000000.0,877000000.0,6669991936.0,0.5700000000000001,-2208932502000000000,249,7
Prompt 21,0.81,173.38,44.0,1380000000.0,877000000.0,6669991936.0,0.5700000000000001,-2208932502000000000,249,8
,,,,,,,,-2208932502000000000,,
Prompt 22,0.81,173.38,44.0,1380000000.0,877000000.0,6669991936.0,0.5700000000000001,-2208932501000000000,249,1
Prompt 22,0.81,173.38,44.0,1380000000.0,877000000.0,6669991936.0,0.5700000000000001,-2208932501000000000,249,2
Prompt 22,0.81,173.38,44.0,1380000000.0,877000000.0,6669991936.0,0.5700000000000001,-2208932501000000000,250,3
Prompt 22,0.81,173.38,44.0,1380000000.0,877000000.0,6669991936.0,0.5700000000000001,-2208932501000000000,250,4
Prompt 22,0.81,173.38,44.0,1380000000.0,877000000.0,6669991936.0,0.5700000000000001,-2208932500000000000,250,5
Prompt 22,0.81,173.38,44.0,1380000000.0,877000000.0,6669991936.0,0.5700000000000001,-2208932500000000000,250,6
Prompt 22,0.81,173.38,44.0,1380000000.0,877000000.0,6669991936.0,0.5700000000000001,-2208932500000000000,251,7
Prompt 22,0.81,173.38,44.0,1380000000.0,877000000.0,6669991936.0,0.5700000000000001,-2208932500000000000,251,8
Prompt 22,0.81,173.38,44.0,1380000000.0,877000000.0,6669991936.0,0.5700000000000001,-2208932500000000000,251,9
Prompt 22,0.81,173.38,44.0,1380000000.0,877000000.0,6669991936.0,0.5700000000000001,-2208932499000000000,251,10
Prompt 22,0.81,173.38,44.0,1380000000.0,877000000.0,6669991936.0,0.5700000000000001,-2208932499000000000,252,11
Prompt 22,0.81,173.38,44.0,1380000000.0,877000000.0,6669991936.0,0.5700000000000001,-2208932499000000000,252,12
Prompt 22,0.81,173.38,44.0,1380000000.0,877000000.0,6669991936.0,0.5700000000000001,-2208932499000000000,252,13
Prompt 22,0.81,173.38,44.0,1380000000.0,877000000.0,6669991936.0,0.5700000000000001,-2208932498000000000,252,14
Prompt 22,0.81,173.38,44.0,1380000000.0,877000000.0,6669991936.0,0.5700000000000001,-2208932498000000000,253,15
Prompt 22,0.81,173.38,44.0,1380000000.0,877000000.0,6669991936.0,0.5700000000000001,-2208932498000000000,253,16
Prompt 22,0.81,173.38,44.0,1380000000.0,877000000.0,6669991936.0,0.5700000000000001,-2208932498000000000,253,17
Prompt 22,0.81,173.38,44.0,1380000000.0,877000000.0,6669991936.0,0.5700000000000001,-2208932497000000000,253,18
,,,,,,,,-2208932497000000000,,
Prompt 23,0.81,173.38,44.0,1380000000.0,877000000.0,6669991936.0,0.5700000000000001,-2208932497000000000,253,1
Prompt 23,0.81,173.38,44.0,1380000000.0,877000000.0,6669991936.0,0.5700000000000001,-2208932497000000000,254,2
Prompt 23,0.81,173.38,44.0,1380000000.0,877000000.0,6669991936.0,0.5700000000000001,-2208932497000000000,254,3
Prompt 23,0.81,173.38,44.0,1380000000.0,877000000.0,6669991936.0,0.5700000000000001,-2208932496000000000,254,4
Prompt 23,0.81,173.38,44.0,1380000000.0,877000000.0,6669991936.0,0.5700000000000001,-2208932496000000000,254,5
Prompt 23,0.81,173.38,44.0,1380000000.0,877000000.0,6669991936.0,0.5700000000000001,-2208932496000000000,255,6
Prompt 23,0.81,173.38,44.0,1380000000.0,877000000.0,6669991936.0,0.5700000000000001,-2208932496000000000,255,7
Prompt 23,0.81,173.38,44.0,1380000000.0,877000000.0,6669991936.0,0.5700000000000001,-2208932495000000000,255,8
Prompt 23,0.81,173.38,44.0,1380000000.0,877000000.0,6669991936.0,0.5700000000000001,-2208932495000000000,255,9
Prompt 23,0.81,173.38,44.0,1380000000.0,877000000.0,6669991936.0,0.5700000000000001,-2208932495000000000,256,10
Prompt 23,0.81,173.38,44.0,1380000000.0,877000000.0,6669991936.0,0.5700000000000001,-2208932495000000000,256,11
Prompt 23,0.81,173.38,44.0,1380000000.0,877000000.0,6669991936.0,0.5700000000000001,-2208932494000000000,256,12
Prompt 23,0.81,173.38,44.0,1380000000.0,877000000.0,6669991936.0,0.5700000000000001,-2208932494000000000,256,13
Prompt 23,0.81,173.38,44.0,1380000000.0,877000000.0,6669991936.0,0.5700000000000001,-2208932494000000000,257,14
Prompt 23,0.81,173.38,44.0,1380000000.0,877000000.0,6669991936.0,0.5700000000000001,-2208932494000000000,257,15
Prompt 23,0.81,173.38,44.0,1380000000.0,877000000.0,6669991936.0,0.5700000000000001,-2208932493000000000,257,16
Prompt 23,0.81,173.38,44.0,1380000000.0,877000000.0,6669991936.0,0.5700000000000001,-2208932493000000000,257,17
Prompt 23,0.81,173.38,44.0,1380000000.0,877000000.0,6669991936.0,0.5700000000000001,-2208932493000000000,258,18
Prompt 23,0.81,173.38,44.0,1380000000.0,877000000.0,6669991936.0,0.5700000000000001,-2208932493000000000,258,19
Prompt 23,0.81,173.38,44.0,1380000000.0,877000000.0,6669991936.0,0.5700000000000001,-2208932493000000000,258,20
Prompt 23,0.81,173.38,44.0,1380000000.0,877000000.0,6669991936.0,0.5700000000000001,-2208932492000000000,258,21
Prompt 23,0.81,173.38,44.0,1380000000.0,877000000.0,6669991936.0,0.5700000000000001,-2208932492000000000,259,22
Prompt 23,0.81,173.38,44.0,1380000000.0,877000000.0,6669991936.0,0.5700000000000001,-2208932491000000000,259,23
Prompt 23,0.81,173.38,44.0,1380000000.0,877000000.0,6669991936.0,0.5700000000000001,-2208932491000000000,259,24
Prompt 23,0.81,173.38,44.0,1380000000.0,877000000.0,6669991936.0,0.5700000000000001,-2208932491000000000,260,25
,,,,,,,,-2208932491000000000,,
Prompt 24,0.81,173.38,44.0,1380000000.0,877000000.0,6669991936.0,0.5700000000000001,-2208932491000000000,260,1
Prompt 24,0.81,173.38,44.0,1380000000.0,877000000.0,6669991936.0,0.5700000000000001,-2208932490000000000,260,2
Prompt 24,0.81,173.38,44.0,1380000000.0,877000000.0,6669991936.0,0.5700000000000001,-2208932490000000000,260,3
Prompt 24,0.81,173.38,44.0,1380000000.0,877000000.0,6669991936.0,0.5700000000000001,-2208932490000000000,261,4
Prompt 24,0.81,173.38,44.0,1380000000.0,877000000.0,6669991936.0,0.5700000000000001,-2208932490000000000,261,5
Prompt 24,0.81,173.38,44.0,1380000000.0,877000000.0,6669991936.0,0.5700000000000001,-2208932490000000000,261,6
Prompt 24,0.81,173.38,44.0,1380000000.0,877000000.0,6669991936.0,0.5700000000000001,-2208932489000000000,261,7
Prompt 24,0.81,173.38,44.0,1380000000.0,877000000.0,6669991936.0,0.5700000000000001,-2208932489000000000,262,8
Prompt 24,0.81,173.38,44.0,1380000000.0,877000000.0,6669991936.0,0.5700000000000001,-2208932489000000000,262,9
Prompt 24,0.81,173.38,44.0,1380000000.0,877000000.0,6669991936.0,0.5700000000000001,-2208932489000000000,262,10
Prompt 24,0.81,173.38,44.0,1380000000.0,877000000.0,6669991936.0,0.5700000000000001,-2208932488000000000,262,11
Prompt 24,0.81,173.38,44.0,1380000000.0,877000000.0,6669991936.0,0.5700000000000001,-2208932488000000000,262,12
Prompt 24,0.81,173.38,44.0,1380000000.0,877000000.0,6669991936.0,0.5700000000000001,-2208932488000000000,263,13
Prompt 24,0.81,173.38,44.0,1380000000.0,877000000.0,6669991936.0,0.55,-2208932488000000000,263,14
Prompt 24,0.81,191.0,44.0,1380000000.0,877000000.0,6669991936.0,0.55,-2208932487000000000,263,15
Prompt 24,0.81,191.0,44.0,1380000000.0,877000000.0,6669991936.0,0.55,-2208932487000000000,264,16
Prompt 24,0.81,191.0,44.0,1380000000.0,877000000.0,6669991936.0,0.55,-2208932487000000000,264,17
Prompt 24,0.81,191.0,44.0,1380000000.0,877000000.0,6669991936.0,0.55,-2208932486000000000,264,18
Prompt 24,0.81,191.0,44.0,1380000000.0,877000000.0,6669991936.0,0.55,-2208932486000000000,264,19
Prompt 24,0.81,191.0,44.0,1380000000.0,877000000.0,6669991936.0,0.55,-2208932486000000000,265,20
Prompt 24,0.81,191.0,44.0,1380000000.0,877000000.0,6669991936.0,0.55,-2208932486000000000,265,21
Prompt 24,0.81,191.0,44.0,1380000000.0,877000000.0,6669991936.0,0.55,-2208932485000000000,265,22
Prompt 24,0.81,191.0,44.0,1380000000.0,877000000.0,6669991936.0,0.55,-2208932485000000000,265,23
Prompt 24,0.81,191.0,44.0,1380000000.0,877000000.0,6669991936.0,0.55,-2208932485000000000,266,24
Prompt 24,0.81,191.0,44.0,1380000000.0,877000000.0,6669991936.0,0.55,-2208932485000000000,266,25
Prompt 24,0.81,191.0,44.0,1380000000.0,877000000.0,6669991936.0,0.55,-2208932484000000000,266,26
Prompt 24,0.81,191.0,44.0,1380000000.0,877000000.0,6669991936.0,0.55,-2208932484000000000,266,27
Prompt 24,0.81,191.0,44.0,1380000000.0,877000000.0,6669991936.0,0.55,-2208932484000000000,267,28
Prompt 24,0.81,191.0,44.0,1380000000.0,877000000.0,6669991936.0,0.55,-2208932484000000000,267,29
Prompt 24,0.81,191.0,44.0,1380000000.0,877000000.0,6669991936.0,0.55,-2208932483000000000,267,30
Prompt 24,0.81,191.0,44.0,1380000000.0,877000000.0,6669991936.0,0.55,-2208932483000000000,267,31
Prompt 24,0.81,191.0,44.0,1380000000.0,877000000.0,6669991936.0,0.55,-2208932483000000000,268,32
Prompt 24,0.81,191.0,44.0,1380000000.0,877000000.0,6669991936.0,0.55,-2208932483000000000,268,33
Prompt 24,0.81,191.0,44.0,1380000000.0,877000000.0,6669991936.0,0.55,-2208932483000000000,268,34
Prompt 24,0.81,191.0,44.0,1380000000.0,877000000.0,6669991936.0,0.55,-2208932482000000000,268,35
Prompt 24,0.81,191.0,44.0,1380000000.0,877000000.0,6669991936.0,0.55,-2208932482000000000,269,36
Prompt 24,0.81,191.0,44.0,1380000000.0,877000000.0,6669991936.0,0.55,-2208932482000000000,269,37
Prompt 24,0.81,191.0,44.0,1380000000.0,877000000.0,6669991936.0,0.55,-2208932481000000000,269,38
,,,,,,,,-2208932481000000000,,
Prompt 25,0.81,191.0,44.0,1380000000.0,877000000.0,6669991936.0,0.55,-2208932481000000000,269,1
Prompt 25,0.81,191.0,44.0,1380000000.0,877000000.0,6669991936.0,0.55,-2208932481000000000,270,2
Prompt 25,0.81,191.0,44.0,1380000000.0,877000000.0,6669991936.0,0.55,-2208932481000000000,270,3
Prompt 25,0.81,191.0,44.0,1380000000.0,877000000.0,6669991936.0,0.55,-2208932481000000000,270,4
Prompt 25,0.81,191.0,44.0,1380000000.0,877000000.0,6669991936.0,0.55,-2208932480000000000,270,5
Prompt 25,0.81,191.0,44.0,1380000000.0,877000000.0,6669991936.0,0.55,-2208932480000000000,270,6
Prompt 25,0.81,191.0,44.0,1380000000.0,877000000.0,6669991936.0,0.55,-2208932480000000000,271,7
Prompt 25,0.81,191.0,44.0,1380000000.0,877000000.0,6669991936.0,0.55,-2208932480000000000,271,8
Prompt 25,0.81,191.0,44.0,1380000000.0,877000000.0,6669991936.0,0.55,-2208932479000000000,271,9
Prompt 25,0.81,191.0,44.0,1380000000.0,877000000.0,6669991936.0,0.55,-2208932479000000000,271,10
Prompt 25,0.81,191.0,44.0,1380000000.0,877000000.0,6669991936.0,0.55,-2208932479000000000,272,11
Prompt 25,0.81,191.0,44.0,1380000000.0,877000000.0,6669991936.0,0.55,-2208932479000000000,272,12
Prompt 25,0.81,191.0,44.0,1380000000.0,877000000.0,6669991936.0,0.55,-2208932478000000000,272,13
Prompt 25,0.81,191.0,44.0,1380000000.0,877000000.0,6669991936.0,0.55,-2208932478000000000,272,14
Prompt 25,0.81,191.0,44.0,1380000000.0,877000000.0,6669991936.0,0.55,-2208932478000000000,273,15
Prompt 25,0.81,191.0,44.0,1380000000.0,877000000.0,6669991936.0,0.55,-2208932478000000000,273,16
Prompt 25,0.81,191.0,44.0,1380000000.0,877000000.0,6669991936.0,0.55,-2208932477000000000,273,17
Prompt 25,0.81,191.0,44.0,1380000000.0,877000000.0,6669991936.0,0.55,-2208932477000000000,273,18
Prompt 25,0.81,191.0,44.0,1380000000.0,877000000.0,6669991936.0,0.55,-2208932477000000000,274,19
Prompt 25,0.81,191.0,44.0,1380000000.0,877000000.0,6669991936.0,0.55,-2208932477000000000,274,20
Prompt 25,0.81,191.0,44.0,1380000000.0,877000000.0,6669991936.0,0.55,-2208932476000000000,274,21
Prompt 25,0.81,191.0,44.0,1380000000.0,877000000.0,6669991936.0,0.55,-2208932476000000000,274,22
Prompt 25,0.81,191.0,44.0,1380000000.0,877000000.0,6669991936.0,0.55,-2208932476000000000,274,23
Prompt 25,0.81,191.0,44.0,1380000000.0,877000000.0,6669991936.0,0.55,-2208932476000000000,275,24
Prompt 25,0.81,191.0,44.0,1380000000.0,877000000.0,6669991936.0,0.55,-2208932476000000000,275,25
Prompt 25,0.81,191.0,44.0,1380000000.0,877000000.0,6669991936.0,0.55,-2208932475000000000,275,26
Prompt 25,0.81,191.0,44.0,1380000000.0,877000000.0,6669991936.0,0.55,-2208932475000000000,275,27
Prompt 25,0.81,191.0,44.0,1380000000.0,877000000.0,6669991936.0,0.55,-2208932475000000000,276,28
Prompt 25,0.81,191.0,44.0,1380000000.0,877000000.0,6669991936.0,0.55,-2208932475000000000,276,29
Prompt 25,0.81,191.0,44.0,1380000000.0,877000000.0,6669991936.0,0.55,-2208932474000000000,276,30
Prompt 25,0.81,191.0,44.0,1380000000.0,877000000.0,6669991936.0,0.55,-2208932474000000000,276,31
Prompt 25,0.81,191.0,44.0,1380000000.0,877000000.0,6669991936.0,0.55,-2208932474000000000,277,32
Prompt 25,0.81,191.0,44.0,1380000000.0,877000000.0,6669991936.0,0.55,-2208932474000000000,277,33
Prompt 25,0.81,191.0,44.0,1380000000.0,877000000.0,6669991936.0,0.55,-2208932474000000000,277,34
Prompt 25,0.81,191.0,44.0,1380000000.0,877000000.0,6669991936.0,0.55,-2208932473000000000,277,35
Prompt 25,0.81,191.0,44.0,1380000000.0,877000000.0,6669991936.0,0.55,-2208932473000000000,277,36
Prompt 25,0.81,191.0,44.0,1380000000.0,877000000.0,6669991936.0,0.55,-2208932473000000000,278,37
Prompt 25,0.81,191.0,44.0,1380000000.0,877000000.0,6669991936.0,0.56,-2208932473000000000,278,38
Prompt 25,0.8200000000000001,187.32,44.0,1380000000.0,877000000.0,6669991936.0,0.56,-2208932472000000000,278,39
Prompt 25,0.8200000000000001,187.32,44.0,1380000000.0,877000000.0,6669991936.0,0.56,-2208932472000000000,278,40
Prompt 25,0.8200000000000001,187.32,44.0,1380000000.0,877000000.0,6669991936.0,0.56,-2208932472000000000,279,41
Prompt 25,0.8200000000000001,187.32,44.0,1380000000.0,877000000.0,6669991936.0,0.56,-2208932472000000000,279,42
Prompt 25,0.8200000000000001,187.32,44.0,1380000000.0,877000000.0,6669991936.0,0.56,-2208932472000000000,279,43
Prompt 25,0.8200000000000001,187.32,44.0,1380000000.0,877000000.0,6669991936.0,0.56,-2208932471000000000,279,44
Prompt 25,0.8200000000000001,187.32,44.0,1380000000.0,877000000.0,6669991936.0,0.56,-2208932471000000000,280,45
Prompt 25,0.8200000000000001,187.32,44.0,1380000000.0,877000000.0,6669991936.0,0.56,-2208932471000000000,280,46
Prompt 25,0.8200000000000001,187.32,44.0,1380000000.0,877000000.0,6669991936.0,0.56,-2208932470000000000,280,47
Prompt 25,0.8200000000000001,187.32,44.0,1380000000.0,877000000.0,6669991936.0,0.56,-2208932470000000000,280,48
Prompt 25,0.8200000000000001,187.32,44.0,1380000000.0,877000000.0,6669991936.0,0.56,-2208932470000000000,281,49
Prompt 25,0.8200000000000001,187.32,44.0,1380000000.0,877000000.0,6669991936.0,0.56,-2208932470000000000,281,50
Prompt 25,0.8200000000000001,187.32,44.0,1380000000.0,877000000.0,6669991936.0,0.56,-2208932470000000000,281,51
,,,,,,,,-2208932470000000000,,
Prompt 26,0.8200000000000001,187.32,44.0,1380000000.0,877000000.0,6669991936.0,0.56,-2208932469000000000,281,1
Prompt 26,0.8200000000000001,187.32,44.0,1380000000.0,877000000.0,6669991936.0,0.56,-2208932469000000000,282,2
Prompt 26,0.8200000000000001,187.32,44.0,1380000000.0,877000000.0,6669991936.0,0.56,-2208932469000000000,282,3
Prompt 26,0.8200000000000001,187.32,44.0,1380000000.0,877000000.0,6669991936.0,0.56,-2208932469000000000,282,4
Prompt 26,0.8200000000000001,187.32,44.0,1380000000.0,877000000.0,6669991936.0,0.56,-2208932468000000000,282,5
Prompt 26,0.8200000000000001,187.32,44.0,1380000000.0,877000000.0,6669991936.0,0.56,-2208932468000000000,282,6
Prompt 26,0.8200000000000001,187.32,44.0,1380000000.0,877000000.0,6669991936.0,0.56,-2208932468000000000,283,7
Prompt 26,0.8200000000000001,187.32,44.0,1380000000.0,877000000.0,6669991936.0,0.56,-2208932468000000000,283,8
Prompt 26,0.8200000000000001,187.32,44.0,1380000000.0,877000000.0,6669991936.0,0.56,-2208932467000000000,283,9
Prompt 26,0.8200000000000001,187.32,44.0,1380000000.0,877000000.0,6669991936.0,0.56,-2208932467000000000,283,10
Prompt 26,0.8200000000000001,187.32,44.0,1380000000.0,877000000.0,6669991936.0,0.56,-2208932467000000000,284,11
Prompt 26,0.8200000000000001,187.32,44.0,1380000000.0,877000000.0,6669991936.0,0.56,-2208932467000000000,284,12
Prompt 26,0.8200000000000001,187.32,44.0,1380000000.0,877000000.0,6669991936.0,0.56,-2208932466000000000,284,13
Prompt 26,0.8200000000000001,187.32,44.0,1380000000.0,877000000.0,6669991936.0,0.56,-2208932466000000000,284,14
Prompt 26,0.8200000000000001,187.32,44.0,1380000000.0,877000000.0,6669991936.0,0.56,-2208932466000000000,285,15
Prompt 26,0.8200000000000001,187.32,44.0,1380000000.0,877000000.0,6669991936.0,0.56,-2208932466000000000,285,16
Prompt 26,0.8200000000000001,187.32,44.0,1380000000.0,877000000.0,6669991936.0,0.56,-2208932466000000000,285,17
Prompt 26,0.8200000000000001,187.32,44.0,1380000000.0,877000000.0,6669991936.0,0.56,-2208932465000000000,285,18
Prompt 26,0.8200000000000001,187.32,44.0,1380000000.0,877000000.0,6669991936.0,0.56,-2208932465000000000,285,19
Prompt 26,0.8200000000000001,187.32,44.0,1380000000.0,877000000.0,6669991936.0,0.56,-2208932465000000000,286,20
Prompt 26,0.8200000000000001,187.32,44.0,1380000000.0,877000000.0,6669991936.0,0.56,-2208932465000000000,286,21
Prompt 26,0.8200000000000001,187.32,44.0,1380000000.0,877000000.0,6669991936.0,0.56,-2208932464000000000,286,22
Prompt 26,0.8200000000000001,187.32,44.0,1380000000.0,877000000.0,6669991936.0,0.56,-2208932464000000000,286,23
Prompt 26,0.8200000000000001,187.32,44.0,1380000000.0,877000000.0,6669991936.0,0.56,-2208932464000000000,287,24
Prompt 26,0.8200000000000001,187.32,44.0,1380000000.0,877000000.0,6669991936.0,0.56,-2208932464000000000,287,25
Prompt 26,0.8200000000000001,187.32,44.0,1380000000.0,877000000.0,6669991936.0,0.56,-2208932463000000000,287,26
Prompt 26,0.8200000000000001,187.32,44.0,1380000000.0,877000000.0,6669991936.0,0.56,-2208932463000000000,287,27
Prompt 26,0.8200000000000001,187.32,44.0,1380000000.0,877000000.0,6669991936.0,0.56,-2208932463000000000,288,28
Prompt 26,0.8200000000000001,187.32,44.0,1380000000.0,877000000.0,6669991936.0,0.56,-2208932463000000000,288,29
Prompt 26,0.8200000000000001,187.32,44.0,1380000000.0,877000000.0,6669991936.0,0.56,-2208932462000000000,288,30
Prompt 26,0.8200000000000001,187.32,44.0,1380000000.0,877000000.0,6669991936.0,0.56,-2208932462000000000,288,31
Prompt 26,0.8200000000000001,187.32,44.0,1380000000.0,877000000.0,6669991936.0,0.56,-2208932462000000000,289,32
Prompt 26,0.8200000000000001,187.32,44.0,1380000000.0,877000000.0,6669991936.0,0.56,-2208932462000000000,289,33
Prompt 26,0.8200000000000001,187.32,44.0,1380000000.0,877000000.0,6669991936.0,0.56,-2208932462000000000,289,34
Prompt 26,0.8200000000000001,187.32,44.0,1380000000.0,877000000.0,6669991936.0,0.56,-2208932461000000000,289,35
Prompt 26,0.8200000000000001,187.32,44.0,1380000000.0,877000000.0,6669991936.0,0.56,-2208932461000000000,289,36
Prompt 26,0.8200000000000001,187.32,44.0,1380000000.0,877000000.0,6669991936.0,0.56,-2208932461000000000,290,37
Prompt 26,0.8200000000000001,187.32,44.0,1380000000.0,877000000.0,6669991936.0,0.56,-2208932461000000000,290,38
Prompt 26,0.8200000000000001,187.32,44.0,1380000000.0,877000000.0,6669991936.0,0.56,-2208932460000000000,290,39
Prompt 26,0.8200000000000001,187.32,44.0,1380000000.0,877000000.0,6669991936.0,0.56,-2208932460000000000,290,40
Prompt 26,0.8200000000000001,187.32,44.0,1380000000.0,877000000.0,6669991936.0,0.56,-2208932460000000000,291,41
Prompt 26,0.8200000000000001,187.32,44.0,1380000000.0,877000000.0,6669991936.0,0.56,-2208932460000000000,291,42
Prompt 26,0.8200000000000001,187.32,44.0,1380000000.0,877000000.0,6669991936.0,0.56,-2208932459000000000,291,43
Prompt 26,0.8200000000000001,187.32,44.0,1380000000.0,877000000.0,6669991936.0,0.56,-2208932459000000000,291,44
Prompt 26,0.8200000000000001,187.32,44.0,1380000000.0,877000000.0,6669991936.0,0.56,-2208932459000000000,292,45
Prompt 26,0.8200000000000001,187.32,44.0,1380000000.0,877000000.0,6669991936.0,0.56,-2208932459000000000,292,46
Prompt 26,0.8200000000000001,187.32,44.0,1380000000.0,877000000.0,6669991936.0,0.56,-2208932459000000000,292,47
Prompt 26,0.8200000000000001,187.32,44.0,1380000000.0,877000000.0,6669991936.0,0.56,-2208932458000000000,292,48
Prompt 26,0.8200000000000001,187.32,44.0,1380000000.0,877000000.0,6669991936.0,0.56,-2208932458000000000,292,49
Prompt 26,0.8200000000000001,187.32,44.0,1380000000.0,877000000.0,6669991936.0,0.56,-2208932458000000000,293,50
Prompt 26,0.8200000000000001,187.32,44.0,1380000000.0,877000000.0,6669991936.0,0.56,-2208932458000000000,293,51
Prompt 26,0.8300000000000001,188.47,44.0,1380000000.0,877000000.0,6669991936.0,0.56,-2208932457000000000,293,52
Prompt 26,0.8300000000000001,188.47,44.0,1380000000.0,877000000.0,6669991936.0,0.56,-2208932457000000000,293,53
Prompt 26,0.8300000000000001,188.47,44.0,1380000000.0,877000000.0,6669991936.0,0.56,-2208932457000000000,294,54
Prompt 26,0.8300000000000001,188.47,44.0,1380000000.0,877000000.0,6669991936.0,0.56,-2208932457000000000,294,55
Prompt 26,0.8300000000000001,188.47,44.0,1380000000.0,877000000.0,6669991936.0,0.56,-2208932457000000000,294,56
Prompt 26,0.8300000000000001,188.47,44.0,1380000000.0,877000000.0,6669991936.0,0.56,-2208932456000000000,294,57
Prompt 26,0.8300000000000001,188.47,44.0,1380000000.0,877000000.0,6669991936.0,0.56,-2208932456000000000,294,58
Prompt 26,0.8300000000000001,188.47,44.0,1380000000.0,877000000.0,6669991936.0,0.56,-2208932456000000000,295,59
Prompt 26,0.8300000000000001,188.47,44.0,1380000000.0,877000000.0,6669991936.0,0.56,-2208932456000000000,295,60
Prompt 26,0.8300000000000001,188.47,44.0,1380000000.0,877000000.0,6669991936.0,0.56,-2208932455000000000,295,61
Prompt 26,0.8300000000000001,188.47,44.0,1380000000.0,877000000.0,6669991936.0,0.56,-2208932455000000000,295,62
Prompt 26,0.8300000000000001,188.47,44.0,1380000000.0,877000000.0,6669991936.0,0.56,-2208932455000000000,296,63
Prompt 26,0.8300000000000001,188.47,44.0,1380000000.0,877000000.0,6669991936.0,0.56,-2208932455000000000,296,64
Prompt 26,0.8300000000000001,188.47,44.0,1380000000.0,877000000.0,6669991936.0,0.56,-2208932454000000000,296,65
Prompt 26,0.8300000000000001,188.47,44.0,1380000000.0,877000000.0,6669991936.0,0.56,-2208932454000000000,296,66
Prompt 26,0.8300000000000001,188.47,44.0,1380000000.0,877000000.0,6669991936.0,0.56,-2208932454000000000,296,67
Prompt 26,0.8300000000000001,188.47,44.0,1380000000.0,877000000.0,6669991936.0,0.56,-2208932454000000000,297,68
Prompt 26,0.8300000000000001,188.47,44.0,1380000000.0,877000000.0,6669991936.0,0.56,-2208932454000000000,297,69
Prompt 26,0.8300000000000001,188.47,44.0,1380000000.0,877000000.0,6669991936.0,0.56,-2208932453000000000,297,70
Prompt 26,0.8300000000000001,188.47,44.0,1380000000.0,877000000.0,6669991936.0,0.56,-2208932453000000000,297,71
Prompt 26,0.8300000000000001,188.47,44.0,1380000000.0,877000000.0,6669991936.0,0.56,-2208932453000000000,298,72
Prompt 26,0.8300000000000001,188.47,44.0,1380000000.0,877000000.0,6669991936.0,0.56,-2208932453000000000,298,73
Prompt 26,0.8300000000000001,188.47,44.0,1380000000.0,877000000.0,6669991936.0,0.56,-2208932452000000000,298,74
Prompt 26,0.8300000000000001,188.47,44.0,1380000000.0,877000000.0,6669991936.0,0.56,-2208932452000000000,298,75
Prompt 26,0.8300000000000001,188.47,44.0,1380000000.0,877000000.0,6669991936.0,0.56,-2208932452000000000,299,76
Prompt 26,0.8300000000000001,188.47,44.0,1380000000.0,877000000.0,6669991936.0,0.56,-2208932452000000000,299,77
Prompt 26,0.8300000000000001,188.47,44.0,1380000000.0,877000000.0,6669991936.0,0.56,-2208932451000000000,299,78
Prompt 26,0.8300000000000001,188.47,44.0,1380000000.0,877000000.0,6669991936.0,0.56,-2208932451000000000,299,79
Prompt 26,0.8300000000000001,188.47,44.0,1380000000.0,877000000.0,6669991936.0,0.56,-2208932451000000000,300,80
Prompt 26,0.8300000000000001,188.47,44.0,1380000000.0,877000000.0,6669991936.0,0.56,-2208932451000000000,300,81
Prompt 26,0.8300000000000001,188.47,44.0,1380000000.0,877000000.0,6669991936.0,0.56,-2208932451000000000,300,82
,,,,,,,,-2208932451000000000,,
Prompt 27,0.8300000000000001,188.47,44.0,1380000000.0,877000000.0,6669991936.0,0.56,-2208932450000000000,300,1
Prompt 27,0.8300000000000001,188.47,44.0,1380000000.0,877000000.0,6669991936.0,0.56,-2208932450000000000,300,2
Prompt 27,0.8300000000000001,188.47,44.0,1380000000.0,877000000.0,6669991936.0,0.56,-2208932450000000000,301,3
Prompt 27,0.8300000000000001,188.47,44.0,1380000000.0,877000000.0,6669991936.0,0.56,-2208932450000000000,301,4
Prompt 27,0.8300000000000001,188.47,44.0,1380000000.0,877000000.0,6669991936.0,0.56,-2208932449000000000,301,5
Prompt 27,0.8300000000000001,188.47,44.0,1380000000.0,877000000.0,6669991936.0,0.56,-2208932449000000000,301,6
Prompt 27,0.8300000000000001,188.47,44.0,1380000000.0,877000000.0,6669991936.0,0.56,-2208932449000000000,302,7
Prompt 27,0.8300000000000001,188.47,44.0,1380000000.0,877000000.0,6669991936.0,0.56,-2208932449000000000,302,8
Prompt 27,0.8300000000000001,188.47,44.0,1380000000.0,877000000.0,6669991936.0,0.56,-2208932449000000000,302,9
Prompt 27,0.8300000000000001,188.47,44.0,1380000000.0,877000000.0,6669991936.0,0.56,-2208932448000000000,302,10
Prompt 27,0.8300000000000001,188.47,44.0,1380000000.0,877000000.0,6669991936.0,0.56,-2208932448000000000,302,11
Prompt 27,0.8300000000000001,188.47,44.0,1380000000.0,877000000.0,6669991936.0,0.56,-2208932448000000000,303,12
Prompt 27,0.8300000000000001,188.47,44.0,1380000000.0,877000000.0,6669991936.0,0.56,-2208932448000000000,303,13
Prompt 27,0.8300000000000001,188.47,44.0,1380000000.0,877000000.0,6669991936.0,0.56,-2208932447000000000,303,14
Prompt 27,0.8300000000000001,188.47,44.0,1380000000.0,877000000.0,6669991936.0,0.56,-2208932447000000000,303,15
Prompt 27,0.8300000000000001,188.47,44.0,1380000000.0,877000000.0,6669991936.0,0.56,-2208932447000000000,304,16
Prompt 27,0.8300000000000001,188.47,44.0,1380000000.0,877000000.0,6669991936.0,0.56,-2208932447000000000,304,17
Prompt 27,0.8300000000000001,188.47,44.0,1380000000.0,877000000.0,6669991936.0,0.56,-2208932446000000000,304,18
Prompt 27,0.8300000000000001,188.47,44.0,1380000000.0,877000000.0,6669991936.0,0.56,-2208932446000000000,304,19
Prompt 27,0.8300000000000001,188.47,44.0,1380000000.0,877000000.0,6669991936.0,0.56,-2208932446000000000,305,20
Prompt 27,0.8300000000000001,188.47,44.0,1380000000.0,877000000.0,6669991936.0,0.56,-2208932446000000000,305,21
Prompt 27,0.8300000000000001,188.47,44.0,1380000000.0,877000000.0,6669991936.0,0.56,-2208932446000000000,305,22
Prompt 27,0.8300000000000001,188.47,44.0,1380000000.0,877000000.0,6669991936.0,0.56,-2208932445000000000,305,23
Prompt 27,0.8300000000000001,188.47,44.0,1380000000.0,877000000.0,6669991936.0,0.56,-2208932445000000000,305,24
Prompt 27,0.8300000000000001,188.47,44.0,1380000000.0,877000000.0,6669991936.0,0.56,-2208932445000000000,306,25
Prompt 27,0.8300000000000001,188.47,44.0,1380000000.0,877000000.0,6669991936.0,0.56,-2208932445000000000,306,26
Prompt 27,0.8300000000000001,188.47,44.0,1380000000.0,877000000.0,6669991936.0,0.56,-2208932444000000000,306,27
Prompt 27,0.8300000000000001,188.47,44.0,1380000000.0,877000000.0,6669991936.0,0.56,-2208932444000000000,306,28
Prompt 27,0.8300000000000001,188.47,44.0,1380000000.0,877000000.0,6669991936.0,0.56,-2208932444000000000,307,29
Prompt 27,0.8300000000000001,188.47,44.0,1380000000.0,877000000.0,6669991936.0,0.56,-2208932444000000000,307,30
Prompt 27,0.8300000000000001,188.47,44.0,1380000000.0,877000000.0,6669991936.0,0.56,-2208932443000000000,307,31
Prompt 27,0.8300000000000001,188.47,44.0,1380000000.0,877000000.0,6669991936.0,0.56,-2208932443000000000,307,32
Prompt 27,0.8300000000000001,188.47,44.0,1380000000.0,877000000.0,6669991936.0,0.56,-2208932443000000000,308,33
Prompt 27,0.8300000000000001,188.47,44.0,1380000000.0,877000000.0,6669991936.0,0.56,-2208932443000000000,308,34
Prompt 27,0.8300000000000001,190.93,44.0,1380000000.0,877000000.0,6669991936.0,0.56,-2208932443000000000,308,35
Prompt 27,0.8200000000000001,190.93,44.0,1380000000.0,877000000.0,6669991936.0,0.56,-2208932442000000000,308,36
Prompt 27,0.8200000000000001,190.93,44.0,1380000000.0,877000000.0,6669991936.0,0.56,-2208932442000000000,308,37
Prompt 27,0.8200000000000001,190.93,44.0,1380000000.0,877000000.0,6669991936.0,0.56,-2208932442000000000,309,38
Prompt 27,0.8200000000000001,190.93,44.0,1380000000.0,877000000.0,6669991936.0,0.56,-2208932442000000000,309,39
Prompt 27,0.8200000000000001,190.93,44.0,1380000000.0,877000000.0,6669991936.0,0.56,-2208932441000000000,309,40
Prompt 27,0.8200000000000001,190.93,44.0,1380000000.0,877000000.0,6669991936.0,0.56,-2208932441000000000,309,41
Prompt 27,0.8200000000000001,190.93,44.0,1380000000.0,877000000.0,6669991936.0,0.56,-2208932441000000000,310,42
Prompt 27,0.8200000000000001,190.93,44.0,1380000000.0,877000000.0,6669991936.0,0.56,-2208932441000000000,310,43
Prompt 27,0.8200000000000001,190.93,44.0,1380000000.0,877000000.0,6669991936.0,0.56,-2208932440000000000,310,44
Prompt 27,0.8200000000000001,190.93,44.0,1380000000.0,877000000.0,6669991936.0,0.56,-2208932440000000000,310,45
Prompt 27,0.8200000000000001,190.93,44.0,1380000000.0,877000000.0,6669991936.0,0.56,-2208932440000000000,311,46
Prompt 27,0.8200000000000001,190.93,44.0,1380000000.0,877000000.0,6669991936.0,0.56,-2208932440000000000,311,47
Prompt 27,0.8200000000000001,190.93,44.0,1380000000.0,877000000.0,6669991936.0,0.56,-2208932440000000000,311,48
Prompt 27,0.8200000000000001,190.93,44.0,1380000000.0,877000000.0,6669991936.0,0.56,-2208932439000000000,311,49
Prompt 27,0.8200000000000001,190.93,44.0,1380000000.0,877000000.0,6669991936.0,0.56,-2208932439000000000,311,50
Prompt 27,0.8200000000000001,190.93,44.0,1380000000.0,877000000.0,6669991936.0,0.56,-2208932439000000000,312,51
Prompt 27,0.8200000000000001,190.93,44.0,1380000000.0,877000000.0,6669991936.0,0.56,-2208932439000000000,312,52
Prompt 27,0.8200000000000001,190.93,44.0,1380000000.0,877000000.0,6669991936.0,0.56,-2208932438000000000,312,53
Prompt 27,0.8200000000000001,190.93,44.0,1380000000.0,877000000.0,6669991936.0,0.56,-2208932438000000000,312,54
Prompt 27,0.8200000000000001,190.93,44.0,1380000000.0,877000000.0,6669991936.0,0.56,-2208932438000000000,313,55
Prompt 27,0.8200000000000001,190.93,44.0,1380000000.0,877000000.0,6669991936.0,0.56,-2208932438000000000,313,56
Prompt 27,0.8200000000000001,190.93,44.0,1380000000.0,877000000.0,6669991936.0,0.56,-2208932437000000000,313,57
Prompt 27,0.8200000000000001,190.93,44.0,1380000000.0,877000000.0,6669991936.0,0.56,-2208932437000000000,314,58
,,,,,,,,-2208932437000000000,,
Prompt 28,0.8200000000000001,190.93,44.0,1380000000.0,877000000.0,6669991936.0,0.56,-2208932437000000000,314,1
Prompt 28,0.8200000000000001,190.93,44.0,1380000000.0,877000000.0,6669991936.0,0.56,-2208932437000000000,314,2
Prompt 28,0.8200000000000001,190.93,44.0,1380000000.0,877000000.0,6669991936.0,0.56,-2208932436000000000,314,3
Prompt 28,0.8200000000000001,190.93,44.0,1380000000.0,877000000.0,6669991936.0,0.56,-2208932436000000000,314,4
Prompt 28,0.8200000000000001,190.93,44.0,1380000000.0,877000000.0,6669991936.0,0.56,-2208932436000000000,315,5
Prompt 28,0.8200000000000001,190.93,44.0,1380000000.0,877000000.0,6669991936.0,0.56,-2208932436000000000,315,6
Prompt 28,0.8200000000000001,190.93,44.0,1380000000.0,877000000.0,6669991936.0,0.56,-2208932435000000000,315,7
Prompt 28,0.8200000000000001,190.93,44.0,1380000000.0,877000000.0,6669991936.0,0.56,-2208932435000000000,315,8
Prompt 28,0.8200000000000001,190.93,44.0,1380000000.0,877000000.0,6669991936.0,0.56,-2208932435000000000,316,9
Prompt 28,0.8200000000000001,190.93,44.0,1380000000.0,877000000.0,6669991936.0,0.56,-2208932435000000000,316,10
Prompt 28,0.8200000000000001,190.93,44.0,1380000000.0,877000000.0,6669991936.0,0.56,-2208932434000000000,316,11
Prompt 28,0.8200000000000001,190.93,44.0,1380000000.0,877000000.0,6669991936.0,0.56,-2208932434000000000,316,12
Prompt 28,0.8200000000000001,190.93,44.0,1380000000.0,877000000.0,6669991936.0,0.56,-2208932434000000000,317,13
Prompt 28,0.8200000000000001,190.93,44.0,1380000000.0,877000000.0,6669991936.0,0.56,-2208932434000000000,317,14
Prompt 28,0.8200000000000001,190.93,44.0,1380000000.0,877000000.0,6669991936.0,0.56,-2208932434000000000,317,15
Prompt 28,0.8200000000000001,190.93,44.0,1380000000.0,877000000.0,6669991936.0,0.56,-2208932433000000000,317,16
Prompt 28,0.8200000000000001,190.93,44.0,1380000000.0,877000000.0,6669991936.0,0.56,-2208932433000000000,318,17
Prompt 28,0.8200000000000001,190.93,44.0,1380000000.0,877000000.0,6669991936.0,0.56,-2208932433000000000,318,18
Prompt 28,0.8200000000000001,190.93,44.0,1380000000.0,877000000.0,6669991936.0,0.56,-2208932433000000000,318,19
Prompt 28,0.8200000000000001,190.93,44.0,1380000000.0,877000000.0,6669991936.0,0.56,-2208932432000000000,318,20
Prompt 28,0.8200000000000001,190.93,44.0,1380000000.0,877000000.0,6669991936.0,0.56,-2208932432000000000,318,21
Prompt 28,0.8200000000000001,190.93,44.0,1380000000.0,877000000.0,6669991936.0,0.56,-2208932432000000000,319,22
Prompt 28,0.8200000000000001,190.93,44.0,1380000000.0,877000000.0,6669991936.0,0.56,-2208932432000000000,319,23
Prompt 28,0.8200000000000001,190.93,44.0,1380000000.0,877000000.0,6669991936.0,0.56,-2208932431000000000,319,24
Prompt 28,0.8200000000000001,190.93,44.0,1380000000.0,877000000.0,6669991936.0,0.56,-2208932431000000000,319,25
Prompt 28,0.8200000000000001,190.93,44.0,1380000000.0,877000000.0,6669991936.0,0.56,-2208932431000000000,320,26
Prompt 28,0.8200000000000001,190.93,44.0,1380000000.0,877000000.0,6669991936.0,0.56,-2208932431000000000,320,27
Prompt 28,0.8200000000000001,190.93,44.0,1380000000.0,877000000.0,6669991936.0,0.56,-2208932431000000000,320,28
Prompt 28,0.8200000000000001,190.93,44.0,1380000000.0,877000000.0,6669991936.0,0.56,-2208932430000000000,320,29
Prompt 28,0.8200000000000001,190.93,44.0,1380000000.0,877000000.0,6669991936.0,0.56,-2208932430000000000,321,30
Prompt 28,0.8200000000000001,190.93,44.0,1380000000.0,877000000.0,6669991936.0,0.56,-2208932430000000000,321,31
Prompt 28,0.8200000000000001,190.93,44.0,1380000000.0,877000000.0,6669991936.0,0.56,-2208932429000000000,321,32
Prompt 28,0.8200000000000001,190.93,44.0,1380000000.0,877000000.0,6669991936.0,0.56,-2208932429000000000,321,33
Prompt 28,0.8200000000000001,190.93,44.0,1380000000.0,877000000.0,6669991936.0,0.56,-2208932429000000000,322,34
Prompt 28,0.8200000000000001,190.93,44.0,1380000000.0,877000000.0,6669991936.0,0.56,-2208932429000000000,322,35
Prompt 28,0.8200000000000001,190.93,44.0,1380000000.0,877000000.0,6669991936.0,0.56,-2208932429000000000,322,36
Prompt 28,0.8200000000000001,190.93,44.0,1380000000.0,877000000.0,6669991936.0,0.56,-2208932428000000000,322,37
Prompt 28,0.8200000000000001,190.93,44.0,1380000000.0,877000000.0,6669991936.0,0.56,-2208932428000000000,322,38
Prompt 28,0.8200000000000001,190.93,44.0,1380000000.0,877000000.0,6669991936.0,0.56,-2208932428000000000,323,39
Prompt 28,0.8200000000000001,185.46,45.0,1380000000.0,877000000.0,6669991936.0,0.56,-2208932427000000000,323,40
Prompt 28,0.8200000000000001,185.46,45.0,1380000000.0,877000000.0,6669991936.0,0.56,-2208932427000000000,324,41
Prompt 28,0.8200000000000001,185.46,45.0,1380000000.0,877000000.0,6669991936.0,0.56,-2208932427000000000,324,42
Prompt 28,0.8200000000000001,185.46,45.0,1380000000.0,877000000.0,6669991936.0,0.56,-2208932427000000000,324,43
Prompt 28,0.8200000000000001,185.46,45.0,1380000000.0,877000000.0,6669991936.0,0.56,-2208932426000000000,324,44
Prompt 28,0.8200000000000001,185.46,45.0,1380000000.0,877000000.0,6669991936.0,0.56,-2208932426000000000,324,45
Prompt 28,0.8200000000000001,185.46,45.0,1380000000.0,877000000.0,6669991936.0,0.56,-2208932426000000000,325,46
Prompt 28,0.8200000000000001,185.46,45.0,1380000000.0,877000000.0,6669991936.0,0.56,-2208932425000000000,325,47
Prompt 28,0.8200000000000001,185.46,45.0,1380000000.0,877000000.0,6669991936.0,0.56,-2208932425000000000,326,48
Prompt 28,0.8200000000000001,185.46,45.0,1380000000.0,877000000.0,6669991936.0,0.56,-2208932425000000000,326,49
Prompt 28,0.8200000000000001,185.46,45.0,1380000000.0,877000000.0,6669991936.0,0.56,-2208932425000000000,326,50
Prompt 28,0.8200000000000001,185.46,45.0,1380000000.0,877000000.0,6669991936.0,0.56,-2208932424000000000,326,51
Prompt 28,0.8200000000000001,185.46,45.0,1380000000.0,877000000.0,6669991936.0,0.56,-2208932424000000000,326,52
Prompt 28,0.8200000000000001,185.46,45.0,1380000000.0,877000000.0,6669991936.0,0.56,-2208932424000000000,327,53
Prompt 28,0.8200000000000001,185.46,45.0,1380000000.0,877000000.0,6669991936.0,0.56,-2208932424000000000,327,54
Prompt 28,0.8200000000000001,185.46,45.0,1380000000.0,877000000.0,6669991936.0,0.56,-2208932423000000000,327,55
Prompt 28,0.8200000000000001,185.46,45.0,1380000000.0,877000000.0,6669991936.0,0.56,-2208932423000000000,327,56
Prompt 28,0.8200000000000001,185.46,45.0,1380000000.0,877000000.0,6669991936.0,0.56,-2208932423000000000,328,57
Prompt 28,0.8200000000000001,185.46,45.0,1380000000.0,877000000.0,6669991936.0,0.56,-2208932423000000000,328,58
Prompt 28,0.8200000000000001,185.46,45.0,1380000000.0,877000000.0,6669991936.0,0.56,-2208932423000000000,328,59
Prompt 28,0.8200000000000001,185.46,45.0,1380000000.0,877000000.0,6669991936.0,0.56,-2208932422000000000,328,60
Prompt 28,0.8200000000000001,185.46,45.0,1380000000.0,877000000.0,6669991936.0,0.56,-2208932422000000000,329,61
Prompt 28,0.8200000000000001,185.46,45.0,1380000000.0,877000000.0,6669991936.0,0.56,-2208932422000000000,329,62
Prompt 28,0.8200000000000001,185.46,45.0,1380000000.0,877000000.0,6669991936.0,0.56,-2208932422000000000,329,63
Prompt 28,0.8200000000000001,185.46,45.0,1380000000.0,877000000.0,6669991936.0,0.56,-2208932421000000000,329,64
Prompt 28,0.8200000000000001,185.46,45.0,1380000000.0,877000000.0,6669991936.0,0.56,-2208932421000000000,330,65
Prompt 28,0.8200000000000001,185.46,45.0,1380000000.0,877000000.0,6669991936.0,0.56,-2208932421000000000,330,66
Prompt 28,0.8200000000000001,185.46,45.0,1380000000.0,877000000.0,6669991936.0,0.56,-2208932421000000000,330,67
Prompt 28,0.8200000000000001,185.46,45.0,1380000000.0,877000000.0,6669991936.0,0.56,-2208932420000000000,330,68
Prompt 28,0.8200000000000001,185.46,45.0,1380000000.0,877000000.0,6669991936.0,0.56,-2208932420000000000,330,69
Prompt 28,0.8200000000000001,185.46,45.0,1380000000.0,877000000.0,6669991936.0,0.56,-2208932420000000000,331,70
Prompt 28,0.8200000000000001,185.46,45.0,1380000000.0,877000000.0,6669991936.0,0.56,-2208932420000000000,331,71
Prompt 28,0.8200000000000001,185.46,45.0,1380000000.0,877000000.0,6669991936.0,0.56,-2208932419000000000,331,72
Prompt 28,0.8200000000000001,185.46,45.0,1380000000.0,877000000.0,6669991936.0,0.56,-2208932419000000000,331,73
Prompt 28,0.8200000000000001,185.46,45.0,1380000000.0,877000000.0,6669991936.0,0.56,-2208932419000000000,332,74
Prompt 28,0.8200000000000001,185.46,45.0,1380000000.0,877000000.0,6669991936.0,0.56,-2208932419000000000,332,75
Prompt 28,0.8200000000000001,185.46,45.0,1380000000.0,877000000.0,6669991936.0,0.56,-2208932419000000000,332,76
Prompt 28,0.8200000000000001,185.46,45.0,1380000000.0,877000000.0,6669991936.0,0.56,-2208932418000000000,332,77
Prompt 28,0.8200000000000001,185.46,45.0,1380000000.0,877000000.0,6669991936.0,0.56,-2208932418000000000,332,78
Prompt 28,0.8200000000000001,185.46,45.0,1380000000.0,877000000.0,6669991936.0,0.56,-2208932418000000000,333,79
Prompt 28,0.8200000000000001,185.46,45.0,1380000000.0,877000000.0,6669991936.0,0.56,-2208932418000000000,333,80
,,,,,,,,-2208932418000000000,,
Prompt 29,0.8200000000000001,185.46,45.0,1380000000.0,877000000.0,6669991936.0,0.56,-2208932417000000000,333,1
Prompt 29,0.8200000000000001,185.46,45.0,1380000000.0,877000000.0,6669991936.0,0.56,-2208932417000000000,333,2
Prompt 29,0.8200000000000001,185.46,45.0,1380000000.0,877000000.0,6669991936.0,0.56,-2208932417000000000,334,3
Prompt 29,0.8200000000000001,185.46,45.0,1380000000.0,877000000.0,6669991936.0,0.56,-2208932417000000000,334,4
Prompt 29,0.8200000000000001,185.46,45.0,1380000000.0,877000000.0,6669991936.0,0.56,-2208932416000000000,334,5
Prompt 29,0.8200000000000001,185.46,45.0,1380000000.0,877000000.0,6669991936.0,0.56,-2208932416000000000,334,6
Prompt 29,0.8200000000000001,185.46,45.0,1380000000.0,877000000.0,6669991936.0,0.56,-2208932416000000000,335,7
Prompt 29,0.8200000000000001,185.46,45.0,1380000000.0,877000000.0,6669991936.0,0.56,-2208932416000000000,335,8
Prompt 29,0.8200000000000001,185.46,45.0,1380000000.0,877000000.0,6669991936.0,0.56,-2208932415000000000,335,9
Prompt 29,0.8200000000000001,185.46,45.0,1380000000.0,877000000.0,6669991936.0,0.56,-2208932415000000000,335,10
Prompt 29,0.8200000000000001,185.46,45.0,1380000000.0,877000000.0,6669991936.0,0.56,-2208932415000000000,336,11
Prompt 29,0.8200000000000001,185.46,45.0,1380000000.0,877000000.0,6669991936.0,0.56,-2208932415000000000,336,12
Prompt 29,0.8200000000000001,185.46,45.0,1380000000.0,877000000.0,6669991936.0,0.56,-2208932414000000000,336,13
Prompt 29,0.8200000000000001,185.46,45.0,1380000000.0,877000000.0,6669991936.0,0.56,-2208932414000000000,336,14
Prompt 29,0.8200000000000001,185.46,45.0,1380000000.0,877000000.0,6669991936.0,0.56,-2208932414000000000,337,15
Prompt 29,0.8200000000000001,185.46,45.0,1380000000.0,877000000.0,6669991936.0,0.56,-2208932414000000000,337,16
Prompt 29,0.8200000000000001,185.46,45.0,1380000000.0,877000000.0,6669991936.0,0.56,-2208932413000000000,337,17
Prompt 29,0.8200000000000001,185.46,45.0,1380000000.0,877000000.0,6669991936.0,0.56,-2208932413000000000,337,18
Prompt 29,0.8200000000000001,185.46,45.0,1380000000.0,877000000.0,6669991936.0,0.56,-2208932413000000000,338,19
Prompt 29,0.8200000000000001,185.46,45.0,1380000000.0,877000000.0,6669991936.0,0.56,-2208932413000000000,338,20
Prompt 29,0.8200000000000001,190.05,44.0,1380000000.0,877000000.0,6669991936.0,0.55,-2208932412000000000,338,21
Prompt 29,0.8300000000000001,190.05,44.0,1380000000.0,877000000.0,6669991936.0,0.55,-2208932412000000000,338,22
Prompt 29,0.8300000000000001,190.05,44.0,1380000000.0,877000000.0,6669991936.0,0.55,-2208932412000000000,339,23
Prompt 29,0.8300000000000001,190.05,44.0,1380000000.0,877000000.0,6669991936.0,0.55,-2208932412000000000,339,24
Prompt 29,0.8300000000000001,190.05,44.0,1380000000.0,877000000.0,6669991936.0,0.55,-2208932411000000000,339,25
Prompt 29,0.8300000000000001,190.05,44.0,1380000000.0,877000000.0,6669991936.0,0.55,-2208932411000000000,339,26
Prompt 29,0.8300000000000001,190.05,44.0,1380000000.0,877000000.0,6669991936.0,0.55,-2208932411000000000,340,27
Prompt 29,0.8300000000000001,190.05,44.0,1380000000.0,877000000.0,6669991936.0,0.55,-2208932411000000000,340,28
Prompt 29,0.8300000000000001,190.05,44.0,1380000000.0,877000000.0,6669991936.0,0.55,-2208932411000000000,340,29
Prompt 29,0.8300000000000001,190.05,44.0,1380000000.0,877000000.0,6669991936.0,0.55,-2208932410000000000,340,30
Prompt 29,0.8300000000000001,190.05,44.0,1380000000.0,877000000.0,6669991936.0,0.55,-2208932410000000000,341,31
Prompt 29,0.8300000000000001,190.05,44.0,1380000000.0,877000000.0,6669991936.0,0.55,-2208932410000000000,341,32
Prompt 29,0.8300000000000001,190.05,44.0,1380000000.0,877000000.0,6669991936.0,0.55,-2208932410000000000,341,33
Prompt 29,0.8300000000000001,190.05,44.0,1380000000.0,877000000.0,6669991936.0,0.55,-2208932409000000000,341,34
Prompt 29,0.8300000000000001,190.05,44.0,1380000000.0,877000000.0,6669991936.0,0.55,-2208932409000000000,342,35
Prompt 29,0.8300000000000001,190.05,44.0,1380000000.0,877000000.0,6669991936.0,0.55,-2208932409000000000,342,36
Prompt 29,0.8300000000000001,190.05,44.0,1380000000.0,877000000.0,6669991936.0,0.55,-2208932408000000000,342,37
Prompt 29,0.8300000000000001,190.05,44.0,1380000000.0,877000000.0,6669991936.0,0.55,-2208932408000000000,342,38
Prompt 29,0.8300000000000001,190.05,44.0,1380000000.0,877000000.0,6669991936.0,0.55,-2208932408000000000,343,39
Prompt 29,0.8300000000000001,190.05,44.0,1380000000.0,877000000.0,6669991936.0,0.55,-2208932408000000000,343,40
Prompt 29,0.8300000000000001,190.05,44.0,1380000000.0,877000000.0,6669991936.0,0.55,-2208932407000000000,343,41
Prompt 29,0.8300000000000001,190.05,44.0,1380000000.0,877000000.0,6669991936.0,0.55,-2208932407000000000,343,42
Prompt 29,0.8300000000000001,190.05,44.0,1380000000.0,877000000.0,6669991936.0,0.55,-2208932407000000000,344,43
Prompt 29,0.8300000000000001,190.05,44.0,1380000000.0,877000000.0,6669991936.0,0.55,-2208932407000000000,344,44
Prompt 29,0.8300000000000001,190.05,44.0,1380000000.0,877000000.0,6669991936.0,0.55,-2208932406000000000,344,45
Prompt 29,0.8300000000000001,190.05,44.0,1380000000.0,877000000.0,6669991936.0,0.55,-2208932406000000000,344,46
Prompt 29,0.8300000000000001,190.05,44.0,1380000000.0,877000000.0,6669991936.0,0.55,-2208932406000000000,345,47
Prompt 29,0.8300000000000001,190.05,44.0,1380000000.0,877000000.0,6669991936.0,0.55,-2208932406000000000,345,48
Prompt 29,0.8300000000000001,190.05,44.0,1380000000.0,877000000.0,6669991936.0,0.55,-2208932405000000000,345,49
Prompt 29,0.8300000000000001,190.05,44.0,1380000000.0,877000000.0,6669991936.0,0.55,-2208932405000000000,345,50
Prompt 29,0.8300000000000001,190.05,44.0,1380000000.0,877000000.0,6669991936.0,0.55,-2208932405000000000,346,51
Prompt 29,0.8300000000000001,190.05,44.0,1380000000.0,877000000.0,6669991936.0,0.55,-2208932405000000000,346,52
Prompt 29,0.8300000000000001,190.05,44.0,1380000000.0,877000000.0,6669991936.0,0.55,-2208932405000000000,346,53
Prompt 29,0.8300000000000001,190.05,44.0,1380000000.0,877000000.0,6669991936.0,0.55,-2208932404000000000,346,54
Prompt 29,0.8300000000000001,190.05,44.0,1380000000.0,877000000.0,6669991936.0,0.55,-2208932404000000000,347,55
Prompt 29,0.8300000000000001,190.05,44.0,1380000000.0,877000000.0,6669991936.0,0.55,-2208932404000000000,347,56
,,,,,,,,-2208932404000000000,,
Prompt 30,0.8300000000000001,190.05,44.0,1380000000.0,877000000.0,6669991936.0,0.55,-2208932404000000000,347,1
,,,,,,,,-2208932404000000000,,
Prompt 31,0.8300000000000001,190.05,44.0,1380000000.0,877000000.0,6669991936.0,0.55,-2208932403000000000,347,1
Prompt 31,0.8300000000000001,190.05,44.0,1380000000.0,877000000.0,6669991936.0,0.55,-2208932403000000000,348,2
Prompt 31,0.8300000000000001,190.05,44.0,1380000000.0,877000000.0,6669991936.0,0.55,-2208932403000000000,348,3
Prompt 31,0.8300000000000001,190.05,44.0,1380000000.0,877000000.0,6669991936.0,0.55,-2208932403000000000,348,4
Prompt 31,0.8300000000000001,190.05,44.0,1380000000.0,877000000.0,6669991936.0,0.55,-2208932402000000000,348,5
,,,,,,,,-2208932402000000000,,
Prompt 32,0.8300000000000001,190.05,44.0,1380000000.0,877000000.0,6669991936.0,0.55,-2208932402000000000,348,1
Prompt 32,0.8300000000000001,190.05,44.0,1380000000.0,877000000.0,6669991936.0,0.55,-2208932402000000000,349,2
Prompt 32,0.8300000000000001,190.05,44.0,1380000000.0,877000000.0,6669991936.0,0.55,-2208932401000000000,349,3
Prompt 32,0.8300000000000001,190.05,44.0,1380000000.0,877000000.0,6669991936.0,0.55,-2208932401000000000,349,4
,,,,,,,,-2208932401000000000,,
Prompt 33,0.8300000000000001,190.05,44.0,1380000000.0,877000000.0,6669991936.0,0.55,-2208932401000000000,350,1
Prompt 33,0.8300000000000001,190.05,44.0,1380000000.0,877000000.0,6669991936.0,0.55,-2208932400000000000,350,2
Prompt 33,0.8300000000000001,190.05,44.0,1380000000.0,877000000.0,6669991936.0,0.55,-2208932400000000000,351,3
Prompt 33,0.8300000000000001,190.05,44.0,1380000000.0,877000000.0,6669991936.0,0.55,-2208932400000000000,351,4
Prompt 33,0.8300000000000001,190.05,44.0,1380000000.0,877000000.0,6669991936.0,0.55,-2208932399000000000,351,5
Prompt 33,0.8300000000000001,190.05,44.0,1380000000.0,877000000.0,6669991936.0,0.55,-2208932399000000000,351,6
,,,,,,,,-2208932399000000000,,
Prompt 34,0.8300000000000001,190.05,44.0,1380000000.0,877000000.0,6669991936.0,0.55,-2208932399000000000,352,1
Prompt 34,0.8300000000000001,190.05,44.0,1380000000.0,877000000.0,6669991936.0,0.55,-2208932399000000000,352,2
Prompt 34,0.8300000000000001,190.05,44.0,1380000000.0,877000000.0,6669991936.0,0.55,-2208932398000000000,352,3
Prompt 34,0.8300000000000001,190.05,44.0,1380000000.0,877000000.0,6669991936.0,0.55,-2208932398000000000,353,4
Prompt 34,0.8300000000000001,190.05,44.0,1380000000.0,877000000.0,6669991936.0,0.55,-2208932398000000000,353,5
Prompt 34,0.8300000000000001,194.27,43.0,1380000000.0,877000000.0,6669991936.0,0.55,-2208932397000000000,353,6
Prompt 34,0.79,194.27,43.0,1380000000.0,877000000.0,6669991936.0,0.55,-2208932397000000000,353,7
Prompt 34,0.79,194.27,43.0,1380000000.0,877000000.0,6669991936.0,0.55,-2208932397000000000,354,8
Prompt 34,0.79,194.27,43.0,1380000000.0,877000000.0,6669991936.0,0.55,-2208932397000000000,354,9
Prompt 34,0.79,194.27,43.0,1380000000.0,877000000.0,6669991936.0,0.55,-2208932396000000000,354,10
Prompt 34,0.79,194.27,43.0,1380000000.0,877000000.0,6669991936.0,0.55,-2208932396000000000,355,11
Prompt 34,0.79,194.27,43.0,1380000000.0,877000000.0,6669991936.0,0.55,-2208932396000000000,355,12
Prompt 34,0.79,194.27,43.0,1380000000.0,877000000.0,6669991936.0,0.55,-2208932395000000000,355,13
,,,,,,,,-2208932396000000000,,
Prompt 35,0.79,194.27,43.0,1380000000.0,877000000.0,6669991936.0,0.55,-2208932394000000000,357,1
Prompt 35,0.79,194.27,43.0,1380000000.0,877000000.0,6669991936.0,0.55,-2208932394000000000,357,2
Prompt 35,0.79,194.27,43.0,1380000000.0,877000000.0,6669991936.0,0.55,-2208932393000000000,357,3
Prompt 35,0.79,194.27,43.0,1380000000.0,877000000.0,6669991936.0,0.55,-2208932393000000000,358,4
Prompt 35,0.79,194.27,43.0,1380000000.0,877000000.0,6669991936.0,0.55,-2208932393000000000,358,5
,,,,,,,,-2208932393000000000,,
Prompt 36,0.79,194.27,43.0,1380000000.0,877000000.0,6669991936.0,0.55,-2208932392000000000,358,1
Prompt 36,0.79,194.27,43.0,1380000000.0,877000000.0,6669991936.0,0.55,-2208932392000000000,358,2
Prompt 36,0.79,194.27,43.0,1380000000.0,877000000.0,6669991936.0,0.55,-2208932392000000000,359,3
Prompt 36,0.79,194.27,43.0,1380000000.0,877000000.0,6669991936.0,0.55,-2208932391000000000,359,4
Prompt 36,0.79,194.27,43.0,1380000000.0,877000000.0,6669991936.0,0.55,-2208932391000000000,359,5
Prompt 36,0.79,194.27,43.0,1380000000.0,877000000.0,6669991936.0,0.55,-2208932391000000000,360,6
Prompt 36,0.79,194.27,43.0,1380000000.0,877000000.0,6669991936.0,0.55,-2208932391000000000,360,7
Prompt 36,0.79,194.27,43.0,1380000000.0,877000000.0,6669991936.0,0.55,-2208932390000000000,360,8
Prompt 36,0.79,194.27,43.0,1380000000.0,877000000.0,6669991936.0,0.55,-2208932390000000000,361,9
Prompt 36,0.79,194.27,43.0,1380000000.0,877000000.0,6669991936.0,0.55,-2208932390000000000,361,10
Prompt 36,0.79,194.27,43.0,1380000000.0,877000000.0,6669991936.0,0.55,-2208932389000000000,361,11
Prompt 36,0.79,194.27,43.0,1380000000.0,877000000.0,6669991936.0,0.55,-2208932389000000000,361,12
Prompt 36,0.79,194.27,43.0,1380000000.0,877000000.0,6669991936.0,0.55,-2208932389000000000,362,13
Prompt 36,0.79,194.27,43.0,1380000000.0,877000000.0,6669991936.0,0.55,-2208932388000000000,362,14
Prompt 36,0.79,194.27,43.0,1380000000.0,877000000.0,6669991936.0,0.55,-2208932388000000000,363,15
Prompt 36,0.79,194.27,43.0,1380000000.0,877000000.0,6669991936.0,0.55,-2208932388000000000,363,16
Prompt 36,0.79,194.27,43.0,1380000000.0,877000000.0,6669991936.0,0.55,-2208932387000000000,363,17
,,,,,,,,-2208932388000000000,,
Prompt 37,0.79,194.27,43.0,1380000000.0,877000000.0,6669991936.0,0.55,-2208932387000000000,363,1
Prompt 37,0.79,194.27,43.0,1380000000.0,877000000.0,6669991936.0,0.55,-2208932387000000000,364,2
Prompt 37,0.79,194.27,43.0,1380000000.0,877000000.0,6669991936.0,0.55,-2208932387000000000,364,3
Prompt 37,0.79,194.27,43.0,1380000000.0,877000000.0,6669991936.0,0.55,-2208932386000000000,364,4
Prompt 37,0.79,194.27,43.0,1380000000.0,877000000.0,6669991936.0,0.55,-2208932385000000000,365,5
Prompt 37,0.79,194.27,43.0,1380000000.0,877000000.0,6669991936.0,0.55,-2208932385000000000,366,6
Prompt 37,0.79,194.27,43.0,1380000000.0,877000000.0,6669991936.0,0.55,-2208932385000000000,366,7
Prompt 37,0.79,194.27,43.0,1380000000.0,877000000.0,6669991936.0,0.55,-2208932384000000000,366,8
Prompt 37,0.79,194.27,43.0,1380000000.0,877000000.0,6669991936.0,0.55,-2208932384000000000,367,9
Prompt 37,0.79,194.27,43.0,1380000000.0,877000000.0,6669991936.0,0.55,-2208932384000000000,367,10
Prompt 37,0.79,194.27,43.0,1380000000.0,877000000.0,6669991936.0,0.55,-2208932383000000000,367,11
Prompt 37,0.79,194.27,43.0,1380000000.0,877000000.0,6669991936.0,0.55,-2208932383000000000,368,12
Prompt 37,0.79,194.27,43.0,1380000000.0,877000000.0,6669991936.0,0.55,-2208932383000000000,368,13
Prompt 37,0.8300000000000001,183.74,44.0,1380000000.0,877000000.0,6669991936.0,0.55,-2208932382000000000,368,14
Prompt 37,0.8300000000000001,183.74,44.0,1380000000.0,877000000.0,6669991936.0,0.55,-2208932382000000000,369,15
Prompt 37,0.8300000000000001,183.74,44.0,1380000000.0,877000000.0,6669991936.0,0.55,-2208932382000000000,369,16
,,,,,,,,-2208932382000000000,,
Prompt 38,0.8300000000000001,183.74,44.0,1380000000.0,877000000.0,6669991936.0,0.55,-2208932381000000000,369,1
Prompt 38,0.8300000000000001,183.74,44.0,1380000000.0,877000000.0,6669991936.0,0.55,-2208932381000000000,369,2
Prompt 38,0.8300000000000001,183.74,44.0,1380000000.0,877000000.0,6669991936.0,0.55,-2208932381000000000,370,3
Prompt 38,0.8300000000000001,183.74,44.0,1380000000.0,877000000.0,6669991936.0,0.55,-2208932381000000000,370,4
Prompt 38,0.8300000000000001,183.74,44.0,1380000000.0,877000000.0,6669991936.0,0.55,-2208932380000000000,370,5
Prompt 38,0.8300000000000001,183.74,44.0,1380000000.0,877000000.0,6669991936.0,0.55,-2208932380000000000,371,6
Prompt 38,0.8300000000000001,183.74,44.0,1380000000.0,877000000.0,6669991936.0,0.55,-2208932380000000000,371,7
Prompt 38,0.8300000000000001,183.74,44.0,1380000000.0,877000000.0,6669991936.0,0.55,-2208932379000000000,371,8
Prompt 38,0.8300000000000001,183.74,44.0,1380000000.0,877000000.0,6669991936.0,0.55,-2208932379000000000,372,9
Prompt 38,0.8300000000000001,183.74,44.0,1380000000.0,877000000.0,6669991936.0,0.55,-2208932379000000000,372,10
Prompt 38,0.8300000000000001,183.74,44.0,1380000000.0,877000000.0,6669991936.0,0.55,-2208932378000000000,372,11
Prompt 38,0.8300000000000001,183.74,44.0,1380000000.0,877000000.0,6669991936.0,0.55,-2208932378000000000,373,12
Prompt 38,0.8300000000000001,183.74,44.0,1380000000.0,877000000.0,6669991936.0,0.55,-2208932378000000000,373,13
Prompt 38,0.8300000000000001,183.74,44.0,1380000000.0,877000000.0,6669991936.0,0.55,-2208932377000000000,373,14
Prompt 38,0.8300000000000001,183.74,44.0,1380000000.0,877000000.0,6669991936.0,0.55,-2208932377000000000,373,15
Prompt 38,0.8300000000000001,183.74,44.0,1380000000.0,877000000.0,6669991936.0,0.55,-2208932377000000000,374,16
Prompt 38,0.8300000000000001,183.74,44.0,1380000000.0,877000000.0,6669991936.0,0.55,-2208932377000000000,374,17
Prompt 38,0.8300000000000001,183.74,44.0,1380000000.0,877000000.0,6669991936.0,0.55,-2208932376000000000,374,18
Prompt 38,0.8300000000000001,183.74,44.0,1380000000.0,877000000.0,6669991936.0,0.55,-2208932376000000000,375,19
Prompt 38,0.8300000000000001,183.74,44.0,1380000000.0,877000000.0,6669991936.0,0.55,-2208932376000000000,375,20
Prompt 38,0.8300000000000001,183.74,44.0,1380000000.0,877000000.0,6669991936.0,0.55,-2208932376000000000,375,21
Prompt 38,0.8300000000000001,183.74,44.0,1380000000.0,877000000.0,6669991936.0,0.55,-2208932375000000000,375,22
Prompt 38,0.8300000000000001,183.74,44.0,1380000000.0,877000000.0,6669991936.0,0.55,-2208932375000000000,375,23
Prompt 38,0.8300000000000001,183.74,44.0,1380000000.0,877000000.0,6669991936.0,0.55,-2208932375000000000,376,24
Prompt 38,0.8300000000000001,183.74,44.0,1380000000.0,877000000.0,6669991936.0,0.55,-2208932375000000000,376,25
Prompt 38,0.8300000000000001,183.74,44.0,1380000000.0,877000000.0,6669991936.0,0.55,-2208932374000000000,376,26
Prompt 38,0.8300000000000001,183.74,44.0,1380000000.0,877000000.0,6669991936.0,0.55,-2208932374000000000,376,27
Prompt 38,0.8300000000000001,183.74,44.0,1380000000.0,877000000.0,6669991936.0,0.55,-2208932374000000000,377,28
Prompt 38,0.8300000000000001,183.74,44.0,1380000000.0,877000000.0,6669991936.0,0.55,-2208932374000000000,377,29
Prompt 38,0.8300000000000001,183.74,44.0,1380000000.0,877000000.0,6669991936.0,0.55,-2208932373000000000,377,30
Prompt 38,0.8300000000000001,183.74,44.0,1380000000.0,877000000.0,6669991936.0,0.55,-2208932373000000000,377,31
Prompt 38,0.8300000000000001,183.74,44.0,1380000000.0,877000000.0,6669991936.0,0.55,-2208932373000000000,378,32
Prompt 38,0.8300000000000001,183.74,44.0,1380000000.0,877000000.0,6669991936.0,0.55,-2208932373000000000,378,33
Prompt 38,0.8300000000000001,183.74,44.0,1380000000.0,877000000.0,6669991936.0,0.55,-2208932373000000000,378,34
Prompt 38,0.8300000000000001,183.74,44.0,1380000000.0,877000000.0,6669991936.0,0.55,-2208932372000000000,378,35
,,,,,,,,-2208932372000000000,,
Prompt 39,0.8300000000000001,183.74,44.0,1380000000.0,877000000.0,6669991936.0,0.55,-2208932372000000000,379,1
Prompt 39,0.8300000000000001,183.74,44.0,1380000000.0,877000000.0,6669991936.0,0.55,-2208932372000000000,379,2
Prompt 39,0.8300000000000001,183.74,44.0,1380000000.0,877000000.0,6669991936.0,0.55,-2208932372000000000,379,3
Prompt 39,0.8300000000000001,183.74,44.0,1380000000.0,877000000.0,6669991936.0,0.55,-2208932371000000000,379,4
Prompt 39,0.8300000000000001,183.74,44.0,1380000000.0,877000000.0,6669991936.0,0.55,-2208932371000000000,379,5
Prompt 39,0.8300000000000001,183.74,44.0,1380000000.0,877000000.0,6669991936.0,0.55,-2208932371000000000,380,6
Prompt 39,0.8300000000000001,183.74,44.0,1380000000.0,877000000.0,6669991936.0,0.55,-2208932371000000000,380,7
Prompt 39,0.8300000000000001,183.74,44.0,1380000000.0,877000000.0,6669991936.0,0.55,-2208932370000000000,380,8
Prompt 39,0.8300000000000001,183.74,44.0,1380000000.0,877000000.0,6669991936.0,0.55,-2208932370000000000,380,9
Prompt 39,0.8300000000000001,183.74,44.0,1380000000.0,877000000.0,6669991936.0,0.55,-2208932370000000000,381,10
Prompt 39,0.8300000000000001,183.74,44.0,1380000000.0,877000000.0,6669991936.0,0.55,-2208932370000000000,381,11
Prompt 39,0.8300000000000001,183.74,44.0,1380000000.0,877000000.0,6669991936.0,0.55,-2208932369000000000,381,12
Prompt 39,0.8300000000000001,183.74,44.0,1380000000.0,877000000.0,6669991936.0,0.55,-2208932369000000000,381,13
Prompt 39,0.8300000000000001,183.74,44.0,1380000000.0,877000000.0,6669991936.0,0.55,-2208932369000000000,382,14
Prompt 39,0.8300000000000001,183.74,44.0,1380000000.0,877000000.0,6669991936.0,0.55,-2208932369000000000,382,15
Prompt 39,0.8300000000000001,183.74,44.0,1380000000.0,877000000.0,6669991936.0,0.55,-2208932368000000000,382,16
Prompt 39,0.8300000000000001,183.74,44.0,1380000000.0,877000000.0,6669991936.0,0.55,-2208932368000000000,382,17
Prompt 39,0.8300000000000001,183.74,44.0,1380000000.0,877000000.0,6669991936.0,0.55,-2208932368000000000,383,18
Prompt 39,0.8300000000000001,183.74,44.0,1380000000.0,877000000.0,6669991936.0,0.55,-2208932368000000000,383,19
Prompt 39,0.8300000000000001,189.79,44.0,1380000000.0,877000000.0,6669991936.0,0.53,-2208932368000000000,383,20
Prompt 39,0.8,189.79,44.0,1380000000.0,877000000.0,6669991936.0,0.53,-2208932367000000000,383,21
Prompt 39,0.8,189.79,44.0,1380000000.0,877000000.0,6669991936.0,0.53,-2208932367000000000,384,22
Prompt 39,0.8,189.79,44.0,1380000000.0,877000000.0,6669991936.0,0.53,-2208932367000000000,384,23
Prompt 39,0.8,189.79,44.0,1380000000.0,877000000.0,6669991936.0,0.53,-2208932367000000000,384,24
Prompt 39,0.8,189.79,44.0,1380000000.0,877000000.0,6669991936.0,0.53,-2208932366000000000,384,25
Prompt 39,0.8,189.79,44.0,1380000000.0,877000000.0,6669991936.0,0.53,-2208932366000000000,384,26
Prompt 39,0.8,189.79,44.0,1380000000.0,877000000.0,6669991936.0,0.53,-2208932366000000000,385,27
Prompt 39,0.8,189.79,44.0,1380000000.0,877000000.0,6669991936.0,0.53,-2208932366000000000,385,28
Prompt 39,0.8,189.79,44.0,1380000000.0,877000000.0,6669991936.0,0.53,-2208932365000000000,385,29
Prompt 39,0.8,189.79,44.0,1380000000.0,877000000.0,6669991936.0,0.53,-2208932365000000000,385,30
Prompt 39,0.8,189.79,44.0,1380000000.0,877000000.0,6669991936.0,0.53,-2208932365000000000,386,31
Prompt 39,0.8,189.79,44.0,1380000000.0,877000000.0,6669991936.0,0.53,-2208932365000000000,386,32
Prompt 39,0.8,189.79,44.0,1380000000.0,877000000.0,6669991936.0,0.53,-2208932365000000000,386,33
Prompt 39,0.8,189.79,44.0,1380000000.0,877000000.0,6669991936.0,0.53,-2208932364000000000,386,34
Prompt 39,0.8,189.79,44.0,1380000000.0,877000000.0,6669991936.0,0.53,-2208932364000000000,386,35
Prompt 39,0.8,189.79,44.0,1380000000.0,877000000.0,6669991936.0,0.53,-2208932364000000000,387,36
Prompt 39,0.8,189.79,44.0,1380000000.0,877000000.0,6669991936.0,0.53,-2208932364000000000,387,37
Prompt 39,0.8,189.79,44.0,1380000000.0,877000000.0,6669991936.0,0.53,-2208932363000000000,387,38
Prompt 39,0.8,189.79,44.0,1380000000.0,877000000.0,6669991936.0,0.53,-2208932363000000000,387,39
Prompt 39,0.8,189.79,44.0,1380000000.0,877000000.0,6669991936.0,0.53,-2208932363000000000,388,40
Prompt 39,0.8,189.79,44.0,1380000000.0,877000000.0,6669991936.0,0.53,-2208932363000000000,388,41
Prompt 39,0.8,189.79,44.0,1380000000.0,877000000.0,6669991936.0,0.53,-2208932363000000000,388,42
Prompt 39,0.8,189.79,44.0,1380000000.0,877000000.0,6669991936.0,0.53,-2208932362000000000,388,43
,,,,,,,,-2208932362000000000,,
Prompt 40,0.8,189.79,44.0,1380000000.0,877000000.0,6669991936.0,0.53,-2208932362000000000,389,1
Prompt 40,0.8,189.79,44.0,1380000000.0,877000000.0,6669991936.0,0.53,-2208932362000000000,389,2
Prompt 40,0.8,189.79,44.0,1380000000.0,877000000.0,6669991936.0,0.53,-2208932361000000000,389,3
Prompt 40,0.8,189.79,44.0,1380000000.0,877000000.0,6669991936.0,0.53,-2208932361000000000,389,4
Prompt 40,0.8,189.79,44.0,1380000000.0,877000000.0,6669991936.0,0.53,-2208932361000000000,390,5
,,,,,,,,-2208932361000000000,,
Prompt 41,0.8,189.79,44.0,1380000000.0,877000000.0,6669991936.0,0.53,-2208932361000000000,390,1
Prompt 41,0.8,189.79,44.0,1380000000.0,877000000.0,6669991936.0,0.53,-2208932360000000000,390,2
Prompt 41,0.8,189.79,44.0,1380000000.0,877000000.0,6669991936.0,0.53,-2208932360000000000,390,3
Prompt 41,0.8,189.79,44.0,1380000000.0,877000000.0,6669991936.0,0.53,-2208932360000000000,391,4
Prompt 41,0.8,189.79,44.0,1380000000.0,877000000.0,6669991936.0,0.53,-2208932360000000000,391,5
Prompt 41,0.8,189.79,44.0,1380000000.0,877000000.0,6669991936.0,0.53,-2208932359000000000,391,6
Prompt 41,0.8,189.79,44.0,1380000000.0,877000000.0,6669991936.0,0.53,-2208932359000000000,391,7
Prompt 41,0.8,189.79,44.0,1380000000.0,877000000.0,6669991936.0,0.53,-2208932359000000000,392,8
,,,,,,,,-2208932359000000000,,
Prompt 42,0.8,189.79,44.0,1380000000.0,877000000.0,6669991936.0,0.53,-2208932359000000000,392,1
Prompt 42,0.8,189.79,44.0,1380000000.0,877000000.0,6669991936.0,0.53,-2208932358000000000,392,2
Prompt 42,0.8,189.79,44.0,1380000000.0,877000000.0,6669991936.0,0.53,-2208932358000000000,392,3
Prompt 42,0.8,189.79,44.0,1380000000.0,877000000.0,6669991936.0,0.53,-2208932358000000000,393,4
Prompt 42,0.8,189.79,44.0,1380000000.0,877000000.0,6669991936.0,0.53,-2208932358000000000,393,5
Prompt 42,0.8,189.79,44.0,1380000000.0,877000000.0,6669991936.0,0.53,-2208932357000000000,393,6
Prompt 42,0.8,189.79,44.0,1380000000.0,877000000.0,6669991936.0,0.53,-2208932357000000000,393,7
Prompt 42,0.8,189.79,44.0,1380000000.0,877000000.0,6669991936.0,0.53,-2208932357000000000,394,8
Prompt 42,0.8,189.79,44.0,1380000000.0,877000000.0,6669991936.0,0.53,-2208932357000000000,394,9
Prompt 42,0.8,189.79,44.0,1380000000.0,877000000.0,6669991936.0,0.53,-2208932357000000000,394,10
Prompt 42,0.8,189.79,44.0,1380000000.0,877000000.0,6669991936.0,0.53,-2208932356000000000,394,11
Prompt 42,0.8,189.79,44.0,1380000000.0,877000000.0,6669991936.0,0.53,-2208932356000000000,394,12
Prompt 42,0.8,189.79,44.0,1380000000.0,877000000.0,6669991936.0,0.53,-2208932356000000000,395,13
Prompt 42,0.8,189.79,44.0,1380000000.0,877000000.0,6669991936.0,0.53,-2208932356000000000,395,14
Prompt 42,0.8,189.79,44.0,1380000000.0,877000000.0,6669991936.0,0.53,-2208932355000000000,395,15
Prompt 42,0.8,189.79,44.0,1380000000.0,877000000.0,6669991936.0,0.53,-2208932355000000000,395,16
,,,,,,,,-2208932355000000000,,
Prompt 43,0.8,189.79,44.0,1380000000.0,877000000.0,6669991936.0,0.53,-2208932355000000000,396,1
Prompt 43,0.8,189.79,44.0,1380000000.0,877000000.0,6669991936.0,0.53,-2208932355000000000,396,2
Prompt 43,0.8,189.79,44.0,1380000000.0,877000000.0,6669991936.0,0.53,-2208932354000000000,396,3
Prompt 43,0.8,189.79,44.0,1380000000.0,877000000.0,6669991936.0,0.53,-2208932354000000000,396,4
Prompt 43,0.8,189.79,44.0,1380000000.0,877000000.0,6669991936.0,0.53,-2208932354000000000,397,5
Prompt 43,0.8,189.79,44.0,1380000000.0,877000000.0,6669991936.0,0.53,-2208932354000000000,397,6
Prompt 43,0.8,189.79,44.0,1380000000.0,877000000.0,6669991936.0,0.53,-2208932353000000000,397,7
Prompt 43,0.8,189.79,44.0,1380000000.0,877000000.0,6669991936.0,0.53,-2208932353000000000,398,8
Prompt 43,0.8,189.79,44.0,1380000000.0,877000000.0,6669991936.0,0.53,-2208932353000000000,398,9
Prompt 43,0.8,189.79,44.0,1380000000.0,877000000.0,6669991936.0,0.55,-2208932353000000000,398,10
Prompt 43,0.79,185.94,44.0,1380000000.0,877000000.0,6669991936.0,0.55,-2208932352000000000,398,11
Prompt 43,0.79,185.94,44.0,1380000000.0,877000000.0,6669991936.0,0.55,-2208932352000000000,398,12
Prompt 43,0.79,185.94,44.0,1380000000.0,877000000.0,6669991936.0,0.55,-2208932352000000000,399,13
Prompt 43,0.79,185.94,44.0,1380000000.0,877000000.0,6669991936.0,0.55,-2208932352000000000,399,14
Prompt 43,0.79,185.94,44.0,1380000000.0,877000000.0,6669991936.0,0.55,-2208932352000000000,399,15
Prompt 43,0.79,185.94,44.0,1380000000.0,877000000.0,6669991936.0,0.55,-2208932351000000000,399,16
Prompt 43,0.79,185.94,44.0,1380000000.0,877000000.0,6669991936.0,0.55,-2208932351000000000,399,17
Prompt 43,0.79,185.94,44.0,1380000000.0,877000000.0,6669991936.0,0.55,-2208932351000000000,400,18
Prompt 43,0.79,185.94,44.0,1380000000.0,877000000.0,6669991936.0,0.55,-2208932351000000000,400,19
,,,,,,,,-2208932351000000000,,
Prompt 44,0.79,185.94,44.0,1380000000.0,877000000.0,6669991936.0,0.55,-2208932350000000000,400,1
Prompt 44,0.79,185.94,44.0,1380000000.0,877000000.0,6669991936.0,0.55,-2208932350000000000,400,2
Prompt 44,0.79,185.94,44.0,1380000000.0,877000000.0,6669991936.0,0.55,-2208932350000000000,401,3
Prompt 44,0.79,185.94,44.0,1380000000.0,877000000.0,6669991936.0,0.55,-2208932350000000000,401,4
Prompt 44,0.79,185.94,44.0,1380000000.0,877000000.0,6669991936.0,0.55,-2208932349000000000,401,5
Prompt 44,0.79,185.94,44.0,1380000000.0,877000000.0,6669991936.0,0.55,-2208932349000000000,401,6
Prompt 44,0.79,185.94,44.0,1380000000.0,877000000.0,6669991936.0,0.55,-2208932349000000000,402,7
Prompt 44,0.79,185.94,44.0,1380000000.0,877000000.0,6669991936.0,0.55,-2208932349000000000,402,8
Prompt 44,0.79,185.94,44.0,1380000000.0,877000000.0,6669991936.0,0.55,-2208932348000000000,402,9
Prompt 44,0.79,185.94,44.0,1380000000.0,877000000.0,6669991936.0,0.55,-2208932348000000000,403,10
Prompt 44,0.79,185.94,44.0,1380000000.0,877000000.0,6669991936.0,0.55,-2208932348000000000,403,11
Prompt 44,0.79,185.94,44.0,1380000000.0,877000000.0,6669991936.0,0.55,-2208932347000000000,403,12
Prompt 44,0.79,185.94,44.0,1380000000.0,877000000.0,6669991936.0,0.55,-2208932347000000000,403,13
Prompt 44,0.79,185.94,44.0,1380000000.0,877000000.0,6669991936.0,0.55,-2208932347000000000,404,14
Prompt 44,0.79,185.94,44.0,1380000000.0,877000000.0,6669991936.0,0.55,-2208932347000000000,404,15
Prompt 44,0.79,185.94,44.0,1380000000.0,877000000.0,6669991936.0,0.55,-2208932346000000000,404,16
Prompt 44,0.79,185.94,44.0,1380000000.0,877000000.0,6669991936.0,0.55,-2208932346000000000,404,17
Prompt 44,0.79,185.94,44.0,1380000000.0,877000000.0,6669991936.0,0.55,-2208932346000000000,405,18
Prompt 44,0.79,185.94,44.0,1380000000.0,877000000.0,6669991936.0,0.55,-2208932346000000000,405,19
Prompt 44,0.79,185.94,44.0,1380000000.0,877000000.0,6669991936.0,0.55,-2208932346000000000,405,20
Prompt 44,0.79,185.94,44.0,1380000000.0,877000000.0,6669991936.0,0.55,-2208932345000000000,405,21
Prompt 44,0.79,185.94,44.0,1380000000.0,877000000.0,6669991936.0,0.55,-2208932345000000000,406,22
Prompt 44,0.79,185.94,44.0,1380000000.0,877000000.0,6669991936.0,0.55,-2208932345000000000,406,23
Prompt 44,0.79,185.94,44.0,1380000000.0,877000000.0,6669991936.0,0.55,-2208932344000000000,406,24
Prompt 44,0.79,185.94,44.0,1380000000.0,877000000.0,6669991936.0,0.55,-2208932344000000000,406,25
Prompt 44,0.79,185.94,44.0,1380000000.0,877000000.0,6669991936.0,0.55,-2208932344000000000,407,26
Prompt 44,0.79,185.94,44.0,1380000000.0,877000000.0,6669991936.0,0.55,-2208932344000000000,407,27
Prompt 44,0.79,185.94,44.0,1380000000.0,877000000.0,6669991936.0,0.55,-2208932343000000000,407,28
Prompt 44,0.79,185.94,44.0,1380000000.0,877000000.0,6669991936.0,0.55,-2208932343000000000,407,29
Prompt 44,0.79,185.94,44.0,1380000000.0,877000000.0,6669991936.0,0.55,-2208932343000000000,408,30
Prompt 44,0.79,185.94,44.0,1380000000.0,877000000.0,6669991936.0,0.55,-2208932343000000000,408,31
Prompt 44,0.79,185.94,44.0,1380000000.0,877000000.0,6669991936.0,0.55,-2208932343000000000,408,32
Prompt 44,0.79,185.94,44.0,1380000000.0,877000000.0,6669991936.0,0.55,-2208932342000000000,408,33
Prompt 44,0.79,185.94,44.0,1380000000.0,877000000.0,6669991936.0,0.55,-2208932342000000000,409,34
Prompt 44,0.79,185.94,44.0,1380000000.0,877000000.0,6669991936.0,0.55,-2208932342000000000,409,35
Prompt 44,0.79,185.94,44.0,1380000000.0,877000000.0,6669991936.0,0.55,-2208932342000000000,409,36
Prompt 44,0.79,185.94,44.0,1380000000.0,877000000.0,6669991936.0,0.55,-2208932341000000000,409,37
Prompt 44,0.79,185.94,44.0,1380000000.0,877000000.0,6669991936.0,0.55,-2208932341000000000,410,38
Prompt 44,0.79,185.94,44.0,1380000000.0,877000000.0,6669991936.0,0.55,-2208932341000000000,410,39
Prompt 44,0.79,185.94,44.0,1380000000.0,877000000.0,6669991936.0,0.55,-2208932341000000000,410,40
Prompt 44,0.79,185.94,44.0,1380000000.0,877000000.0,6669991936.0,0.55,-2208932340000000000,410,41
,,,,,,,,-2208932340000000000,,
Prompt 45,0.79,185.94,44.0,1380000000.0,877000000.0,6669991936.0,0.55,-2208932340000000000,410,1
Prompt 45,0.79,185.94,44.0,1380000000.0,877000000.0,6669991936.0,0.55,-2208932340000000000,411,2
Prompt 45,0.79,185.94,44.0,1380000000.0,877000000.0,6669991936.0,0.55,-2208932340000000000,411,3
Prompt 45,0.79,185.94,44.0,1380000000.0,877000000.0,6669991936.0,0.55,-2208932339000000000,411,4
Prompt 45,0.79,185.94,44.0,1380000000.0,877000000.0,6669991936.0,0.55,-2208932339000000000,411,5
Prompt 45,0.79,185.94,44.0,1380000000.0,877000000.0,6669991936.0,0.55,-2208932339000000000,412,6
Prompt 45,0.79,185.94,44.0,1380000000.0,877000000.0,6669991936.0,0.55,-2208932339000000000,412,7
Prompt 45,0.79,185.94,44.0,1380000000.0,877000000.0,6669991936.0,0.55,-2208932338000000000,412,8
Prompt 45,0.79,185.94,44.0,1380000000.0,877000000.0,6669991936.0,0.55,-2208932338000000000,412,9
Prompt 45,0.79,185.94,44.0,1380000000.0,877000000.0,6669991936.0,0.55,-2208932338000000000,413,10
Prompt 45,0.79,185.94,44.0,1380000000.0,877000000.0,6669991936.0,0.55,-2208932338000000000,413,11
Prompt 45,0.79,177.97,44.0,1380000000.0,877000000.0,6669991936.0,0.5700000000000001,-2208932338000000000,413,12
Prompt 45,0.8200000000000001,177.97,44.0,1380000000.0,877000000.0,6669991936.0,0.5700000000000001,-2208932337000000000,413,13
Prompt 45,0.8200000000000001,177.97,44.0,1380000000.0,877000000.0,6669991936.0,0.5700000000000001,-2208932337000000000,413,14
Prompt 45,0.8200000000000001,177.97,44.0,1380000000.0,877000000.0,6669991936.0,0.5700000000000001,-2208932337000000000,414,15
Prompt 45,0.8200000000000001,177.97,44.0,1380000000.0,877000000.0,6669991936.0,0.5700000000000001,-2208932337000000000,414,16
Prompt 45,0.8200000000000001,177.97,44.0,1380000000.0,877000000.0,6669991936.0,0.5700000000000001,-2208932336000000000,414,17
Prompt 45,0.8200000000000001,177.97,44.0,1380000000.0,877000000.0,6669991936.0,0.5700000000000001,-2208932336000000000,414,18
Prompt 45,0.8200000000000001,177.97,44.0,1380000000.0,877000000.0,6669991936.0,0.5700000000000001,-2208932336000000000,415,19
,,,,,,,,-2208932336000000000,,
Prompt 46,0.8200000000000001,177.97,44.0,1380000000.0,877000000.0,6669991936.0,0.5700000000000001,-2208932336000000000,415,1
Prompt 46,0.8200000000000001,177.97,44.0,1380000000.0,877000000.0,6669991936.0,0.5700000000000001,-2208932336000000000,415,2
Prompt 46,0.8200000000000001,177.97,44.0,1380000000.0,877000000.0,6669991936.0,0.5700000000000001,-2208932335000000000,415,3
Prompt 46,0.8200000000000001,177.97,44.0,1380000000.0,877000000.0,6669991936.0,0.5700000000000001,-2208932335000000000,415,4
Prompt 46,0.8200000000000001,177.97,44.0,1380000000.0,877000000.0,6669991936.0,0.5700000000000001,-2208932335000000000,416,5
Prompt 46,0.8200000000000001,177.97,44.0,1380000000.0,877000000.0,6669991936.0,0.5700000000000001,-2208932335000000000,416,6
Prompt 46,0.8200000000000001,177.97,44.0,1380000000.0,877000000.0,6669991936.0,0.5700000000000001,-2208932335000000000,416,7
Prompt 46,0.8200000000000001,177.97,44.0,1380000000.0,877000000.0,6669991936.0,0.5700000000000001,-2208932334000000000,416,8
Prompt 46,0.8200000000000001,177.97,44.0,1380000000.0,877000000.0,6669991936.0,0.5700000000000001,-2208932334000000000,416,9
Prompt 46,0.8200000000000001,177.97,44.0,1380000000.0,877000000.0,6669991936.0,0.5700000000000001,-2208932334000000000,417,10
Prompt 46,0.8200000000000001,177.97,44.0,1380000000.0,877000000.0,6669991936.0,0.5700000000000001,-2208932334000000000,417,11
Prompt 46,0.8200000000000001,177.97,44.0,1380000000.0,877000000.0,6669991936.0,0.5700000000000001,-2208932333000000000,417,12
Prompt 46,0.8200000000000001,177.97,44.0,1380000000.0,877000000.0,6669991936.0,0.5700000000000001,-2208932333000000000,417,13
Prompt 46,0.8200000000000001,177.97,44.0,1380000000.0,877000000.0,6669991936.0,0.5700000000000001,-2208932333000000000,418,14
Prompt 46,0.8200000000000001,177.97,44.0,1380000000.0,877000000.0,6669991936.0,0.5700000000000001,-2208932333000000000,418,15
Prompt 46,0.8200000000000001,177.97,44.0,1380000000.0,877000000.0,6669991936.0,0.5700000000000001,-2208932332000000000,418,16
Prompt 46,0.8200000000000001,177.97,44.0,1380000000.0,877000000.0,6669991936.0,0.5700000000000001,-2208932332000000000,418,17
Prompt 46,0.8200000000000001,177.97,44.0,1380000000.0,877000000.0,6669991936.0,0.5700000000000001,-2208932332000000000,419,18
Prompt 46,0.8200000000000001,177.97,44.0,1380000000.0,877000000.0,6669991936.0,0.5700000000000001,-2208932332000000000,419,19
Prompt 46,0.8200000000000001,177.97,44.0,1380000000.0,877000000.0,6669991936.0,0.5700000000000001,-2208932331000000000,419,20
Prompt 46,0.8200000000000001,177.97,44.0,1380000000.0,877000000.0,6669991936.0,0.5700000000000001,-2208932331000000000,419,21
Prompt 46,0.8200000000000001,177.97,44.0,1380000000.0,877000000.0,6669991936.0,0.5700000000000001,-2208932331000000000,420,22
Prompt 46,0.8200000000000001,177.97,44.0,1380000000.0,877000000.0,6669991936.0,0.5700000000000001,-2208932331000000000,420,23
Prompt 46,0.8200000000000001,177.97,44.0,1380000000.0,877000000.0,6669991936.0,0.5700000000000001,-2208932331000000000,420,24
Prompt 46,0.8200000000000001,177.97,44.0,1380000000.0,877000000.0,6669991936.0,0.5700000000000001,-2208932330000000000,420,25
Prompt 46,0.8200000000000001,177.97,44.0,1380000000.0,877000000.0,6669991936.0,0.5700000000000001,-2208932330000000000,421,26
Prompt 46,0.8200000000000001,177.97,44.0,1380000000.0,877000000.0,6669991936.0,0.5700000000000001,-2208932330000000000,421,27
Prompt 46,0.8200000000000001,177.97,44.0,1380000000.0,877000000.0,6669991936.0,0.5700000000000001,-2208932330000000000,421,28
Prompt 46,0.8200000000000001,177.97,44.0,1380000000.0,877000000.0,6669991936.0,0.5700000000000001,-2208932329000000000,421,29
Prompt 46,0.8200000000000001,177.97,44.0,1380000000.0,877000000.0,6669991936.0,0.5700000000000001,-2208932329000000000,421,30
Prompt 46,0.8200000000000001,177.97,44.0,1380000000.0,877000000.0,6669991936.0,0.5700000000000001,-2208932329000000000,422,31
Prompt 46,0.8200000000000001,177.97,44.0,1380000000.0,877000000.0,6669991936.0,0.5700000000000001,-2208932329000000000,422,32
Prompt 46,0.8200000000000001,177.97,44.0,1380000000.0,877000000.0,6669991936.0,0.5700000000000001,-2208932328000000000,422,33
Prompt 46,0.8200000000000001,177.97,44.0,1380000000.0,877000000.0,6669991936.0,0.5700000000000001,-2208932328000000000,422,34
Prompt 46,0.8200000000000001,177.97,44.0,1380000000.0,877000000.0,6669991936.0,0.5700000000000001,-2208932328000000000,423,35
Prompt 46,0.8200000000000001,177.97,44.0,1380000000.0,877000000.0,6669991936.0,0.5700000000000001,-2208932328000000000,423,36
Prompt 46,0.8200000000000001,177.97,44.0,1380000000.0,877000000.0,6669991936.0,0.5700000000000001,-2208932327000000000,423,37
Prompt 46,0.8200000000000001,177.97,44.0,1380000000.0,877000000.0,6669991936.0,0.5700000000000001,-2208932327000000000,423,38
Prompt 46,0.8200000000000001,177.97,44.0,1380000000.0,877000000.0,6669991936.0,0.5700000000000001,-2208932327000000000,424,39
Prompt 46,0.8200000000000001,177.97,44.0,1380000000.0,877000000.0,6669991936.0,0.5700000000000001,-2208932327000000000,424,40
Prompt 46,0.8200000000000001,177.97,44.0,1380000000.0,877000000.0,6669991936.0,0.5700000000000001,-2208932326000000000,424,41
Prompt 46,0.8200000000000001,177.97,44.0,1380000000.0,877000000.0,6669991936.0,0.5700000000000001,-2208932326000000000,424,42
Prompt 46,0.8200000000000001,177.97,44.0,1380000000.0,877000000.0,6669991936.0,0.5700000000000001,-2208932326000000000,425,43
Prompt 46,0.8200000000000001,177.97,44.0,1380000000.0,877000000.0,6669991936.0,0.5700000000000001,-2208932326000000000,425,44
Prompt 46,0.8200000000000001,177.97,44.0,1380000000.0,877000000.0,6669991936.0,0.5700000000000001,-2208932326000000000,425,45
Prompt 46,0.8200000000000001,177.97,44.0,1380000000.0,877000000.0,6669991936.0,0.5700000000000001,-2208932325000000000,425,46
Prompt 46,0.8200000000000001,177.97,44.0,1380000000.0,877000000.0,6669991936.0,0.5700000000000001,-2208932325000000000,425,47
,,,,,,,,-2208932325000000000,,
Prompt 47,0.8200000000000001,177.97,44.0,1380000000.0,877000000.0,6669991936.0,0.5700000000000001,-2208932325000000000,426,1
Prompt 47,0.8200000000000001,177.97,44.0,1380000000.0,877000000.0,6669991936.0,0.5700000000000001,-2208932324000000000,426,2
Prompt 47,0.8200000000000001,177.97,44.0,1380000000.0,877000000.0,6669991936.0,0.5700000000000001,-2208932324000000000,426,3
Prompt 47,0.8200000000000001,177.97,44.0,1380000000.0,877000000.0,6669991936.0,0.5700000000000001,-2208932324000000000,427,4
Prompt 47,0.8200000000000001,177.97,44.0,1380000000.0,877000000.0,6669991936.0,0.5700000000000001,-2208932324000000000,427,5
Prompt 47,0.8200000000000001,177.97,44.0,1380000000.0,877000000.0,6669991936.0,0.5700000000000001,-2208932323000000000,427,6
Prompt 47,0.8200000000000001,177.97,44.0,1380000000.0,877000000.0,6669991936.0,0.5700000000000001,-2208932323000000000,427,7
Prompt 47,0.8200000000000001,177.97,44.0,1380000000.0,877000000.0,6669991936.0,0.5700000000000001,-2208932323000000000,427,8
Prompt 47,0.8200000000000001,177.97,44.0,1380000000.0,877000000.0,6669991936.0,0.5700000000000001,-2208932323000000000,428,9
Prompt 47,0.8200000000000001,177.97,44.0,1380000000.0,877000000.0,6669991936.0,0.55,-2208932323000000000,428,10
Prompt 47,0.8,191.7,44.0,1380000000.0,877000000.0,6669991936.0,0.55,-2208932322000000000,428,11
Prompt 47,0.8,191.7,44.0,1380000000.0,877000000.0,6669991936.0,0.55,-2208932322000000000,428,12
Prompt 47,0.8,191.7,44.0,1380000000.0,877000000.0,6669991936.0,0.55,-2208932322000000000,429,13
Prompt 47,0.8,191.7,44.0,1380000000.0,877000000.0,6669991936.0,0.55,-2208932322000000000,429,14
Prompt 47,0.8,191.7,44.0,1380000000.0,877000000.0,6669991936.0,0.55,-2208932321000000000,429,15
Prompt 47,0.8,191.7,44.0,1380000000.0,877000000.0,6669991936.0,0.55,-2208932321000000000,429,16
Prompt 47,0.8,191.7,44.0,1380000000.0,877000000.0,6669991936.0,0.55,-2208932321000000000,430,17
Prompt 47,0.8,191.7,44.0,1380000000.0,877000000.0,6669991936.0,0.55,-2208932321000000000,430,18
Prompt 47,0.8,191.7,44.0,1380000000.0,877000000.0,6669991936.0,0.55,-2208932321000000000,430,19
Prompt 47,0.8,191.7,44.0,1380000000.0,877000000.0,6669991936.0,0.55,-2208932320000000000,430,20
Prompt 47,0.8,191.7,44.0,1380000000.0,877000000.0,6669991936.0,0.55,-2208932320000000000,430,21
Prompt 47,0.8,191.7,44.0,1380000000.0,877000000.0,6669991936.0,0.55,-2208932320000000000,431,22
Prompt 47,0.8,191.7,44.0,1380000000.0,877000000.0,6669991936.0,0.55,-2208932320000000000,431,23
Prompt 47,0.8,191.7,44.0,1380000000.0,877000000.0,6669991936.0,0.55,-2208932319000000000,431,24
Prompt 47,0.8,191.7,44.0,1380000000.0,877000000.0,6669991936.0,0.55,-2208932319000000000,431,25
Prompt 47,0.8,191.7,44.0,1380000000.0,877000000.0,6669991936.0,0.55,-2208932319000000000,432,26
Prompt 47,0.8,191.7,44.0,1380000000.0,877000000.0,6669991936.0,0.55,-2208932319000000000,432,27
Prompt 47,0.8,191.7,44.0,1380000000.0,877000000.0,6669991936.0,0.55,-2208932319000000000,432,28
,,,,,,,,-2208932319000000000,,
Prompt 48,0.8,191.7,44.0,1380000000.0,877000000.0,6669991936.0,0.55,-2208932318000000000,432,1
Prompt 48,0.8,191.7,44.0,1380000000.0,877000000.0,6669991936.0,0.55,-2208932318000000000,432,2
Prompt 48,0.8,191.7,44.0,1380000000.0,877000000.0,6669991936.0,0.55,-2208932318000000000,433,3
Prompt 48,0.8,191.7,44.0,1380000000.0,877000000.0,6669991936.0,0.55,-2208932318000000000,433,4
Prompt 48,0.8,191.7,44.0,1380000000.0,877000000.0,6669991936.0,0.55,-2208932318000000000,433,5
Prompt 48,0.8,191.7,44.0,1380000000.0,877000000.0,6669991936.0,0.55,-2208932317000000000,433,6
Prompt 48,0.8,191.7,44.0,1380000000.0,877000000.0,6669991936.0,0.55,-2208932317000000000,433,7
Prompt 48,0.8,191.7,44.0,1380000000.0,877000000.0,6669991936.0,0.55,-2208932317000000000,434,8
Prompt 48,0.8,191.7,44.0,1380000000.0,877000000.0,6669991936.0,0.55,-2208932317000000000,434,9
Prompt 48,0.8,191.7,44.0,1380000000.0,877000000.0,6669991936.0,0.55,-2208932317000000000,434,10
Prompt 48,0.8,191.7,44.0,1380000000.0,877000000.0,6669991936.0,0.55,-2208932316000000000,434,11
Prompt 48,0.8,191.7,44.0,1380000000.0,877000000.0,6669991936.0,0.55,-2208932316000000000,434,12
Prompt 48,0.8,191.7,44.0,1380000000.0,877000000.0,6669991936.0,0.55,-2208932316000000000,435,13
Prompt 48,0.8,191.7,44.0,1380000000.0,877000000.0,6669991936.0,0.55,-2208932316000000000,435,14
Prompt 48,0.8,191.7,44.0,1380000000.0,877000000.0,6669991936.0,0.55,-2208932315000000000,435,15
Prompt 48,0.8,191.7,44.0,1380000000.0,877000000.0,6669991936.0,0.55,-2208932315000000000,435,16
Prompt 48,0.8,191.7,44.0,1380000000.0,877000000.0,6669991936.0,0.55,-2208932315000000000,436,17
Prompt 48,0.8,191.7,44.0,1380000000.0,877000000.0,6669991936.0,0.55,-2208932315000000000,436,18
Prompt 48,0.8,191.7,44.0,1380000000.0,877000000.0,6669991936.0,0.55,-2208932315000000000,436,19
Prompt 48,0.8,191.7,44.0,1380000000.0,877000000.0,6669991936.0,0.55,-2208932314000000000,436,20
Prompt 48,0.8,191.7,44.0,1380000000.0,877000000.0,6669991936.0,0.55,-2208932314000000000,436,21
Prompt 48,0.8,191.7,44.0,1380000000.0,877000000.0,6669991936.0,0.55,-2208932314000000000,437,22
Prompt 48,0.8,191.7,44.0,1380000000.0,877000000.0,6669991936.0,0.55,-2208932314000000000,437,23
Prompt 48,0.8,191.7,44.0,1380000000.0,877000000.0,6669991936.0,0.55,-2208932314000000000,437,24
Prompt 48,0.8,191.7,44.0,1380000000.0,877000000.0,6669991936.0,0.55,-2208932313000000000,437,25
Prompt 48,0.8,191.7,44.0,1380000000.0,877000000.0,6669991936.0,0.55,-2208932313000000000,437,26
Prompt 48,0.8,191.7,44.0,1380000000.0,877000000.0,6669991936.0,0.55,-2208932313000000000,438,27
Prompt 48,0.8,191.7,44.0,1380000000.0,877000000.0,6669991936.0,0.55,-2208932313000000000,438,28
Prompt 48,0.8,191.7,44.0,1380000000.0,877000000.0,6669991936.0,0.55,-2208932312000000000,438,29
Prompt 48,0.8,191.7,44.0,1380000000.0,877000000.0,6669991936.0,0.55,-2208932312000000000,438,30
,,,,,,,,-2208932312000000000,,
Prompt 49,0.8,191.7,44.0,1380000000.0,877000000.0,6669991936.0,0.55,-2208932312000000000,439,1
Prompt 49,0.8,191.7,44.0,1380000000.0,877000000.0,6669991936.0,0.55,-2208932312000000000,439,2
Prompt 49,0.8,191.7,44.0,1380000000.0,877000000.0,6669991936.0,0.55,-2208932312000000000,439,3
Prompt 49,0.8,191.7,44.0,1380000000.0,877000000.0,6669991936.0,0.55,-2208932311000000000,439,4
Prompt 49,0.8,191.7,44.0,1380000000.0,877000000.0,6669991936.0,0.55,-2208932311000000000,439,5
Prompt 49,0.8,191.7,44.0,1380000000.0,877000000.0,6669991936.0,0.55,-2208932311000000000,440,6
Prompt 49,0.8,191.7,44.0,1380000000.0,877000000.0,6669991936.0,0.55,-2208932311000000000,440,7
Prompt 49,0.8,191.7,44.0,1380000000.0,877000000.0,6669991936.0,0.55,-2208932310000000000,440,8
Prompt 49,0.8,191.7,44.0,1380000000.0,877000000.0,6669991936.0,0.55,-2208932310000000000,440,9
Prompt 49,0.8,191.7,44.0,1380000000.0,877000000.0,6669991936.0,0.55,-2208932310000000000,441,10
Prompt 49,0.8,191.7,44.0,1380000000.0,877000000.0,6669991936.0,0.55,-2208932310000000000,441,11
Prompt 49,0.8,191.7,44.0,1380000000.0,877000000.0,6669991936.0,0.55,-2208932309000000000,441,12
Prompt 49,0.8,191.7,44.0,1380000000.0,877000000.0,6669991936.0,0.55,-2208932309000000000,441,13
Prompt 49,0.8,191.7,44.0,1380000000.0,877000000.0,6669991936.0,0.55,-2208932309000000000,442,14
Prompt 49,0.8,191.7,44.0,1380000000.0,877000000.0,6669991936.0,0.55,-2208932309000000000,442,15
Prompt 49,0.8,191.7,44.0,1380000000.0,877000000.0,6669991936.0,0.55,-2208932309000000000,442,16
Prompt 49,0.8,191.7,44.0,1380000000.0,877000000.0,6669991936.0,0.55,-2208932308000000000,442,17
Prompt 49,0.8,191.7,44.0,1380000000.0,877000000.0,6669991936.0,0.55,-2208932308000000000,442,18
Prompt 49,0.8,191.7,44.0,1380000000.0,877000000.0,6669991936.0,0.55,-2208932308000000000,443,19
Prompt 49,0.8,191.7,44.0,1380000000.0,877000000.0,6669991936.0,0.55,-2208932308000000000,443,20
Prompt 49,0.84,177.56,44.0,1380000000.0,877000000.0,6669991936.0,0.56,-2208932307000000000,443,21
Prompt 49,0.84,177.56,44.0,1380000000.0,877000000.0,6669991936.0,0.56,-2208932307000000000,443,22
Prompt 49,0.84,177.56,44.0,1380000000.0,877000000.0,6669991936.0,0.56,-2208932307000000000,444,23
Prompt 49,0.84,177.56,44.0,1380000000.0,877000000.0,6669991936.0,0.56,-2208932307000000000,444,24
Prompt 49,0.84,177.56,44.0,1380000000.0,877000000.0,6669991936.0,0.56,-2208932307000000000,444,25
Prompt 49,0.84,177.56,44.0,1380000000.0,877000000.0,6669991936.0,0.56,-2208932306000000000,444,26
Prompt 49,0.84,177.56,44.0,1380000000.0,877000000.0,6669991936.0,0.56,-2208932306000000000,444,27
Prompt 49,0.84,177.56,44.0,1380000000.0,877000000.0,6669991936.0,0.56,-2208932306000000000,445,28
Prompt 49,0.84,177.56,44.0,1380000000.0,877000000.0,6669991936.0,0.56,-2208932306000000000,445,29
Prompt 49,0.84,177.56,44.0,1380000000.0,877000000.0,6669991936.0,0.56,-2208932305000000000,445,30
Prompt 49,0.84,177.56,44.0,1380000000.0,877000000.0,6669991936.0,0.56,-2208932305000000000,445,31
Prompt 49,0.84,177.56,44.0,1380000000.0,877000000.0,6669991936.0,0.56,-2208932305000000000,445,32
Prompt 49,0.84,177.56,44.0,1380000000.0,877000000.0,6669991936.0,0.56,-2208932305000000000,446,33
Prompt 49,0.84,177.56,44.0,1380000000.0,877000000.0,6669991936.0,0.56,-2208932305000000000,446,34
Prompt 49,0.84,177.56,44.0,1380000000.0,877000000.0,6669991936.0,0.56,-2208932304000000000,446,35
Prompt 49,0.84,177.56,44.0,1380000000.0,877000000.0,6669991936.0,0.56,-2208932304000000000,447,36
Prompt 49,0.84,177.56,44.0,1380000000.0,877000000.0,6669991936.0,0.56,-2208932304000000000,447,37
Prompt 49,0.84,177.56,44.0,1380000000.0,877000000.0,6669991936.0,0.56,-2208932303000000000,447,38
Prompt 49,0.84,177.56,44.0,1380000000.0,877000000.0,6669991936.0,0.56,-2208932303000000000,447,39
Prompt 49,0.84,177.56,44.0,1380000000.0,877000000.0,6669991936.0,0.56,-2208932303000000000,448,40
Prompt 49,0.84,177.56,44.0,1380000000.0,877000000.0,6669991936.0,0.56,-2208932303000000000,448,41
,,,,,,,,-2208932303000000000,,
Prompt 50,0.84,177.56,44.0,1380000000.0,877000000.0,6669991936.0,0.56,-2208932302000000000,448,1
Prompt 50,0.84,177.56,44.0,1380000000.0,877000000.0,6669991936.0,0.56,-2208932302000000000,449,2
,,,,,,,,-2208932302000000000,,
Prompt 51,0.84,177.56,44.0,1380000000.0,877000000.0,6669991936.0,0.56,-2208932302000000000,449,1
Prompt 51,0.84,177.56,44.0,1380000000.0,877000000.0,6669991936.0,0.56,-2208932302000000000,449,2
,,,,,,,,-2208932302000000000,,
Prompt 52,0.84,177.56,44.0,1380000000.0,877000000.0,6669991936.0,0.56,-2208932301000000000,449,1
Prompt 52,0.84,177.56,44.0,1380000000.0,877000000.0,6669991936.0,0.56,-2208932301000000000,449,2
,,,,,,,,-2208932301000000000,,
Prompt 53,0.84,177.56,44.0,1380000000.0,877000000.0,6669991936.0,0.56,-2208932301000000000,450,1
Prompt 53,0.84,177.56,44.0,1380000000.0,877000000.0,6669991936.0,0.56,-2208932301000000000,450,2
Prompt 53,0.84,177.56,44.0,1380000000.0,877000000.0,6669991936.0,0.56,-2208932300000000000,450,3
Prompt 53,0.84,177.56,44.0,1380000000.0,877000000.0,6669991936.0,0.56,-2208932300000000000,450,4
Prompt 53,0.84,177.56,44.0,1380000000.0,877000000.0,6669991936.0,0.56,-2208932300000000000,451,5
Prompt 53,0.84,177.56,44.0,1380000000.0,877000000.0,6669991936.0,0.56,-2208932300000000000,451,6
Prompt 53,0.84,177.56,44.0,1380000000.0,877000000.0,6669991936.0,0.56,-2208932299000000000,451,7
Prompt 53,0.84,177.56,44.0,1380000000.0,877000000.0,6669991936.0,0.56,-2208932299000000000,451,8
,,,,,,,,-2208932299000000000,,
Prompt 54,0.84,177.56,44.0,1380000000.0,877000000.0,6669991936.0,0.56,-2208932299000000000,452,1
Prompt 54,0.84,177.56,44.0,1380000000.0,877000000.0,6669991936.0,0.56,-2208932299000000000,452,2
Prompt 54,0.84,177.56,44.0,1380000000.0,877000000.0,6669991936.0,0.56,-2208932299000000000,452,3
Prompt 54,0.84,177.56,44.0,1380000000.0,877000000.0,6669991936.0,0.56,-2208932298000000000,452,4
Prompt 54,0.84,177.56,44.0,1380000000.0,877000000.0,6669991936.0,0.56,-2208932298000000000,452,5
Prompt 54,0.84,177.56,44.0,1380000000.0,877000000.0,6669991936.0,0.56,-2208932298000000000,453,6
Prompt 54,0.84,177.56,44.0,1380000000.0,877000000.0,6669991936.0,0.56,-2208932298000000000,453,7
Prompt 54,0.84,177.56,44.0,1380000000.0,877000000.0,6669991936.0,0.56,-2208932297000000000,453,8
Prompt 54,0.84,177.56,44.0,1380000000.0,877000000.0,6669991936.0,0.56,-2208932297000000000,453,9
Prompt 54,0.84,177.56,44.0,1380000000.0,877000000.0,6669991936.0,0.56,-2208932297000000000,454,10
Prompt 54,0.84,177.56,44.0,1380000000.0,877000000.0,6669991936.0,0.56,-2208932297000000000,454,11
Prompt 54,0.84,177.56,44.0,1380000000.0,877000000.0,6669991936.0,0.56,-2208932297000000000,454,12
Prompt 54,0.84,177.56,44.0,1380000000.0,877000000.0,6669991936.0,0.56,-2208932296000000000,454,13
Prompt 54,0.84,177.56,44.0,1380000000.0,877000000.0,6669991936.0,0.56,-2208932296000000000,454,14
Prompt 54,0.84,177.56,44.0,1380000000.0,877000000.0,6669991936.0,0.56,-2208932296000000000,455,15
Prompt 54,0.84,177.56,44.0,1380000000.0,877000000.0,6669991936.0,0.56,-2208932296000000000,455,16
Prompt 54,0.84,177.56,44.0,1380000000.0,877000000.0,6669991936.0,0.56,-2208932295000000000,455,17
Prompt 54,0.84,177.56,44.0,1380000000.0,877000000.0,6669991936.0,0.56,-2208932295000000000,455,18
Prompt 54,0.84,177.56,44.0,1380000000.0,877000000.0,6669991936.0,0.56,-2208932295000000000,455,19
Prompt 54,0.84,177.56,44.0,1380000000.0,877000000.0,6669991936.0,0.56,-2208932295000000000,456,20
Prompt 54,0.84,177.56,44.0,1380000000.0,877000000.0,6669991936.0,0.56,-2208932295000000000,456,21
Prompt 54,0.84,177.56,44.0,1380000000.0,877000000.0,6669991936.0,0.56,-2208932294000000000,456,22
Prompt 54,0.84,177.56,44.0,1380000000.0,877000000.0,6669991936.0,0.56,-2208932294000000000,456,23
Prompt 54,0.84,177.56,44.0,1380000000.0,877000000.0,6669991936.0,0.56,-2208932294000000000,457,24
Prompt 54,0.84,177.56,44.0,1380000000.0,877000000.0,6669991936.0,0.56,-2208932294000000000,457,25
Prompt 54,0.84,177.56,44.0,1380000000.0,877000000.0,6669991936.0,0.56,-2208932294000000000,457,26
Prompt 54,0.84,177.56,44.0,1380000000.0,877000000.0,6669991936.0,0.56,-2208932293000000000,457,27
,,,,,,,,-2208932294000000000,,
Prompt 55,0.84,177.56,44.0,1380000000.0,877000000.0,6669991936.0,0.56,-2208932293000000000,457,1
Prompt 55,0.84,177.56,44.0,1380000000.0,877000000.0,6669991936.0,0.56,-2208932293000000000,458,2
Prompt 55,0.84,177.56,44.0,1380000000.0,877000000.0,6669991936.0,0.56,-2208932293000000000,458,3
Prompt 55,0.8,174.48,43.0,1380000000.0,877000000.0,6669991936.0,0.56,-2208932292000000000,458,4
Prompt 55,0.8,174.48,43.0,1380000000.0,877000000.0,6669991936.0,0.56,-2208932292000000000,458,5
Prompt 55,0.8,174.48,43.0,1380000000.0,877000000.0,6669991936.0,0.56,-2208932292000000000,458,6
Prompt 55,0.8,174.48,43.0,1380000000.0,877000000.0,6669991936.0,0.56,-2208932292000000000,459,7
Prompt 55,0.8,174.48,43.0,1380000000.0,877000000.0,6669991936.0,0.56,-2208932292000000000,459,8
Prompt 55,0.8,174.48,43.0,1380000000.0,877000000.0,6669991936.0,0.56,-2208932291000000000,459,9
Prompt 55,0.8,174.48,43.0,1380000000.0,877000000.0,6669991936.0,0.56,-2208932291000000000,459,10
Prompt 55,0.8,174.48,43.0,1380000000.0,877000000.0,6669991936.0,0.56,-2208932291000000000,459,11
,,,,,,,,-2208932291000000000,,
Prompt 56,0.8,174.48,43.0,1380000000.0,877000000.0,6669991936.0,0.56,-2208932291000000000,460,1
Prompt 56,0.8,174.48,43.0,1380000000.0,877000000.0,6669991936.0,0.56,-2208932291000000000,460,2
Prompt 56,0.8,174.48,43.0,1380000000.0,877000000.0,6669991936.0,0.56,-2208932290000000000,460,3
Prompt 56,0.8,174.48,43.0,1380000000.0,877000000.0,6669991936.0,0.56,-2208932290000000000,460,4
Prompt 56,0.8,174.48,43.0,1380000000.0,877000000.0,6669991936.0,0.56,-2208932290000000000,461,5
Prompt 56,0.8,174.48,43.0,1380000000.0,877000000.0,6669991936.0,0.56,-2208932290000000000,461,6
Prompt 56,0.8,174.48,43.0,1380000000.0,877000000.0,6669991936.0,0.56,-2208932289000000000,461,7
Prompt 56,0.8,174.48,43.0,1380000000.0,877000000.0,6669991936.0,0.56,-2208932289000000000,461,8
Prompt 56,0.8,174.48,43.0,1380000000.0,877000000.0,6669991936.0,0.56,-2208932289000000000,461,9
Prompt 56,0.8,174.48,43.0,1380000000.0,877000000.0,6669991936.0,0.56,-2208932289000000000,462,10
Prompt 56,0.8,174.48,43.0,1380000000.0,877000000.0,6669991936.0,0.56,-2208932289000000000,462,11
Prompt 56,0.8,174.48,43.0,1380000000.0,877000000.0,6669991936.0,0.56,-2208932288000000000,462,12
Prompt 56,0.8,174.48,43.0,1380000000.0,877000000.0,6669991936.0,0.56,-2208932288000000000,462,13
Prompt 56,0.8,174.48,43.0,1380000000.0,877000000.0,6669991936.0,0.56,-2208932288000000000,463,14
,,,,,,,,-2208932288000000000,,
Prompt 57,0.8,174.48,43.0,1380000000.0,877000000.0,6669991936.0,0.56,-2208932288000000000,463,1
Prompt 57,0.8,174.48,43.0,1380000000.0,877000000.0,6669991936.0,0.56,-2208932287000000000,463,2
,,,,,,,,-2208932288000000000,,
Prompt 58,0.8,174.48,43.0,1380000000.0,877000000.0,6669991936.0,0.56,-2208932287000000000,463,1
Prompt 58,0.8,174.48,43.0,1380000000.0,877000000.0,6669991936.0,0.56,-2208932287000000000,464,2
Prompt 58,0.8,174.48,43.0,1380000000.0,877000000.0,6669991936.0,0.56,-2208932287000000000,464,3
Prompt 58,0.8,174.48,43.0,1380000000.0,877000000.0,6669991936.0,0.56,-2208932287000000000,464,4
Prompt 58,0.8,174.48,43.0,1380000000.0,877000000.0,6669991936.0,0.56,-2208932286000000000,464,5
Prompt 58,0.8,174.48,43.0,1380000000.0,877000000.0,6669991936.0,0.56,-2208932286000000000,464,6
Prompt 58,0.8,174.48,43.0,1380000000.0,877000000.0,6669991936.0,0.56,-2208932286000000000,465,7
Prompt 58,0.8,174.48,43.0,1380000000.0,877000000.0,6669991936.0,0.56,-2208932286000000000,465,8
Prompt 58,0.8,174.48,43.0,1380000000.0,877000000.0,6669991936.0,0.56,-2208932286000000000,465,9
Prompt 58,0.8,174.48,43.0,1380000000.0,877000000.0,6669991936.0,0.56,-2208932285000000000,465,10
Prompt 58,0.8,174.48,43.0,1380000000.0,877000000.0,6669991936.0,0.56,-2208932285000000000,465,11
Prompt 58,0.8,174.48,43.0,1380000000.0,877000000.0,6669991936.0,0.56,-2208932285000000000,466,12
Prompt 58,0.8,174.48,43.0,1380000000.0,877000000.0,6669991936.0,0.56,-2208932285000000000,466,13
Prompt 58,0.8,174.48,43.0,1380000000.0,877000000.0,6669991936.0,0.56,-2208932284000000000,466,14
Prompt 58,0.8,174.48,43.0,1380000000.0,877000000.0,6669991936.0,0.56,-2208932284000000000,466,15
Prompt 58,0.8,174.48,43.0,1380000000.0,877000000.0,6669991936.0,0.56,-2208932284000000000,467,16
Prompt 58,0.8,174.48,43.0,1380000000.0,877000000.0,6669991936.0,0.56,-2208932284000000000,467,17
Prompt 58,0.8,174.48,43.0,1380000000.0,877000000.0,6669991936.0,0.56,-2208932284000000000,467,18
Prompt 58,0.8,174.48,43.0,1380000000.0,877000000.0,6669991936.0,0.56,-2208932283000000000,467,19
Prompt 58,0.8,174.48,43.0,1380000000.0,877000000.0,6669991936.0,0.56,-2208932283000000000,467,20
Prompt 58,0.8,174.48,43.0,1380000000.0,877000000.0,6669991936.0,0.56,-2208932283000000000,468,21
Prompt 58,0.8,174.48,43.0,1380000000.0,877000000.0,6669991936.0,0.56,-2208932283000000000,468,22
Prompt 58,0.8,174.48,43.0,1380000000.0,877000000.0,6669991936.0,0.56,-2208932283000000000,468,23
Prompt 58,0.8,174.48,43.0,1380000000.0,877000000.0,6669991936.0,0.56,-2208932282000000000,468,24
Prompt 58,0.8,174.48,43.0,1380000000.0,877000000.0,6669991936.0,0.56,-2208932282000000000,469,25
Prompt 58,0.8,174.48,43.0,1380000000.0,877000000.0,6669991936.0,0.56,-2208932282000000000,469,26
Prompt 58,0.8,174.48,43.0,1380000000.0,877000000.0,6669991936.0,0.56,-2208932282000000000,469,27
Prompt 58,0.8,174.48,43.0,1380000000.0,877000000.0,6669991936.0,0.56,-2208932281000000000,469,28
Prompt 58,0.8,174.48,43.0,1380000000.0,877000000.0,6669991936.0,0.56,-2208932281000000000,469,29
Prompt 58,0.8,174.48,43.0,1380000000.0,877000000.0,6669991936.0,0.56,-2208932281000000000,470,30
Prompt 58,0.8,174.48,43.0,1380000000.0,877000000.0,6669991936.0,0.56,-2208932281000000000,470,31
Prompt 58,0.8,174.48,43.0,1380000000.0,877000000.0,6669991936.0,0.56,-2208932280000000000,470,32
Prompt 58,0.8,174.48,43.0,1380000000.0,877000000.0,6669991936.0,0.56,-2208932280000000000,470,33
Prompt 58,0.8,174.48,43.0,1380000000.0,877000000.0,6669991936.0,0.56,-2208932280000000000,471,34
Prompt 58,0.8,174.48,43.0,1380000000.0,877000000.0,6669991936.0,0.56,-2208932280000000000,471,35
Prompt 58,0.8,174.48,43.0,1380000000.0,877000000.0,6669991936.0,0.56,-2208932279000000000,471,36
Prompt 58,0.8,174.48,43.0,1380000000.0,877000000.0,6669991936.0,0.56,-2208932279000000000,471,37
Prompt 58,0.8,174.48,43.0,1380000000.0,877000000.0,6669991936.0,0.56,-2208932279000000000,472,38
Prompt 58,0.8,174.48,43.0,1380000000.0,877000000.0,6669991936.0,0.56,-2208932279000000000,472,39
Prompt 58,0.8,174.48,43.0,1380000000.0,877000000.0,6669991936.0,0.56,-2208932278000000000,472,40
Prompt 58,0.8,174.48,43.0,1380000000.0,877000000.0,6669991936.0,0.56,-2208932278000000000,472,41
,,,,,,,,-2208932278000000000,,
Prompt 59,0.8,174.48,43.0,1380000000.0,877000000.0,6669991936.0,0.56,-2208932278000000000,473,1
Prompt 59,0.8,174.48,43.0,1380000000.0,877000000.0,6669991936.0,0.5700000000000001,-2208932278000000000,473,2
Prompt 59,0.8,192.3,43.0,1380000000.0,877000000.0,6669991936.0,0.5700000000000001,-2208932277000000000,473,3
Prompt 59,0.8,192.3,43.0,1380000000.0,877000000.0,6669991936.0,0.5700000000000001,-2208932277000000000,473,4
Prompt 59,0.8,192.3,43.0,1380000000.0,877000000.0,6669991936.0,0.5700000000000001,-2208932277000000000,474,5
Prompt 59,0.8,192.3,43.0,1380000000.0,877000000.0,6669991936.0,0.5700000000000001,-2208932277000000000,474,6
Prompt 59,0.8,192.3,43.0,1380000000.0,877000000.0,6669991936.0,0.5700000000000001,-2208932276000000000,474,7
Prompt 59,0.8,192.3,43.0,1380000000.0,877000000.0,6669991936.0,0.5700000000000001,-2208932276000000000,474,8
Prompt 59,0.8,192.3,43.0,1380000000.0,877000000.0,6669991936.0,0.5700000000000001,-2208932276000000000,475,9
Prompt 59,0.8,192.3,43.0,1380000000.0,877000000.0,6669991936.0,0.5700000000000001,-2208932276000000000,475,10
Prompt 59,0.8,192.3,43.0,1380000000.0,877000000.0,6669991936.0,0.5700000000000001,-2208932275000000000,475,11
Prompt 59,0.8,192.3,43.0,1380000000.0,877000000.0,6669991936.0,0.5700000000000001,-2208932275000000000,475,12
Prompt 59,0.8,192.3,43.0,1380000000.0,877000000.0,6669991936.0,0.5700000000000001,-2208932275000000000,476,13
Prompt 59,0.8,192.3,43.0,1380000000.0,877000000.0,6669991936.0,0.5700000000000001,-2208932275000000000,476,14
Prompt 59,0.8,192.3,43.0,1380000000.0,877000000.0,6669991936.0,0.5700000000000001,-2208932275000000000,476,15
,,,,,,,,-2208932275000000000,,
Prompt 60,0.8,192.3,43.0,1380000000.0,877000000.0,6669991936.0,0.5700000000000001,-2208932274000000000,476,1
Prompt 60,0.8,192.3,43.0,1380000000.0,877000000.0,6669991936.0,0.5700000000000001,-2208932274000000000,476,2
Prompt 60,0.8,192.3,43.0,1380000000.0,877000000.0,6669991936.0,0.5700000000000001,-2208932274000000000,477,3
Prompt 60,0.8,192.3,43.0,1380000000.0,877000000.0,6669991936.0,0.5700000000000001,-2208932274000000000,477,4
Prompt 60,0.8,192.3,43.0,1380000000.0,877000000.0,6669991936.0,0.5700000000000001,-2208932273000000000,477,5
Prompt 60,0.8,192.3,43.0,1380000000.0,877000000.0,6669991936.0,0.5700000000000001,-2208932273000000000,477,6
Prompt 60,0.8,192.3,43.0,1380000000.0,877000000.0,6669991936.0,0.5700000000000001,-2208932273000000000,478,7
Prompt 60,0.8,192.3,43.0,1380000000.0,877000000.0,6669991936.0,0.5700000000000001,-2208932273000000000,478,8
Prompt 60,0.8,192.3,43.0,1380000000.0,877000000.0,6669991936.0,0.5700000000000001,-2208932272000000000,478,9
Prompt 60,0.8,192.3,43.0,1380000000.0,877000000.0,6669991936.0,0.5700000000000001,-2208932272000000000,478,10
Prompt 60,0.8,192.3,43.0,1380000000.0,877000000.0,6669991936.0,0.5700000000000001,-2208932272000000000,479,11
Prompt 60,0.8,192.3,43.0,1380000000.0,877000000.0,6669991936.0,0.5700000000000001,-2208932272000000000,479,12
Prompt 60,0.8,192.3,43.0,1380000000.0,877000000.0,6669991936.0,0.5700000000000001,-2208932271000000000,479,13
Prompt 60,0.8,192.3,43.0,1380000000.0,877000000.0,6669991936.0,0.5700000000000001,-2208932271000000000,479,14
Prompt 60,0.8,192.3,43.0,1380000000.0,877000000.0,6669991936.0,0.5700000000000001,-2208932271000000000,480,15
Prompt 60,0.8,192.3,43.0,1380000000.0,877000000.0,6669991936.0,0.5700000000000001,-2208932271000000000,480,16
Prompt 60,0.8,192.3,43.0,1380000000.0,877000000.0,6669991936.0,0.5700000000000001,-2208932271000000000,480,17
Prompt 60,0.8,192.3,43.0,1380000000.0,877000000.0,6669991936.0,0.5700000000000001,-2208932270000000000,480,18
Prompt 60,0.8,192.3,43.0,1380000000.0,877000000.0,6669991936.0,0.5700000000000001,-2208932270000000000,481,19
,,,,,,,,-2208932270000000000,,
Prompt 61,0.8,192.3,43.0,1380000000.0,877000000.0,6669991936.0,0.5700000000000001,-2208932270000000000,481,1
Prompt 61,0.8,192.3,43.0,1380000000.0,877000000.0,6669991936.0,0.5700000000000001,-2208932269000000000,481,2
Prompt 61,0.8,192.3,43.0,1380000000.0,877000000.0,6669991936.0,0.5700000000000001,-2208932269000000000,481,3
Prompt 61,0.8,192.3,43.0,1380000000.0,877000000.0,6669991936.0,0.5700000000000001,-2208932269000000000,482,4
Prompt 61,0.8,192.3,43.0,1380000000.0,877000000.0,6669991936.0,0.5700000000000001,-2208932269000000000,482,5
Prompt 61,0.8,192.3,43.0,1380000000.0,877000000.0,6669991936.0,0.5700000000000001,-2208932268000000000,482,6
Prompt 61,0.8,192.3,43.0,1380000000.0,877000000.0,6669991936.0,0.5700000000000001,-2208932268000000000,482,7
Prompt 61,0.8,192.3,43.0,1380000000.0,877000000.0,6669991936.0,0.5700000000000001,-2208932268000000000,483,8
Prompt 61,0.8,192.3,43.0,1380000000.0,877000000.0,6669991936.0,0.5700000000000001,-2208932268000000000,483,9
Prompt 61,0.8,192.3,43.0,1380000000.0,877000000.0,6669991936.0,0.5700000000000001,-2208932267000000000,483,10
Prompt 61,0.8,192.3,43.0,1380000000.0,877000000.0,6669991936.0,0.5700000000000001,-2208932267000000000,483,11
Prompt 61,0.8,192.3,43.0,1380000000.0,877000000.0,6669991936.0,0.5700000000000001,-2208932267000000000,484,12
Prompt 61,0.8,192.3,43.0,1380000000.0,877000000.0,6669991936.0,0.5700000000000001,-2208932267000000000,484,13
Prompt 61,0.8,192.3,43.0,1380000000.0,877000000.0,6669991936.0,0.5700000000000001,-2208932266000000000,484,14
Prompt 61,0.8,192.3,43.0,1380000000.0,877000000.0,6669991936.0,0.5700000000000001,-2208932266000000000,484,15
Prompt 61,0.8,192.3,43.0,1380000000.0,877000000.0,6669991936.0,0.5700000000000001,-2208932266000000000,485,16
Prompt 61,0.8,192.3,43.0,1380000000.0,877000000.0,6669991936.0,0.5700000000000001,-2208932266000000000,485,17
Prompt 61,0.8,192.3,43.0,1380000000.0,877000000.0,6669991936.0,0.5700000000000001,-2208932265000000000,485,18
Prompt 61,0.8,192.3,43.0,1380000000.0,877000000.0,6669991936.0,0.5700000000000001,-2208932265000000000,485,19
Prompt 61,0.8,192.3,43.0,1380000000.0,877000000.0,6669991936.0,0.5700000000000001,-2208932265000000000,486,20
Prompt 61,0.8,192.3,43.0,1380000000.0,877000000.0,6669991936.0,0.5700000000000001,-2208932265000000000,486,21
Prompt 61,0.8,192.3,43.0,1380000000.0,877000000.0,6669991936.0,0.5700000000000001,-2208932265000000000,486,22
Prompt 61,0.8,192.3,43.0,1380000000.0,877000000.0,6669991936.0,0.5700000000000001,-2208932264000000000,486,23
Prompt 61,0.8,192.3,43.0,1380000000.0,877000000.0,6669991936.0,0.5700000000000001,-2208932264000000000,487,24
Prompt 61,0.8,192.3,43.0,1380000000.0,877000000.0,6669991936.0,0.5700000000000001,-2208932264000000000,487,25
,,,,,,,,-2208932264000000000,,
Prompt 62,0.8,192.3,43.0,1380000000.0,877000000.0,6669991936.0,0.5700000000000001,-2208932264000000000,487,1
Prompt 62,0.8,192.3,43.0,1380000000.0,877000000.0,6669991936.0,0.5700000000000001,-2208932263000000000,487,2
Prompt 62,0.8,192.3,43.0,1380000000.0,877000000.0,6669991936.0,0.5700000000000001,-2208932263000000000,487,3
Prompt 62,0.8,192.3,43.0,1380000000.0,877000000.0,6669991936.0,0.5700000000000001,-2208932263000000000,488,4
Prompt 62,0.8,192.3,43.0,1380000000.0,877000000.0,6669991936.0,0.56,-2208932263000000000,488,5
Prompt 62,0.8,188.64,43.0,1380000000.0,877000000.0,6669991936.0,0.56,-2208932262000000000,488,6
Prompt 62,0.8,188.64,43.0,1380000000.0,877000000.0,6669991936.0,0.56,-2208932262000000000,488,7
Prompt 62,0.8,188.64,43.0,1380000000.0,877000000.0,6669991936.0,0.56,-2208932262000000000,489,8
Prompt 62,0.8,188.64,43.0,1380000000.0,877000000.0,6669991936.0,0.56,-2208932262000000000,489,9
Prompt 62,0.8,188.64,43.0,1380000000.0,877000000.0,6669991936.0,0.56,-2208932261000000000,489,10
Prompt 62,0.8,188.64,43.0,1380000000.0,877000000.0,6669991936.0,0.56,-2208932261000000000,489,11
Prompt 62,0.8,188.64,43.0,1380000000.0,877000000.0,6669991936.0,0.56,-2208932261000000000,490,12
Prompt 62,0.8,188.64,43.0,1380000000.0,877000000.0,6669991936.0,0.56,-2208932261000000000,490,13
Prompt 62,0.8,188.64,43.0,1380000000.0,877000000.0,6669991936.0,0.56,-2208932261000000000,490,14
Prompt 62,0.8,188.64,43.0,1380000000.0,877000000.0,6669991936.0,0.56,-2208932260000000000,490,15
Prompt 62,0.8,188.64,43.0,1380000000.0,877000000.0,6669991936.0,0.56,-2208932260000000000,490,16
Prompt 62,0.8,188.64,43.0,1380000000.0,877000000.0,6669991936.0,0.56,-2208932260000000000,491,17
Prompt 62,0.8,188.64,43.0,1380000000.0,877000000.0,6669991936.0,0.56,-2208932259000000000,491,18
Prompt 62,0.8,188.64,43.0,1380000000.0,877000000.0,6669991936.0,0.56,-2208932259000000000,491,19
Prompt 62,0.8,188.64,43.0,1380000000.0,877000000.0,6669991936.0,0.56,-2208932259000000000,492,20
Prompt 62,0.8,188.64,43.0,1380000000.0,877000000.0,6669991936.0,0.56,-2208932259000000000,492,21
Prompt 62,0.8,188.64,43.0,1380000000.0,877000000.0,6669991936.0,0.56,-2208932259000000000,492,22
Prompt 62,0.8,188.64,43.0,1380000000.0,877000000.0,6669991936.0,0.56,-2208932258000000000,492,23
Prompt 62,0.8,188.64,43.0,1380000000.0,877000000.0,6669991936.0,0.56,-2208932258000000000,493,24
,,,,,,,,-2208932258000000000,,
Prompt 63,0.8,188.64,43.0,1380000000.0,877000000.0,6669991936.0,0.56,-2208932258000000000,493,1
Prompt 63,0.8,188.64,43.0,1380000000.0,877000000.0,6669991936.0,0.56,-2208932258000000000,493,2
Prompt 63,0.8,188.64,43.0,1380000000.0,877000000.0,6669991936.0,0.56,-2208932257000000000,493,3
Prompt 63,0.8,188.64,43.0,1380000000.0,877000000.0,6669991936.0,0.56,-2208932257000000000,493,4
Prompt 63,0.8,188.64,43.0,1380000000.0,877000000.0,6669991936.0,0.56,-2208932257000000000,494,5
Prompt 63,0.8,188.64,43.0,1380000000.0,877000000.0,6669991936.0,0.56,-2208932257000000000,494,6
Prompt 63,0.8,188.64,43.0,1380000000.0,877000000.0,6669991936.0,0.56,-2208932256000000000,494,7
Prompt 63,0.8,188.64,43.0,1380000000.0,877000000.0,6669991936.0,0.56,-2208932256000000000,494,8
Prompt 63,0.8,188.64,43.0,1380000000.0,877000000.0,6669991936.0,0.56,-2208932256000000000,495,9
Prompt 63,0.8,188.64,43.0,1380000000.0,877000000.0,6669991936.0,0.56,-2208932256000000000,495,10
Prompt 63,0.8,188.64,43.0,1380000000.0,877000000.0,6669991936.0,0.56,-2208932255000000000,495,11
Prompt 63,0.8,188.64,43.0,1380000000.0,877000000.0,6669991936.0,0.56,-2208932255000000000,495,12
Prompt 63,0.8,188.64,43.0,1380000000.0,877000000.0,6669991936.0,0.56,-2208932255000000000,496,13
Prompt 63,0.8,188.64,43.0,1380000000.0,877000000.0,6669991936.0,0.56,-2208932255000000000,496,14
Prompt 63,0.8,188.64,43.0,1380000000.0,877000000.0,6669991936.0,0.56,-2208932254000000000,496,15
Prompt 63,0.8,188.64,43.0,1380000000.0,877000000.0,6669991936.0,0.56,-2208932254000000000,496,16
Prompt 63,0.8,188.64,43.0,1380000000.0,877000000.0,6669991936.0,0.56,-2208932254000000000,497,17
Prompt 63,0.8,188.64,43.0,1380000000.0,877000000.0,6669991936.0,0.56,-2208932254000000000,497,18
Prompt 63,0.8,188.64,43.0,1380000000.0,877000000.0,6669991936.0,0.56,-2208932253000000000,497,19
Prompt 63,0.8,188.64,43.0,1380000000.0,877000000.0,6669991936.0,0.56,-2208932253000000000,497,20
,,,,,,,,-2208932253000000000,,
Prompt 64,0.8,188.64,43.0,1380000000.0,877000000.0,6669991936.0,0.56,-2208932253000000000,498,1
Prompt 64,0.8,188.64,43.0,1380000000.0,877000000.0,6669991936.0,0.56,-2208932253000000000,498,2
Prompt 64,0.8,188.64,43.0,1380000000.0,877000000.0,6669991936.0,0.56,-2208932252000000000,498,3
Prompt 64,0.8,188.64,43.0,1380000000.0,877000000.0,6669991936.0,0.56,-2208932252000000000,498,4
Prompt 64,0.8,188.64,43.0,1380000000.0,877000000.0,6669991936.0,0.56,-2208932252000000000,499,5
Prompt 64,0.8,188.64,43.0,1380000000.0,877000000.0,6669991936.0,0.56,-2208932252000000000,499,6
Prompt 64,0.8,188.64,43.0,1380000000.0,877000000.0,6669991936.0,0.56,-2208932252000000000,499,7
Prompt 64,0.8,188.64,43.0,1380000000.0,877000000.0,6669991936.0,0.56,-2208932251000000000,499,8
Prompt 64,0.8,188.64,43.0,1380000000.0,877000000.0,6669991936.0,0.56,-2208932251000000000,499,9
Prompt 64,0.8,188.64,43.0,1380000000.0,877000000.0,6669991936.0,0.56,-2208932251000000000,500,10
Prompt 64,0.8,188.64,43.0,1380000000.0,877000000.0,6669991936.0,0.56,-2208932251000000000,500,11
Prompt 64,0.8,188.64,43.0,1380000000.0,877000000.0,6669991936.0,0.56,-2208932250000000000,500,12
Prompt 64,0.8,188.64,43.0,1380000000.0,877000000.0,6669991936.0,0.56,-2208932250000000000,500,13
Prompt 64,0.8,188.64,43.0,1380000000.0,877000000.0,6669991936.0,0.56,-2208932250000000000,501,14
Prompt 64,0.8,188.64,43.0,1380000000.0,877000000.0,6669991936.0,0.56,-2208932250000000000,501,15
Prompt 64,0.8,188.64,43.0,1380000000.0,877000000.0,6669991936.0,0.56,-2208932249000000000,501,16
Prompt 64,0.8,188.64,43.0,1380000000.0,877000000.0,6669991936.0,0.56,-2208932249000000000,501,17
Prompt 64,0.8,188.64,43.0,1380000000.0,877000000.0,6669991936.0,0.56,-2208932249000000000,502,18
Prompt 64,0.8,188.64,43.0,1380000000.0,877000000.0,6669991936.0,0.56,-2208932249000000000,502,19
Prompt 64,0.8,188.64,43.0,1380000000.0,877000000.0,6669991936.0,0.56,-2208932248000000000,502,20
Prompt 64,0.8,188.64,43.0,1380000000.0,877000000.0,6669991936.0,0.56,-2208932248000000000,502,21
Prompt 64,0.8,188.64,43.0,1380000000.0,877000000.0,6669991936.0,0.56,-2208932248000000000,503,22
Prompt 64,0.8,188.64,43.0,1380000000.0,877000000.0,6669991936.0,0.56,-2208932248000000000,503,23
Prompt 64,0.8,187.83,44.0,1380000000.0,877000000.0,6669991936.0,0.53,-2208932248000000000,503,24
Prompt 64,0.81,187.83,44.0,1380000000.0,877000000.0,6669991936.0,0.53,-2208932247000000000,503,25
Prompt 64,0.81,187.83,44.0,1380000000.0,877000000.0,6669991936.0,0.53,-2208932247000000000,504,26
Prompt 64,0.81,187.83,44.0,1380000000.0,877000000.0,6669991936.0,0.53,-2208932247000000000,504,27
Prompt 64,0.81,187.83,44.0,1380000000.0,877000000.0,6669991936.0,0.53,-2208932247000000000,504,28
Prompt 64,0.81,187.83,44.0,1380000000.0,877000000.0,6669991936.0,0.53,-2208932246000000000,504,29
Prompt 64,0.81,187.83,44.0,1380000000.0,877000000.0,6669991936.0,0.53,-2208932246000000000,504,30
Prompt 64,0.81,187.83,44.0,1380000000.0,877000000.0,6669991936.0,0.53,-2208932246000000000,505,31
Prompt 64,0.81,187.83,44.0,1380000000.0,877000000.0,6669991936.0,0.53,-2208932246000000000,505,32
Prompt 64,0.81,187.83,44.0,1380000000.0,877000000.0,6669991936.0,0.53,-2208932245000000000,505,33
Prompt 64,0.81,187.83,44.0,1380000000.0,877000000.0,6669991936.0,0.53,-2208932245000000000,505,34
Prompt 64,0.81,187.83,44.0,1380000000.0,877000000.0,6669991936.0,0.53,-2208932245000000000,506,35
Prompt 64,0.81,187.83,44.0,1380000000.0,877000000.0,6669991936.0,0.53,-2208932245000000000,506,36
Prompt 64,0.81,187.83,44.0,1380000000.0,877000000.0,6669991936.0,0.53,-2208932244000000000,506,37
Prompt 64,0.81,187.83,44.0,1380000000.0,877000000.0,6669991936.0,0.53,-2208932244000000000,506,38
Prompt 64,0.81,187.83,44.0,1380000000.0,877000000.0,6669991936.0,0.53,-2208932244000000000,507,39
Prompt 64,0.81,187.83,44.0,1380000000.0,877000000.0,6669991936.0,0.53,-2208932244000000000,507,40
Prompt 64,0.81,187.83,44.0,1380000000.0,877000000.0,6669991936.0,0.53,-2208932244000000000,507,41
Prompt 64,0.81,187.83,44.0,1380000000.0,877000000.0,6669991936.0,0.53,-2208932243000000000,507,42
Prompt 64,0.81,187.83,44.0,1380000000.0,877000000.0,6669991936.0,0.53,-2208932243000000000,508,43
Prompt 64,0.81,187.83,44.0,1380000000.0,877000000.0,6669991936.0,0.53,-2208932243000000000,508,44
Prompt 64,0.81,187.83,44.0,1380000000.0,877000000.0,6669991936.0,0.53,-2208932242000000000,508,45
Prompt 64,0.81,187.83,44.0,1380000000.0,877000000.0,6669991936.0,0.53,-2208932242000000000,508,46
Prompt 64,0.81,187.83,44.0,1380000000.0,877000000.0,6669991936.0,0.53,-2208932242000000000,509,47
Prompt 64,0.81,187.83,44.0,1380000000.0,877000000.0,6669991936.0,0.53,-2208932242000000000,509,48
Prompt 64,0.81,187.83,44.0,1380000000.0,877000000.0,6669991936.0,0.53,-2208932242000000000,509,49
Prompt 64,0.81,187.83,44.0,1380000000.0,877000000.0,6669991936.0,0.53,-2208932241000000000,509,50
Prompt 64,0.81,187.83,44.0,1380000000.0,877000000.0,6669991936.0,0.53,-2208932241000000000,510,51
Prompt 64,0.81,187.83,44.0,1380000000.0,877000000.0,6669991936.0,0.53,-2208932241000000000,510,52
Prompt 64,0.81,187.83,44.0,1380000000.0,877000000.0,6669991936.0,0.53,-2208932241000000000,510,53
Prompt 64,0.81,187.83,44.0,1380000000.0,877000000.0,6669991936.0,0.53,-2208932240000000000,510,54
Prompt 64,0.81,187.83,44.0,1380000000.0,877000000.0,6669991936.0,0.53,-2208932240000000000,510,55
Prompt 64,0.81,187.83,44.0,1380000000.0,877000000.0,6669991936.0,0.53,-2208932240000000000,511,56
,,,,,,,,-2208932240000000000,,
Prompt 65,0.81,187.83,44.0,1380000000.0,877000000.0,6669991936.0,0.53,-2208932240000000000,511,1
Prompt 65,0.81,187.83,44.0,1380000000.0,877000000.0,6669991936.0,0.53,-2208932239000000000,511,2
Prompt 65,0.81,187.83,44.0,1380000000.0,877000000.0,6669991936.0,0.53,-2208932239000000000,511,3
Prompt 65,0.81,187.83,44.0,1380000000.0,877000000.0,6669991936.0,0.53,-2208932239000000000,512,4
Prompt 65,0.81,187.83,44.0,1380000000.0,877000000.0,6669991936.0,0.53,-2208932239000000000,512,5
Prompt 65,0.81,187.83,44.0,1380000000.0,877000000.0,6669991936.0,0.53,-2208932238000000000,512,6
Prompt 65,0.81,187.83,44.0,1380000000.0,877000000.0,6669991936.0,0.53,-2208932238000000000,512,7
Prompt 65,0.81,187.83,44.0,1380000000.0,877000000.0,6669991936.0,0.53,-2208932238000000000,513,8
Prompt 65,0.81,187.83,44.0,1380000000.0,877000000.0,6669991936.0,0.53,-2208932238000000000,513,9
Prompt 65,0.81,187.83,44.0,1380000000.0,877000000.0,6669991936.0,0.53,-2208932237000000000,513,10
Prompt 65,0.81,187.83,44.0,1380000000.0,877000000.0,6669991936.0,0.53,-2208932237000000000,513,11
Prompt 65,0.81,187.83,44.0,1380000000.0,877000000.0,6669991936.0,0.53,-2208932237000000000,514,12
Prompt 65,0.81,187.83,44.0,1380000000.0,877000000.0,6669991936.0,0.53,-2208932237000000000,514,13
Prompt 65,0.81,187.83,44.0,1380000000.0,877000000.0,6669991936.0,0.53,-2208932236000000000,514,14
Prompt 65,0.81,187.83,44.0,1380000000.0,877000000.0,6669991936.0,0.53,-2208932236000000000,514,15
Prompt 65,0.81,187.83,44.0,1380000000.0,877000000.0,6669991936.0,0.53,-2208932236000000000,515,16
Prompt 65,0.81,187.83,44.0,1380000000.0,877000000.0,6669991936.0,0.53,-2208932236000000000,515,17
Prompt 65,0.81,187.83,44.0,1380000000.0,877000000.0,6669991936.0,0.53,-2208932236000000000,515,18
Prompt 65,0.81,187.83,44.0,1380000000.0,877000000.0,6669991936.0,0.53,-2208932235000000000,515,19
Prompt 65,0.81,187.83,44.0,1380000000.0,877000000.0,6669991936.0,0.53,-2208932235000000000,515,20
Prompt 65,0.81,187.83,44.0,1380000000.0,877000000.0,6669991936.0,0.53,-2208932235000000000,516,21
Prompt 65,0.81,187.83,44.0,1380000000.0,877000000.0,6669991936.0,0.53,-2208932235000000000,516,22
Prompt 65,0.81,187.83,44.0,1380000000.0,877000000.0,6669991936.0,0.53,-2208932234000000000,516,23
Prompt 65,0.81,187.83,44.0,1380000000.0,877000000.0,6669991936.0,0.53,-2208932234000000000,516,24
Prompt 65,0.81,187.83,44.0,1380000000.0,877000000.0,6669991936.0,0.53,-2208932234000000000,517,25
Prompt 65,0.81,187.83,44.0,1380000000.0,877000000.0,6669991936.0,0.53,-2208932233000000000,517,26
Prompt 65,0.81,187.83,44.0,1380000000.0,877000000.0,6669991936.0,0.53,-2208932233000000000,517,27
Prompt 65,0.81,187.83,44.0,1380000000.0,877000000.0,6669991936.0,0.53,-2208932233000000000,518,28
,,,,,,,,-2208932233000000000,,
Prompt 66,0.81,187.83,44.0,1380000000.0,877000000.0,6669991936.0,0.53,-2208932233000000000,518,1
Prompt 66,0.48,179.74,43.0,1380000000.0,877000000.0,6669991936.0,0.28,-2208932232000000000,518,2
Prompt 66,0.48,179.74,43.0,1380000000.0,877000000.0,6669991936.0,0.28,-2208932232000000000,518,3
Prompt 66,0.48,179.74,43.0,1380000000.0,877000000.0,6669991936.0,0.28,-2208932232000000000,519,4
Prompt 66,0.48,179.74,43.0,1380000000.0,877000000.0,6669991936.0,0.28,-2208932232000000000,519,5
Prompt 66,0.48,179.74,43.0,1380000000.0,877000000.0,6669991936.0,0.28,-2208932232000000000,519,6
Prompt 66,0.48,179.74,43.0,1380000000.0,877000000.0,6669991936.0,0.28,-2208932231000000000,519,7
Prompt 66,0.48,179.74,43.0,1380000000.0,877000000.0,6669991936.0,0.28,-2208932231000000000,519,8
Prompt 66,0.48,179.74,43.0,1380000000.0,877000000.0,6669991936.0,0.28,-2208932231000000000,520,9
Prompt 66,0.48,179.74,43.0,1380000000.0,877000000.0,6669991936.0,0.28,-2208932231000000000,520,10
Prompt 66,0.48,179.74,43.0,1380000000.0,877000000.0,6669991936.0,0.28,-2208932230000000000,520,11
Prompt 66,0.48,179.74,43.0,1380000000.0,877000000.0,6669991936.0,0.28,-2208932230000000000,521,12
Prompt 66,0.48,179.74,43.0,1380000000.0,877000000.0,6669991936.0,0.28,-2208932230000000000,521,13
Prompt 66,0.48,179.74,43.0,1380000000.0,877000000.0,6669991936.0,0.28,-2208932230000000000,521,14
Prompt 66,0.48,179.74,43.0,1380000000.0,877000000.0,6669991936.0,0.28,-2208932229000000000,521,15
Prompt 66,0.48,179.74,43.0,1380000000.0,877000000.0,6669991936.0,0.28,-2208932229000000000,522,16
Prompt 66,0.48,179.74,43.0,1380000000.0,877000000.0,6669991936.0,0.28,-2208932229000000000,522,17
Prompt 66,0.48,179.74,43.0,1380000000.0,877000000.0,6669991936.0,0.28,-2208932228000000000,522,18
Prompt 66,0.48,179.74,43.0,1380000000.0,877000000.0,6669991936.0,0.28,-2208932228000000000,523,19
Prompt 66,0.48,179.74,43.0,1380000000.0,877000000.0,6669991936.0,0.28,-2208932227000000000,523,20
Prompt 66,0.48,179.74,43.0,1380000000.0,877000000.0,6669991936.0,0.28,-2208932227000000000,524,21
Prompt 66,0.48,179.74,43.0,1380000000.0,877000000.0,6669991936.0,0.28,-2208932226000000000,524,22
Prompt 66,0.48,179.74,43.0,1380000000.0,877000000.0,6669991936.0,0.28,-2208932226000000000,525,23
Prompt 66,0.48,179.74,43.0,1380000000.0,877000000.0,6669991936.0,0.28,-2208932226000000000,525,24
Prompt 66,0.48,179.74,43.0,1380000000.0,877000000.0,6669991936.0,0.28,-2208932225000000000,525,25
Prompt 66,0.48,179.74,43.0,1380000000.0,877000000.0,6669991936.0,0.28,-2208932225000000000,526,26
Prompt 66,0.48,179.74,43.0,1380000000.0,877000000.0,6669991936.0,0.28,-2208932224000000000,526,27
Prompt 66,0.48,179.74,43.0,1380000000.0,877000000.0,6669991936.0,0.28,-2208932224000000000,527,28
Prompt 66,0.48,179.74,43.0,1380000000.0,877000000.0,6669991936.0,0.28,-2208932223000000000,527,29
,,,,,,,,-2208932224000000000,,
Prompt 67,0.48,179.74,43.0,1380000000.0,877000000.0,6669991936.0,0.28,-2208932223000000000,528,1
Prompt 67,0.48,179.74,43.0,1380000000.0,877000000.0,6669991936.0,0.28,-2208932223000000000,528,2
Prompt 67,0.48,179.74,43.0,1380000000.0,877000000.0,6669991936.0,0.28,-2208932222000000000,529,3
Prompt 67,0.48,179.74,43.0,1380000000.0,877000000.0,6669991936.0,0.28,-2208932222000000000,529,4
Prompt 67,0.48,179.74,43.0,1380000000.0,877000000.0,6669991936.0,0.28,-2208932221000000000,529,5
Prompt 67,0.48,179.74,43.0,1380000000.0,877000000.0,6669991936.0,0.28,-2208932221000000000,530,6
Prompt 67,0.48,179.74,43.0,1380000000.0,877000000.0,6669991936.0,0.28,-2208932221000000000,530,7
Prompt 67,0.48,179.74,43.0,1380000000.0,877000000.0,6669991936.0,0.28,-2208932220000000000,530,8
Prompt 67,0.48,179.74,43.0,1380000000.0,877000000.0,6669991936.0,0.28,-2208932220000000000,531,9
Prompt 67,0.48,179.74,43.0,1380000000.0,877000000.0,6669991936.0,0.28,-2208932219000000000,531,10
Prompt 67,0.48,179.74,43.0,1380000000.0,877000000.0,6669991936.0,0.28,-2208932219000000000,532,11
Prompt 67,0.48,179.74,43.0,1380000000.0,877000000.0,6669991936.0,0.28,-2208932219000000000,532,12
Prompt 67,0.48,179.74,43.0,1380000000.0,877000000.0,6669991936.0,0.28,-2208932218000000000,532,13
Prompt 67,0.48,179.74,43.0,1380000000.0,877000000.0,6669991936.0,0.28,-2208932218000000000,533,14
Prompt 67,0.81,176.19,44.0,1380000000.0,877000000.0,6669991936.0,0.53,-2208932217000000000,533,15
Prompt 67,0.81,176.19,44.0,1380000000.0,877000000.0,6669991936.0,0.53,-2208932217000000000,534,16
Prompt 67,0.81,176.19,44.0,1380000000.0,877000000.0,6669991936.0,0.53,-2208932217000000000,534,17
Prompt 67,0.81,176.19,44.0,1380000000.0,877000000.0,6669991936.0,0.53,-2208932216000000000,534,18
Prompt 67,0.81,176.19,44.0,1380000000.0,877000000.0,6669991936.0,0.53,-2208932216000000000,535,19
Prompt 67,0.81,176.19,44.0,1380000000.0,877000000.0,6669991936.0,0.53,-2208932216000000000,535,20
,,,,,,,,-2208932216000000000,,
Prompt 68,0.81,176.19,44.0,1380000000.0,877000000.0,6669991936.0,0.53,-2208932215000000000,535,1
Prompt 68,0.81,176.19,44.0,1380000000.0,877000000.0,6669991936.0,0.53,-2208932215000000000,535,2
Prompt 68,0.81,176.19,44.0,1380000000.0,877000000.0,6669991936.0,0.53,-2208932215000000000,536,3
Prompt 68,0.81,176.19,44.0,1380000000.0,877000000.0,6669991936.0,0.53,-2208932215000000000,536,4
Prompt 68,0.81,176.19,44.0,1380000000.0,877000000.0,6669991936.0,0.53,-2208932214000000000,536,5
Prompt 68,0.81,176.19,44.0,1380000000.0,877000000.0,6669991936.0,0.53,-2208932214000000000,536,6
Prompt 68,0.81,176.19,44.0,1380000000.0,877000000.0,6669991936.0,0.53,-2208932214000000000,537,7
Prompt 68,0.81,176.19,44.0,1380000000.0,877000000.0,6669991936.0,0.53,-2208932214000000000,537,8
Prompt 68,0.81,176.19,44.0,1380000000.0,877000000.0,6669991936.0,0.53,-2208932214000000000,537,9
Prompt 68,0.81,176.19,44.0,1380000000.0,877000000.0,6669991936.0,0.53,-2208932213000000000,537,10
Prompt 68,0.81,176.19,44.0,1380000000.0,877000000.0,6669991936.0,0.53,-2208932213000000000,538,11
Prompt 68,0.81,176.19,44.0,1380000000.0,877000000.0,6669991936.0,0.53,-2208932213000000000,538,12
Prompt 68,0.81,176.19,44.0,1380000000.0,877000000.0,6669991936.0,0.53,-2208932213000000000,538,13
Prompt 68,0.81,176.19,44.0,1380000000.0,877000000.0,6669991936.0,0.53,-2208932212000000000,538,14
Prompt 68,0.81,176.19,44.0,1380000000.0,877000000.0,6669991936.0,0.53,-2208932212000000000,538,15
Prompt 68,0.81,176.19,44.0,1380000000.0,877000000.0,6669991936.0,0.53,-2208932212000000000,539,16
Prompt 68,0.81,176.19,44.0,1380000000.0,877000000.0,6669991936.0,0.53,-2208932212000000000,539,17
Prompt 68,0.81,176.19,44.0,1380000000.0,877000000.0,6669991936.0,0.53,-2208932211000000000,539,18
Prompt 68,0.81,176.19,44.0,1380000000.0,877000000.0,6669991936.0,0.53,-2208932211000000000,539,19
Prompt 68,0.81,176.19,44.0,1380000000.0,877000000.0,6669991936.0,0.53,-2208932211000000000,540,20
Prompt 68,0.81,176.19,44.0,1380000000.0,877000000.0,6669991936.0,0.53,-2208932211000000000,540,21
Prompt 68,0.81,176.19,44.0,1380000000.0,877000000.0,6669991936.0,0.53,-2208932210000000000,540,22
Prompt 68,0.81,176.19,44.0,1380000000.0,877000000.0,6669991936.0,0.53,-2208932210000000000,540,23
Prompt 68,0.81,176.19,44.0,1380000000.0,877000000.0,6669991936.0,0.53,-2208932210000000000,541,24
Prompt 68,0.81,176.19,44.0,1380000000.0,877000000.0,6669991936.0,0.53,-2208932210000000000,541,25
Prompt 68,0.81,176.19,44.0,1380000000.0,877000000.0,6669991936.0,0.53,-2208932209000000000,541,26
Prompt 68,0.81,176.19,44.0,1380000000.0,877000000.0,6669991936.0,0.53,-2208932209000000000,541,27
Prompt 68,0.81,176.19,44.0,1380000000.0,877000000.0,6669991936.0,0.53,-2208932209000000000,542,28
Prompt 68,0.81,176.19,44.0,1380000000.0,877000000.0,6669991936.0,0.53,-2208932209000000000,542,29
Prompt 68,0.81,176.19,44.0,1380000000.0,877000000.0,6669991936.0,0.53,-2208932209000000000,542,30
Prompt 68,0.81,176.19,44.0,1380000000.0,877000000.0,6669991936.0,0.53,-2208932208000000000,542,31
Prompt 68,0.81,176.19,44.0,1380000000.0,877000000.0,6669991936.0,0.53,-2208932208000000000,543,32
Prompt 68,0.81,176.19,44.0,1380000000.0,877000000.0,6669991936.0,0.53,-2208932208000000000,543,33
Prompt 68,0.81,176.19,44.0,1380000000.0,877000000.0,6669991936.0,0.53,-2208932207000000000,543,34
Prompt 68,0.81,176.19,44.0,1380000000.0,877000000.0,6669991936.0,0.53,-2208932207000000000,543,35
Prompt 68,0.81,176.19,44.0,1380000000.0,877000000.0,6669991936.0,0.53,-2208932207000000000,544,36
Prompt 68,0.81,176.19,44.0,1380000000.0,877000000.0,6669991936.0,0.53,-2208932207000000000,544,37
Prompt 68,0.81,176.19,44.0,1380000000.0,877000000.0,6669991936.0,0.53,-2208932206000000000,544,38
Prompt 68,0.81,176.19,44.0,1380000000.0,877000000.0,6669991936.0,0.53,-2208932206000000000,544,39
Prompt 68,0.81,176.19,44.0,1380000000.0,877000000.0,6669991936.0,0.53,-2208932206000000000,545,40
Prompt 68,0.81,176.19,44.0,1380000000.0,877000000.0,6669991936.0,0.53,-2208932206000000000,545,41
Prompt 68,0.81,176.19,44.0,1380000000.0,877000000.0,6669991936.0,0.53,-2208932205000000000,545,42
Prompt 68,0.81,176.19,44.0,1380000000.0,877000000.0,6669991936.0,0.53,-2208932205000000000,545,43
Prompt 68,0.81,176.19,44.0,1380000000.0,877000000.0,6669991936.0,0.53,-2208932205000000000,546,44
Prompt 68,0.81,176.19,44.0,1380000000.0,877000000.0,6669991936.0,0.53,-2208932205000000000,546,45
Prompt 68,0.81,176.19,44.0,1380000000.0,877000000.0,6669991936.0,0.53,-2208932204000000000,546,46
Prompt 68,0.81,176.19,44.0,1380000000.0,877000000.0,6669991936.0,0.53,-2208932204000000000,546,47
,,,,,,,,-2208932204000000000,,
Prompt 69,0.81,176.19,44.0,1380000000.0,877000000.0,6669991936.0,0.53,-2208932204000000000,547,1
Prompt 69,0.81,176.19,44.0,1380000000.0,877000000.0,6669991936.0,0.53,-2208932204000000000,547,2
Prompt 69,0.81,176.19,44.0,1380000000.0,877000000.0,6669991936.0,0.53,-2208932204000000000,547,3
Prompt 69,0.81,176.19,44.0,1380000000.0,877000000.0,6669991936.0,0.53,-2208932203000000000,547,4
Prompt 69,0.81,176.19,44.0,1380000000.0,877000000.0,6669991936.0,0.53,-2208932203000000000,548,5
Prompt 69,0.81,176.19,44.0,1380000000.0,877000000.0,6669991936.0,0.53,-2208932203000000000,548,6
Prompt 69,0.81,192.08,44.0,1380000000.0,877000000.0,6669991936.0,0.56,-2208932203000000000,548,7
Prompt 69,0.8,192.08,44.0,1380000000.0,877000000.0,6669991936.0,0.56,-2208932202000000000,548,8
Prompt 69,0.8,192.08,44.0,1380000000.0,877000000.0,6669991936.0,0.56,-2208932202000000000,548,9
Prompt 69,0.8,192.08,44.0,1380000000.0,877000000.0,6669991936.0,0.56,-2208932202000000000,549,10
Prompt 69,0.8,192.08,44.0,1380000000.0,877000000.0,6669991936.0,0.56,-2208932202000000000,549,11
Prompt 69,0.8,192.08,44.0,1380000000.0,877000000.0,6669991936.0,0.56,-2208932201000000000,549,12
Prompt 69,0.8,192.08,44.0,1380000000.0,877000000.0,6669991936.0,0.56,-2208932201000000000,549,13
Prompt 69,0.8,192.08,44.0,1380000000.0,877000000.0,6669991936.0,0.56,-2208932201000000000,550,14
Prompt 69,0.8,192.08,44.0,1380000000.0,877000000.0,6669991936.0,0.56,-2208932201000000000,550,15
Prompt 69,0.8,192.08,44.0,1380000000.0,877000000.0,6669991936.0,0.56,-2208932200000000000,550,16
Prompt 69,0.8,192.08,44.0,1380000000.0,877000000.0,6669991936.0,0.56,-2208932200000000000,550,17
Prompt 69,0.8,192.08,44.0,1380000000.0,877000000.0,6669991936.0,0.56,-2208932200000000000,551,18
Prompt 69,0.8,192.08,44.0,1380000000.0,877000000.0,6669991936.0,0.56,-2208932200000000000,551,19
Prompt 69,0.8,192.08,44.0,1380000000.0,877000000.0,6669991936.0,0.56,-2208932199000000000,551,20
Prompt 69,0.8,192.08,44.0,1380000000.0,877000000.0,6669991936.0,0.56,-2208932199000000000,551,21
Prompt 69,0.8,192.08,44.0,1380000000.0,877000000.0,6669991936.0,0.56,-2208932199000000000,552,22
Prompt 69,0.8,192.08,44.0,1380000000.0,877000000.0,6669991936.0,0.56,-2208932199000000000,552,23
Prompt 69,0.8,192.08,44.0,1380000000.0,877000000.0,6669991936.0,0.56,-2208932198000000000,552,24
Prompt 69,0.8,192.08,44.0,1380000000.0,877000000.0,6669991936.0,0.56,-2208932198000000000,552,25
Prompt 69,0.8,192.08,44.0,1380000000.0,877000000.0,6669991936.0,0.56,-2208932198000000000,553,26
Prompt 69,0.8,192.08,44.0,1380000000.0,877000000.0,6669991936.0,0.56,-2208932198000000000,553,27
Prompt 69,0.8,192.08,44.0,1380000000.0,877000000.0,6669991936.0,0.56,-2208932197000000000,553,28
Prompt 69,0.8,192.08,44.0,1380000000.0,877000000.0,6669991936.0,0.56,-2208932197000000000,553,29
Prompt 69,0.8,192.08,44.0,1380000000.0,877000000.0,6669991936.0,0.56,-2208932197000000000,554,30
Prompt 69,0.8,192.08,44.0,1380000000.0,877000000.0,6669991936.0,0.56,-2208932197000000000,554,31
Prompt 69,0.8,192.08,44.0,1380000000.0,877000000.0,6669991936.0,0.56,-2208932197000000000,554,32
Prompt 69,0.8,192.08,44.0,1380000000.0,877000000.0,6669991936.0,0.56,-2208932196000000000,554,33
Prompt 69,0.8,192.08,44.0,1380000000.0,877000000.0,6669991936.0,0.56,-2208932196000000000,555,34
Prompt 69,0.8,192.08,44.0,1380000000.0,877000000.0,6669991936.0,0.56,-2208932196000000000,555,35
Prompt 69,0.8,192.08,44.0,1380000000.0,877000000.0,6669991936.0,0.56,-2208932196000000000,555,36
Prompt 69,0.8,192.08,44.0,1380000000.0,877000000.0,6669991936.0,0.56,-2208932195000000000,555,37
Prompt 69,0.8,192.08,44.0,1380000000.0,877000000.0,6669991936.0,0.56,-2208932195000000000,556,38
Prompt 69,0.8,192.08,44.0,1380000000.0,877000000.0,6669991936.0,0.56,-2208932195000000000,556,39
Prompt 69,0.8,192.08,44.0,1380000000.0,877000000.0,6669991936.0,0.56,-2208932195000000000,556,40
Prompt 69,0.8,192.08,44.0,1380000000.0,877000000.0,6669991936.0,0.56,-2208932194000000000,556,41
Prompt 69,0.8,192.08,44.0,1380000000.0,877000000.0,6669991936.0,0.56,-2208932194000000000,557,42
Prompt 69,0.8,192.08,44.0,1380000000.0,877000000.0,6669991936.0,0.56,-2208932194000000000,557,43
Prompt 69,0.8,192.08,44.0,1380000000.0,877000000.0,6669991936.0,0.56,-2208932194000000000,557,44
Prompt 69,0.8,192.08,44.0,1380000000.0,877000000.0,6669991936.0,0.56,-2208932193000000000,557,45
Prompt 69,0.8,192.08,44.0,1380000000.0,877000000.0,6669991936.0,0.56,-2208932193000000000,557,46
Prompt 69,0.8,192.08,44.0,1380000000.0,877000000.0,6669991936.0,0.56,-2208932193000000000,558,47
Prompt 69,0.8,192.08,44.0,1380000000.0,877000000.0,6669991936.0,0.56,-2208932193000000000,558,48
Prompt 69,0.8,192.08,44.0,1380000000.0,877000000.0,6669991936.0,0.56,-2208932192000000000,558,49
Prompt 69,0.8,192.08,44.0,1380000000.0,877000000.0,6669991936.0,0.56,-2208932192000000000,559,50
Prompt 69,0.8,192.08,44.0,1380000000.0,877000000.0,6669991936.0,0.56,-2208932192000000000,559,51
Prompt 69,0.8,192.08,44.0,1380000000.0,877000000.0,6669991936.0,0.56,-2208932192000000000,559,52
Prompt 69,0.8,192.08,44.0,1380000000.0,877000000.0,6669991936.0,0.56,-2208932191000000000,559,53
Prompt 69,0.8,192.08,44.0,1380000000.0,877000000.0,6669991936.0,0.56,-2208932191000000000,559,54
Prompt 69,0.8,192.08,44.0,1380000000.0,877000000.0,6669991936.0,0.56,-2208932191000000000,560,55
Prompt 69,0.8,192.08,44.0,1380000000.0,877000000.0,6669991936.0,0.56,-2208932191000000000,560,56
Prompt 69,0.8,192.08,44.0,1380000000.0,877000000.0,6669991936.0,0.56,-2208932190000000000,560,57
Prompt 69,0.8,192.08,44.0,1380000000.0,877000000.0,6669991936.0,0.56,-2208932190000000000,560,58
Prompt 69,0.8,192.08,44.0,1380000000.0,877000000.0,6669991936.0,0.56,-2208932190000000000,561,59
Prompt 69,0.8,192.08,44.0,1380000000.0,877000000.0,6669991936.0,0.56,-2208932190000000000,561,60
Prompt 69,0.8,192.08,44.0,1380000000.0,877000000.0,6669991936.0,0.56,-2208932189000000000,561,61
Prompt 69,0.8,192.08,44.0,1380000000.0,877000000.0,6669991936.0,0.56,-2208932189000000000,561,62
Prompt 69,0.8,192.08,44.0,1380000000.0,877000000.0,6669991936.0,0.56,-2208932189000000000,562,63
