,_id,Category,Collect,GPU Utilization (%),Power Draw (Watts),GPU Temp (°C),GPU Current Clock (MHz),Memory Current Clock (MHz),Memory Allocation Used (MB),Memory Utilization (%),Current Time,Time Delta,Iteration,GPU Clock Utilization,Memory Clock Utilization
1,688509087b3c97d19cf786ab,Prompt 0,True,0.0,39.09,28.0,1080000000.0,1215000000.0,4194304.0,0.0,1900-01-01 12:57:44,1,1,0.7659574468085106,1.0
2,688509097b3c97d19cf786ac,Prompt 0,True,0.0,39.09,28.0,1080000000.0,1215000000.0,4194304.0,0.0,1900-01-01 12:57:45,2,2,0.7659574468085106,1.0
3,688509097b3c97d19cf786ad,Prompt 0,True,0.0,39.09,28.0,1080000000.0,1215000000.0,4194304.0,0.0,1900-01-01 12:57:45,2,3,0.7659574468085106,1.0
4,6885090a7b3c97d19cf786ae,Prompt 0,True,0.0,39.09,28.0,1080000000.0,1215000000.0,4194304.0,0.0,1900-01-01 12:57:46,3,4,0.7659574468085106,1.0
5,6885090a7b3c97d19cf786af,Prompt 0,True,0.0,39.09,28.0,1080000000.0,1215000000.0,4194304.0,0.0,1900-01-01 12:57:46,3,5,0.7659574468085106,1.0
6,6885090b7b3c97d19cf786b0,Prompt 0,True,0.0,39.09,28.0,1080000000.0,1215000000.0,4194304.0,0.0,1900-01-01 12:57:47,4,6,0.7659574468085106,1.0
7,6885090c7b3c97d19cf786b1,Prompt 0,True,0.0,39.09,28.0,1080000000.0,1215000000.0,4194304.0,0.0,1900-01-01 12:57:48,5,7,0.7659574468085106,1.0
8,6885090c7b3c97d19cf786b2,Prompt 0,True,0.0,39.09,28.0,1080000000.0,1215000000.0,4194304.0,0.0,1900-01-01 12:57:48,5,8,0.7659574468085106,1.0
9,6885090d7b3c97d19cf786b3,Prompt 0,True,0.0,39.09,28.0,1080000000.0,1215000000.0,4194304.0,0.0,1900-01-01 12:57:49,6,9,0.7659574468085106,1.0
10,6885090e7b3c97d19cf786b4,Prompt 0,True,0.0,39.09,28.0,1080000000.0,1215000000.0,4194304.0,0.0,1900-01-01 12:57:50,6,10,0.7659574468085106,1.0
11,6885090e7b3c97d19cf786b5,Prompt 0,True,0.0,39.09,28.0,1080000000.0,1215000000.0,4194304.0,0.0,1900-01-01 12:57:50,7,11,0.7659574468085106,1.0
12,6885090f7b3c97d19cf786b6,Prompt 0,True,0.0,39.09,28.0,1080000000.0,1215000000.0,4194304.0,0.0,1900-01-01 12:57:51,8,12,0.7659574468085106,1.0
13,6885090f7b3c97d19cf786b7,Prompt 0,True,0.0,39.09,28.0,1080000000.0,1215000000.0,4194304.0,0.0,1900-01-01 12:57:51,8,13,0.7659574468085106,1.0
14,688509107b3c97d19cf786b8,Prompt 0,True,0.0,39.09,28.0,1080000000.0,1215000000.0,6808403968.0,0.4,1900-01-01 12:57:52,9,14,0.7659574468085106,1.0
15,688509107b3c97d19cf786b9,,True,,,,,,,,1900-01-01 12:57:52,,,,
16,688509107b3c97d19cf786ba,Prompt 1,True,0.77,232.6,38.0,1410000000.0,1215000000.0,6808403968.0,0.4,1900-01-01 12:57:52,9,1,1.0,1.0
17,688509117b3c97d19cf786bb,Prompt 1,True,0.77,232.6,38.0,1410000000.0,1215000000.0,6808403968.0,0.4,1900-01-01 12:57:53,10,2,1.0,1.0
18,688509127b3c97d19cf786bc,Prompt 1,True,0.77,232.6,38.0,1410000000.0,1215000000.0,6808403968.0,0.4,1900-01-01 12:57:54,11,3,1.0,1.0
19,688509127b3c97d19cf786bd,Prompt 1,True,0.77,232.6,38.0,1410000000.0,1215000000.0,6808403968.0,0.4,1900-01-01 12:57:54,11,4,1.0,1.0
20,688509137b3c97d19cf786be,Prompt 1,True,0.77,232.6,38.0,1410000000.0,1215000000.0,6808403968.0,0.4,1900-01-01 12:57:55,12,5,1.0,1.0
21,688509137b3c97d19cf786bf,Prompt 1,True,0.77,232.6,38.0,1410000000.0,1215000000.0,6808403968.0,0.4,1900-01-01 12:57:55,12,6,1.0,1.0
22,688509147b3c97d19cf786c0,Prompt 1,True,0.77,232.6,38.0,1410000000.0,1215000000.0,6808403968.0,0.4,1900-01-01 12:57:56,13,7,1.0,1.0
23,688509147b3c97d19cf786c1,Prompt 1,True,0.77,232.6,38.0,1410000000.0,1215000000.0,6808403968.0,0.4,1900-01-01 12:57:56,13,8,1.0,1.0
24,688509157b3c97d19cf786c2,Prompt 1,True,0.77,232.6,38.0,1410000000.0,1215000000.0,6808403968.0,0.4,1900-01-01 12:57:57,14,9,1.0,1.0
25,688509167b3c97d19cf786c3,Prompt 1,True,0.77,232.6,38.0,1410000000.0,1215000000.0,6808403968.0,0.4,1900-01-01 12:57:58,15,10,1.0,1.0
26,688509167b3c97d19cf786c4,,True,,,,,,,,1900-01-01 12:57:57,,,,
27,688509167b3c97d19cf786c5,Prompt 2,True,0.77,232.6,38.0,1410000000.0,1215000000.0,6808403968.0,0.4,1900-01-01 12:57:58,15,1,1.0,1.0
28,688509177b3c97d19cf786c6,Prompt 2,True,0.77,232.6,38.0,1410000000.0,1215000000.0,6808403968.0,0.4,1900-01-01 12:57:59,16,2,1.0,1.0
29,688509187b3c97d19cf786c7,Prompt 2,True,0.77,232.6,38.0,1410000000.0,1215000000.0,6808403968.0,0.4,1900-01-01 12:58:00,16,3,1.0,1.0
30,688509187b3c97d19cf786c8,Prompt 2,True,0.77,232.6,38.0,1410000000.0,1215000000.0,6808403968.0,0.4,1900-01-01 12:58:00,17,4,1.0,1.0
31,688509197b3c97d19cf786c9,Prompt 2,True,0.77,232.6,38.0,1410000000.0,1215000000.0,6808403968.0,0.4,1900-01-01 12:58:01,18,5,1.0,1.0
32,688509197b3c97d19cf786ca,Prompt 2,True,0.77,232.6,38.0,1410000000.0,1215000000.0,6808403968.0,0.4,1900-01-01 12:58:01,18,6,1.0,1.0
33,6885091a7b3c97d19cf786cb,Prompt 2,True,0.77,232.6,38.0,1410000000.0,1215000000.0,6808403968.0,0.4,1900-01-01 12:58:02,19,7,1.0,1.0
34,6885091b7b3c97d19cf786cc,Prompt 2,True,0.77,232.6,38.0,1410000000.0,1215000000.0,6808403968.0,0.4,1900-01-01 12:58:03,20,8,1.0,1.0
35,6885091b7b3c97d19cf786cd,Prompt 2,True,0.77,232.6,38.0,1410000000.0,1215000000.0,6808403968.0,0.4,1900-01-01 12:58:03,20,9,1.0,1.0
36,6885091c7b3c97d19cf786ce,Prompt 2,True,0.77,232.6,38.0,1410000000.0,1215000000.0,6808403968.0,0.4,1900-01-01 12:58:04,21,10,1.0,1.0
37,6885091c7b3c97d19cf786cf,Prompt 2,True,0.77,232.6,38.0,1410000000.0,1215000000.0,6808403968.0,0.4,1900-01-01 12:58:04,21,11,1.0,1.0
38,6885091d7b3c97d19cf786d0,Prompt 2,True,0.77,232.6,38.0,1410000000.0,1215000000.0,6808403968.0,0.4,1900-01-01 12:58:05,22,12,1.0,1.0
39,6885091e7b3c97d19cf786d1,Prompt 2,True,0.77,232.6,38.0,1410000000.0,1215000000.0,6808403968.0,0.4,1900-01-01 12:58:06,23,13,1.0,1.0
40,6885091e7b3c97d19cf786d2,Prompt 2,True,0.77,232.6,38.0,1410000000.0,1215000000.0,6808403968.0,0.4,1900-01-01 12:58:06,23,14,1.0,1.0
41,6885091f7b3c97d19cf786d3,Prompt 2,True,0.77,232.6,38.0,1410000000.0,1215000000.0,6808403968.0,0.25,1900-01-01 12:58:07,24,15,1.0,1.0
42,6885091f7b3c97d19cf786d4,,True,,,,,,,,1900-01-01 12:58:06,,,,
43,6885091f7b3c97d19cf786d5,Prompt 3,True,0.49,62.74,41.0,1410000000.0,1215000000.0,6808403968.0,0.25,1900-01-01 12:58:07,24,1,1.0,1.0
44,688509207b3c97d19cf786d6,Prompt 3,True,0.49,62.74,41.0,1410000000.0,1215000000.0,6808403968.0,0.25,1900-01-01 12:58:08,25,2,1.0,1.0
45,688509207b3c97d19cf786d7,Prompt 3,True,0.49,62.74,41.0,1410000000.0,1215000000.0,6808403968.0,0.25,1900-01-01 12:58:08,25,3,1.0,1.0
46,688509217b3c97d19cf786d8,,True,,,,,,,,1900-01-01 12:58:08,,,,
47,688509217b3c97d19cf786d9,Prompt 4,True,0.49,62.74,41.0,1410000000.0,1215000000.0,6808403968.0,0.25,1900-01-01 12:58:09,26,1,1.0,1.0
48,688509227b3c97d19cf786da,Prompt 4,True,0.49,62.74,41.0,1410000000.0,1215000000.0,6808403968.0,0.25,1900-01-01 12:58:10,27,2,1.0,1.0
49,688509227b3c97d19cf786db,Prompt 4,True,0.49,62.74,41.0,1410000000.0,1215000000.0,6808403968.0,0.25,1900-01-01 12:58:10,27,3,1.0,1.0
50,688509237b3c97d19cf786dc,Prompt 4,True,0.49,62.74,41.0,1410000000.0,1215000000.0,6808403968.0,0.25,1900-01-01 12:58:11,28,4,1.0,1.0
51,688509247b3c97d19cf786dd,Prompt 4,True,0.49,62.74,41.0,1410000000.0,1215000000.0,6808403968.0,0.25,1900-01-01 12:58:12,29,5,1.0,1.0
52,688509247b3c97d19cf786de,,True,,,,,,,,1900-01-01 12:58:11,,,,
53,688509247b3c97d19cf786df,Prompt 5,True,0.49,62.74,41.0,1410000000.0,1215000000.0,6808403968.0,0.25,1900-01-01 12:58:12,29,1,1.0,1.0
54,688509257b3c97d19cf786e0,Prompt 5,True,0.49,62.74,41.0,1410000000.0,1215000000.0,6808403968.0,0.25,1900-01-01 12:58:13,30,2,1.0,1.0
55,688509267b3c97d19cf786e1,Prompt 5,True,0.49,62.74,41.0,1410000000.0,1215000000.0,6808403968.0,0.25,1900-01-01 12:58:14,30,3,1.0,1.0
56,688509267b3c97d19cf786e2,Prompt 5,True,0.49,62.74,41.0,1410000000.0,1215000000.0,6808403968.0,0.25,1900-01-01 12:58:14,31,4,1.0,1.0
57,688509277b3c97d19cf786e3,Prompt 5,True,0.49,62.74,41.0,1410000000.0,1215000000.0,6808403968.0,0.25,1900-01-01 12:58:15,32,5,1.0,1.0
58,688509277b3c97d19cf786e4,Prompt 5,True,0.49,62.74,41.0,1410000000.0,1215000000.0,6808403968.0,0.25,1900-01-01 12:58:15,32,6,1.0,1.0
59,688509287b3c97d19cf786e5,Prompt 5,True,0.49,62.74,41.0,1410000000.0,1215000000.0,6808403968.0,0.25,1900-01-01 12:58:16,33,7,1.0,1.0
60,688509287b3c97d19cf786e6,,True,,,,,,,,1900-01-01 12:58:16,,,,
61,688509287b3c97d19cf786e7,Prompt 6,True,0.49,62.74,41.0,1410000000.0,1215000000.0,6808403968.0,0.25,1900-01-01 12:58:16,33,1,1.0,1.0
62,688509297b3c97d19cf786e8,Prompt 6,True,0.49,62.74,41.0,1410000000.0,1215000000.0,6808403968.0,0.25,1900-01-01 12:58:17,34,2,1.0,1.0
63,688509297b3c97d19cf786e9,,True,,,,,,,,1900-01-01 12:58:17,,,,
64,6885092a7b3c97d19cf786ea,Prompt 7,True,0.49,62.74,41.0,1410000000.0,1215000000.0,6808403968.0,0.25,1900-01-01 12:58:18,35,1,1.0,1.0
65,6885092a7b3c97d19cf786eb,Prompt 7,True,0.49,62.74,41.0,1410000000.0,1215000000.0,6808403968.0,0.25,1900-01-01 12:58:18,35,2,1.0,1.0
66,6885092a7b3c97d19cf786ec,,True,,,,,,,,1900-01-01 12:58:18,,,,
67,6885092b7b3c97d19cf786ed,Prompt 8,True,0.49,62.74,41.0,1410000000.0,1215000000.0,6808403968.0,0.25,1900-01-01 12:58:19,36,1,1.0,1.0
68,6885092c7b3c97d19cf786ee,Prompt 8,True,0.49,62.74,41.0,1410000000.0,1215000000.0,6808403968.0,0.25,1900-01-01 12:58:20,37,2,1.0,1.0
69,6885092c7b3c97d19cf786ef,,True,,,,,,,,1900-01-01 12:58:19,,,,
70,6885092c7b3c97d19cf786f0,Prompt 9,True,0.49,62.74,41.0,1410000000.0,1215000000.0,6808403968.0,0.25,1900-01-01 12:58:20,37,1,1.0,1.0
71,6885092d7b3c97d19cf786f1,Prompt 9,True,0.49,62.74,41.0,1410000000.0,1215000000.0,6808403968.0,0.25,1900-01-01 12:58:21,38,2,1.0,1.0
72,6885092d7b3c97d19cf786f2,Prompt 9,True,0.49,62.74,41.0,1410000000.0,1215000000.0,6808403968.0,0.25,1900-01-01 12:58:21,38,3,1.0,1.0
73,6885092e7b3c97d19cf786f3,Prompt 9,True,0.49,62.74,49.0,1410000000.0,1215000000.0,6808403968.0,0.41000000000000003,1900-01-01 12:58:22,39,4,1.0,1.0
74,6885092e7b3c97d19cf786f4,,True,,,,,,,,1900-01-01 12:58:22,,,,
75,6885092f7b3c97d19cf786f5,Prompt 10,True,0.78,221.99,49.0,1410000000.0,1215000000.0,6808403968.0,0.41000000000000003,1900-01-01 12:58:23,40,1,1.0,1.0
76,6885092f7b3c97d19cf786f6,Prompt 10,True,0.78,221.99,49.0,1410000000.0,1215000000.0,6808403968.0,0.41000000000000003,1900-01-01 12:58:23,40,2,1.0,1.0
77,6885092f7b3c97d19cf786f7,,True,,,,,,,,1900-01-01 12:58:23,,,,
78,688509307b3c97d19cf786f8,Prompt 11,True,0.78,221.99,49.0,1410000000.0,1215000000.0,6808403968.0,0.41000000000000003,1900-01-01 12:58:24,41,1,1.0,1.0
79,688509307b3c97d19cf786f9,Prompt 11,True,0.78,221.99,49.0,1410000000.0,1215000000.0,6808403968.0,0.41000000000000003,1900-01-01 12:58:24,41,2,1.0,1.0
80,688509317b3c97d19cf786fa,Prompt 11,True,0.78,221.99,49.0,1410000000.0,1215000000.0,6808403968.0,0.41000000000000003,1900-01-01 12:58:25,42,3,1.0,1.0
81,688509317b3c97d19cf786fb,,True,,,,,,,,1900-01-01 12:58:25,,,,
82,688509327b3c97d19cf786fc,Prompt 12,True,0.78,221.99,49.0,1410000000.0,1215000000.0,6808403968.0,0.41000000000000003,1900-01-01 12:58:26,42,1,1.0,1.0
83,688509327b3c97d19cf786fd,Prompt 12,True,0.78,221.99,49.0,1410000000.0,1215000000.0,6808403968.0,0.41000000000000003,1900-01-01 12:58:26,43,2,1.0,1.0
84,688509327b3c97d19cf786fe,,True,,,,,,,,1900-01-01 12:58:26,,,,
85,688509337b3c97d19cf786ff,Prompt 13,True,0.78,221.99,49.0,1410000000.0,1215000000.0,6808403968.0,0.41000000000000003,1900-01-01 12:58:27,44,1,1.0,1.0
86,688509337b3c97d19cf78700,Prompt 13,True,0.78,221.99,49.0,1410000000.0,1215000000.0,6808403968.0,0.41000000000000003,1900-01-01 12:58:27,44,2,1.0,1.0
87,688509347b3c97d19cf78701,Prompt 13,True,0.78,221.99,49.0,1410000000.0,1215000000.0,6808403968.0,0.41000000000000003,1900-01-01 12:58:28,45,3,1.0,1.0
88,688509347b3c97d19cf78702,,True,,,,,,,,1900-01-01 12:58:27,,,,
89,688509357b3c97d19cf78703,Prompt 14,True,0.78,221.99,49.0,1410000000.0,1215000000.0,6808403968.0,0.41000000000000003,1900-01-01 12:58:29,46,1,1.0,1.0
90,688509357b3c97d19cf78704,Prompt 14,True,0.78,221.99,49.0,1410000000.0,1215000000.0,6808403968.0,0.41000000000000003,1900-01-01 12:58:29,46,2,1.0,1.0
91,688509357b3c97d19cf78705,,True,,,,,,,,1900-01-01 12:58:29,,,,
92,688509367b3c97d19cf78706,Prompt 15,True,0.78,221.99,49.0,1410000000.0,1215000000.0,6808403968.0,0.41000000000000003,1900-01-01 12:58:30,47,1,1.0,1.0
93,688509377b3c97d19cf78707,Prompt 15,True,0.78,221.99,49.0,1410000000.0,1215000000.0,6808403968.0,0.41000000000000003,1900-01-01 12:58:31,48,2,1.0,1.0
94,688509387b3c97d19cf78708,Prompt 15,True,0.78,221.99,49.0,1410000000.0,1215000000.0,6808403968.0,0.41000000000000003,1900-01-01 12:58:32,49,3,1.0,1.0
95,688509397b3c97d19cf78709,Prompt 15,True,0.78,221.99,49.0,1410000000.0,1215000000.0,6808403968.0,0.41000000000000003,1900-01-01 12:58:33,49,4,1.0,1.0
96,688509397b3c97d19cf7870a,Prompt 15,True,0.78,221.99,49.0,1410000000.0,1215000000.0,6808403968.0,0.41000000000000003,1900-01-01 12:58:33,50,5,1.0,1.0
97,6885093a7b3c97d19cf7870b,Prompt 15,True,0.78,221.99,49.0,1410000000.0,1215000000.0,6808403968.0,0.41000000000000003,1900-01-01 12:58:34,51,6,1.0,1.0
98,6885093a7b3c97d19cf7870c,,True,,,,,,,,1900-01-01 12:58:33,,,,
99,6885093a7b3c97d19cf7870d,Prompt 16,True,0.78,221.99,49.0,1410000000.0,1215000000.0,6808403968.0,0.41000000000000003,1900-01-01 12:58:34,51,1,1.0,1.0
100,6885093b7b3c97d19cf7870e,Prompt 16,True,0.78,221.99,49.0,1410000000.0,1215000000.0,6808403968.0,0.41000000000000003,1900-01-01 12:58:35,52,2,1.0,1.0
101,6885093c7b3c97d19cf7870f,Prompt 16,True,0.78,221.99,49.0,1410000000.0,1215000000.0,6808403968.0,0.41000000000000003,1900-01-01 12:58:36,53,3,1.0,1.0
102,6885093d7b3c97d19cf78710,Prompt 16,True,0.78,221.99,49.0,1410000000.0,1215000000.0,6808403968.0,0.0,1900-01-01 12:58:37,54,4,1.0,1.0
103,6885093d7b3c97d19cf78711,,True,,,,,,,,1900-01-01 12:58:36,,,,
104,6885093d7b3c97d19cf78712,Prompt 17,True,0.0,66.16,47.0,1410000000.0,1215000000.0,6808403968.0,0.0,1900-01-01 12:58:37,54,1,1.0,1.0
105,6885093e7b3c97d19cf78713,Prompt 17,True,0.0,66.16,47.0,1410000000.0,1215000000.0,6808403968.0,0.0,1900-01-01 12:58:38,55,2,1.0,1.0
106,6885093e7b3c97d19cf78714,,True,,,,,,,,1900-01-01 12:58:38,,,,
107,6885093f7b3c97d19cf78715,Prompt 18,True,0.0,66.16,47.0,1410000000.0,1215000000.0,6808403968.0,0.0,1900-01-01 12:58:39,56,1,1.0,1.0
108,688509407b3c97d19cf78716,Prompt 18,True,0.0,66.16,47.0,1410000000.0,1215000000.0,6808403968.0,0.0,1900-01-01 12:58:40,57,2,1.0,1.0
109,688509407b3c97d19cf78717,Prompt 18,True,0.0,66.16,47.0,1410000000.0,1215000000.0,6808403968.0,0.0,1900-01-01 12:58:40,57,3,1.0,1.0
110,688509407b3c97d19cf78718,,True,,,,,,,,1900-01-01 12:58:40,,,,
111,688509417b3c97d19cf78719,Prompt 19,True,0.0,66.16,47.0,1410000000.0,1215000000.0,6808403968.0,0.0,1900-01-01 12:58:41,58,1,1.0,1.0
112,688509427b3c97d19cf7871a,Prompt 19,True,0.0,66.16,47.0,1410000000.0,1215000000.0,6808403968.0,0.0,1900-01-01 12:58:42,59,2,1.0,1.0
113,688509427b3c97d19cf7871b,Prompt 19,True,0.0,66.16,47.0,1410000000.0,1215000000.0,6808403968.0,0.0,1900-01-01 12:58:42,59,3,1.0,1.0
114,688509437b3c97d19cf7871c,Prompt 19,True,0.0,66.16,47.0,1410000000.0,1215000000.0,6808403968.0,0.0,1900-01-01 12:58:43,60,4,1.0,1.0
115,688509437b3c97d19cf7871d,Prompt 19,True,0.0,66.16,47.0,1410000000.0,1215000000.0,6808403968.0,0.0,1900-01-01 12:58:43,60,5,1.0,1.0
116,688509447b3c97d19cf7871e,Prompt 19,True,0.0,66.16,47.0,1410000000.0,1215000000.0,6808403968.0,0.0,1900-01-01 12:58:44,61,6,1.0,1.0
117,688509447b3c97d19cf7871f,,True,,,,,,,,1900-01-01 12:58:43,,,,
118,688509457b3c97d19cf78720,Prompt 20,True,0.0,66.16,47.0,1410000000.0,1215000000.0,6808403968.0,0.0,1900-01-01 12:58:45,61,1,1.0,1.0
119,688509457b3c97d19cf78721,Prompt 20,True,0.0,66.16,47.0,1410000000.0,1215000000.0,6808403968.0,0.0,1900-01-01 12:58:45,62,2,1.0,1.0
120,688509467b3c97d19cf78722,Prompt 20,True,0.0,66.16,47.0,1410000000.0,1215000000.0,6808403968.0,0.0,1900-01-01 12:58:46,63,3,1.0,1.0
121,688509467b3c97d19cf78723,Prompt 20,True,0.0,66.16,47.0,1410000000.0,1215000000.0,6808403968.0,0.0,1900-01-01 12:58:46,63,4,1.0,1.0
122,688509467b3c97d19cf78724,,True,,,,,,,,1900-01-01 12:58:46,,,,
123,688509477b3c97d19cf78725,Prompt 21,True,0.0,66.16,47.0,1410000000.0,1215000000.0,6808403968.0,0.0,1900-01-01 12:58:47,64,1,1.0,1.0
124,688509477b3c97d19cf78726,Prompt 21,True,0.0,66.16,47.0,1410000000.0,1215000000.0,6808403968.0,0.0,1900-01-01 12:58:47,64,2,1.0,1.0
125,688509487b3c97d19cf78727,Prompt 21,True,0.0,66.16,47.0,1410000000.0,1215000000.0,6808403968.0,0.0,1900-01-01 12:58:48,65,3,1.0,1.0
126,688509497b3c97d19cf78728,Prompt 21,True,0.0,66.16,47.0,1410000000.0,1215000000.0,6808403968.0,0.0,1900-01-01 12:58:49,66,4,1.0,1.0
127,688509497b3c97d19cf78729,Prompt 21,True,0.0,66.16,47.0,1410000000.0,1215000000.0,6808403968.0,0.0,1900-01-01 12:58:49,66,5,1.0,1.0
128,6885094a7b3c97d19cf7872a,Prompt 21,True,0.0,66.16,47.0,1410000000.0,1215000000.0,6808403968.0,0.0,1900-01-01 12:58:50,67,6,1.0,1.0
129,6885094a7b3c97d19cf7872b,Prompt 21,True,0.0,66.16,47.0,1410000000.0,1215000000.0,6808403968.0,0.0,1900-01-01 12:58:50,67,7,1.0,1.0
130,6885094b7b3c97d19cf7872c,Prompt 21,True,0.0,66.16,47.0,1410000000.0,1215000000.0,6808403968.0,0.0,1900-01-01 12:58:51,68,8,1.0,1.0
131,6885094b7b3c97d19cf7872d,,True,,,,,,,,1900-01-01 12:58:50,,,,
132,6885094b7b3c97d19cf7872e,Prompt 22,True,0.0,66.16,47.0,1410000000.0,1215000000.0,6808403968.0,0.0,1900-01-01 12:58:51,68,1,1.0,1.0
133,6885094c7b3c97d19cf7872f,Prompt 22,True,0.0,66.16,52.0,1410000000.0,1215000000.0,6808403968.0,0.38,1900-01-01 12:58:52,69,2,1.0,1.0
134,6885094c7b3c97d19cf78730,,True,,,,,,,,1900-01-01 12:58:52,,,,
135,6885094d7b3c97d19cf78731,Prompt 23,True,0.71,70.09,52.0,1410000000.0,1215000000.0,6808403968.0,0.38,1900-01-01 12:58:53,69,1,1.0,1.0
136,6885094d7b3c97d19cf78732,Prompt 23,True,0.71,70.09,52.0,1410000000.0,1215000000.0,6808403968.0,0.38,1900-01-01 12:58:53,70,2,1.0,1.0
137,6885094e7b3c97d19cf78733,Prompt 23,True,0.71,70.09,52.0,1410000000.0,1215000000.0,6808403968.0,0.38,1900-01-01 12:58:54,71,3,1.0,1.0
138,6885094e7b3c97d19cf78734,Prompt 23,True,0.71,70.09,52.0,1410000000.0,1215000000.0,6808403968.0,0.38,1900-01-01 12:58:54,71,4,1.0,1.0
139,6885094e7b3c97d19cf78735,,True,,,,,,,,1900-01-01 12:58:54,,,,
140,6885094f7b3c97d19cf78736,Prompt 24,True,0.71,70.09,52.0,1410000000.0,1215000000.0,6808403968.0,0.38,1900-01-01 12:58:55,72,1,1.0,1.0
141,6885094f7b3c97d19cf78737,Prompt 24,True,0.71,70.09,52.0,1410000000.0,1215000000.0,6808403968.0,0.38,1900-01-01 12:58:55,72,2,1.0,1.0
142,6885094f7b3c97d19cf78738,,True,,,,,,,,1900-01-01 12:58:55,,,,
143,688509507b3c97d19cf78739,Prompt 25,True,0.71,70.09,52.0,1410000000.0,1215000000.0,6808403968.0,0.38,1900-01-01 12:58:56,73,1,1.0,1.0
144,688509517b3c97d19cf7873a,Prompt 25,True,0.71,70.09,52.0,1410000000.0,1215000000.0,6808403968.0,0.38,1900-01-01 12:58:57,74,2,1.0,1.0
145,688509517b3c97d19cf7873b,Prompt 25,True,0.71,70.09,52.0,1410000000.0,1215000000.0,6808403968.0,0.38,1900-01-01 12:58:57,74,3,1.0,1.0
146,688509517b3c97d19cf7873c,,True,,,,,,,,1900-01-01 12:58:57,,,,
147,688509527b3c97d19cf7873d,Prompt 26,True,0.71,70.09,52.0,1410000000.0,1215000000.0,6808403968.0,0.38,1900-01-01 12:58:58,75,1,1.0,1.0
148,688509527b3c97d19cf7873e,Prompt 26,True,0.71,70.09,52.0,1410000000.0,1215000000.0,6808403968.0,0.38,1900-01-01 12:58:58,75,2,1.0,1.0
149,688509527b3c97d19cf7873f,,True,,,,,,,,1900-01-01 12:58:58,,,,
150,688509537b3c97d19cf78740,Prompt 27,True,0.71,70.09,52.0,1410000000.0,1215000000.0,6808403968.0,0.38,1900-01-01 12:58:59,76,1,1.0,1.0
151,688509537b3c97d19cf78741,Prompt 27,True,0.71,70.09,52.0,1410000000.0,1215000000.0,6808403968.0,0.38,1900-01-01 12:58:59,76,2,1.0,1.0
152,688509547b3c97d19cf78742,Prompt 27,True,0.71,70.09,52.0,1410000000.0,1215000000.0,6808403968.0,0.38,1900-01-01 12:59:00,77,3,1.0,1.0
153,688509547b3c97d19cf78743,Prompt 27,True,0.71,70.09,52.0,1410000000.0,1215000000.0,6808403968.0,0.38,1900-01-01 12:59:00,77,4,1.0,1.0
154,688509547b3c97d19cf78744,,True,,,,,,,,1900-01-01 12:59:00,,,,
155,688509557b3c97d19cf78745,Prompt 28,True,0.71,70.09,52.0,1410000000.0,1215000000.0,6808403968.0,0.38,1900-01-01 12:59:01,78,1,1.0,1.0
156,688509567b3c97d19cf78746,Prompt 28,True,0.71,70.09,52.0,1410000000.0,1215000000.0,6808403968.0,0.38,1900-01-01 12:59:02,78,2,1.0,1.0
157,688509567b3c97d19cf78747,Prompt 28,True,0.71,70.09,52.0,1410000000.0,1215000000.0,6808403968.0,0.38,1900-01-01 12:59:02,79,3,1.0,1.0
158,688509577b3c97d19cf78748,Prompt 28,True,0.71,70.09,52.0,1410000000.0,1215000000.0,6808403968.0,0.38,1900-01-01 12:59:03,80,4,1.0,1.0
159,688509577b3c97d19cf78749,,True,,,,,,,,1900-01-01 12:59:02,,,,
160,688509577b3c97d19cf7874a,Prompt 29,True,0.71,70.09,52.0,1410000000.0,1215000000.0,6808403968.0,0.38,1900-01-01 12:59:03,80,1,1.0,1.0
161,688509587b3c97d19cf7874b,Prompt 29,True,0.71,70.09,52.0,1410000000.0,1215000000.0,6808403968.0,0.38,1900-01-01 12:59:04,81,2,1.0,1.0
162,688509597b3c97d19cf7874c,Prompt 29,True,0.71,70.09,52.0,1410000000.0,1215000000.0,6808403968.0,0.38,1900-01-01 12:59:05,82,3,1.0,1.0
163,688509597b3c97d19cf7874d,,True,,,,,,,,1900-01-01 12:59:04,,,,
164,6885095a7b3c97d19cf7874e,Prompt 30,True,0.71,70.09,52.0,1410000000.0,1215000000.0,6808403968.0,0.38,1900-01-01 12:59:06,82,1,1.0,1.0
165,6885095a7b3c97d19cf7874f,Prompt 30,True,0.71,70.09,52.0,1410000000.0,1215000000.0,6808403968.0,0.38,1900-01-01 12:59:06,83,2,1.0,1.0
166,6885095b7b3c97d19cf78750,Prompt 30,True,0.71,70.09,52.0,1410000000.0,1215000000.0,6808403968.0,0.38,1900-01-01 12:59:07,84,3,1.0,1.0
167,6885095b7b3c97d19cf78751,Prompt 30,True,0.78,244.05,57.0,1395000000.0,1215000000.0,6808403968.0,0.4,1900-01-01 12:59:07,84,4,0.9893617021276596,1.0
168,6885095c7b3c97d19cf78752,Prompt 30,True,0.78,244.05,57.0,1395000000.0,1215000000.0,6808403968.0,0.4,1900-01-01 12:59:08,85,5,0.9893617021276596,1.0
169,6885095c7b3c97d19cf78753,Prompt 30,True,0.78,244.05,57.0,1395000000.0,1215000000.0,6808403968.0,0.4,1900-01-01 12:59:08,85,6,0.9893617021276596,1.0
170,6885095d7b3c97d19cf78754,Prompt 30,True,0.78,244.05,57.0,1395000000.0,1215000000.0,6808403968.0,0.4,1900-01-01 12:59:09,86,7,0.9893617021276596,1.0
171,6885095d7b3c97d19cf78755,Prompt 30,True,0.78,244.05,57.0,1395000000.0,1215000000.0,6808403968.0,0.4,1900-01-01 12:59:09,86,8,0.9893617021276596,1.0
172,6885095e7b3c97d19cf78756,,True,,,,,,,,1900-01-01 12:59:09,,,,
173,6885095e7b3c97d19cf78757,Prompt 31,True,0.78,244.05,57.0,1395000000.0,1215000000.0,6808403968.0,0.4,1900-01-01 12:59:10,87,1,0.9893617021276596,1.0
174,6885095f7b3c97d19cf78758,Prompt 31,True,0.78,244.05,57.0,1395000000.0,1215000000.0,6808403968.0,0.4,1900-01-01 12:59:11,88,2,0.9893617021276596,1.0
175,6885095f7b3c97d19cf78759,,True,,,,,,,,1900-01-01 12:59:10,,,,
176,6885095f7b3c97d19cf7875a,Prompt 32,True,0.78,244.05,57.0,1395000000.0,1215000000.0,6808403968.0,0.4,1900-01-01 12:59:11,88,1,0.9893617021276596,1.0
177,688509607b3c97d19cf7875b,Prompt 32,True,0.78,244.05,57.0,1395000000.0,1215000000.0,6808403968.0,0.4,1900-01-01 12:59:12,89,2,0.9893617021276596,1.0
178,688509607b3c97d19cf7875c,,True,,,,,,,,1900-01-01 12:59:12,,,,
179,688509607b3c97d19cf7875d,Prompt 33,True,0.78,244.05,57.0,1395000000.0,1215000000.0,6808403968.0,0.4,1900-01-01 12:59:12,89,1,0.9893617021276596,1.0
180,688509617b3c97d19cf7875e,Prompt 33,True,0.78,244.05,57.0,1395000000.0,1215000000.0,6808403968.0,0.4,1900-01-01 12:59:13,90,2,0.9893617021276596,1.0
181,688509627b3c97d19cf7875f,Prompt 33,True,0.78,244.05,57.0,1395000000.0,1215000000.0,6808403968.0,0.4,1900-01-01 12:59:14,90,3,0.9893617021276596,1.0
182,688509627b3c97d19cf78760,,True,,,,,,,,1900-01-01 12:59:13,,,,
183,688509627b3c97d19cf78761,Prompt 34,True,0.78,244.05,57.0,1395000000.0,1215000000.0,6808403968.0,0.4,1900-01-01 12:59:14,91,1,0.9893617021276596,1.0
184,688509637b3c97d19cf78762,Prompt 34,True,0.78,244.05,57.0,1395000000.0,1215000000.0,6808403968.0,0.4,1900-01-01 12:59:15,92,2,0.9893617021276596,1.0
185,688509637b3c97d19cf78763,,True,,,,,,,,1900-01-01 12:59:14,,,,
186,688509647b3c97d19cf78764,Prompt 35,True,0.78,244.05,57.0,1395000000.0,1215000000.0,6808403968.0,0.4,1900-01-01 12:59:16,93,1,0.9893617021276596,1.0
187,688509647b3c97d19cf78765,,True,,,,,,,,1900-01-01 12:59:15,,,,
188,688509647b3c97d19cf78766,Prompt 36,True,0.78,244.05,57.0,1395000000.0,1215000000.0,6808403968.0,0.4,1900-01-01 12:59:16,93,1,0.9893617021276596,1.0
189,688509657b3c97d19cf78767,Prompt 36,True,0.78,244.05,57.0,1395000000.0,1215000000.0,6808403968.0,0.4,1900-01-01 12:59:17,94,2,0.9893617021276596,1.0
190,688509657b3c97d19cf78768,Prompt 36,True,0.78,244.05,57.0,1395000000.0,1215000000.0,6808403968.0,0.4,1900-01-01 12:59:17,94,3,0.9893617021276596,1.0
191,688509657b3c97d19cf78769,,True,,,,,,,,1900-01-01 12:59:17,,,,
192,688509667b3c97d19cf7876a,Prompt 37,True,0.78,244.05,57.0,1395000000.0,1215000000.0,6808403968.0,0.4,1900-01-01 12:59:18,95,1,0.9893617021276596,1.0
193,688509667b3c97d19cf7876b,,True,,,,,,,,1900-01-01 12:59:18,,,,
194,688509677b3c97d19cf7876c,Prompt 38,True,0.78,244.05,57.0,1395000000.0,1215000000.0,6808403968.0,0.4,1900-01-01 12:59:19,96,1,0.9893617021276596,1.0
195,688509677b3c97d19cf7876d,,True,,,,,,,,1900-01-01 12:59:19,,,,
196,688509677b3c97d19cf7876e,Prompt 39,True,0.78,244.05,57.0,1395000000.0,1215000000.0,6808403968.0,0.4,1900-01-01 12:59:19,96,1,0.9893617021276596,1.0
197,688509687b3c97d19cf7876f,Prompt 39,True,0.78,244.05,57.0,1395000000.0,1215000000.0,6808403968.0,0.4,1900-01-01 12:59:20,97,2,0.9893617021276596,1.0
198,688509687b3c97d19cf78770,,True,,,,,,,,1900-01-01 12:59:20,,,,
199,688509697b3c97d19cf78771,Prompt 40,True,0.78,244.05,57.0,1395000000.0,1215000000.0,6808403968.0,0.4,1900-01-01 12:59:21,97,1,0.9893617021276596,1.0
200,688509697b3c97d19cf78772,Prompt 40,True,0.78,244.05,57.0,1395000000.0,1215000000.0,6808403968.0,0.4,1900-01-01 12:59:21,98,2,0.9893617021276596,1.0
201,688509697b3c97d19cf78773,,True,,,,,,,,1900-01-01 12:59:21,,,,
202,6885096a7b3c97d19cf78774,Prompt 41,True,0.78,244.05,57.0,1395000000.0,1215000000.0,6808403968.0,0.4,1900-01-01 12:59:22,99,1,0.9893617021276596,1.0
203,6885096a7b3c97d19cf78775,Prompt 41,True,0.75,244.64,57.0,1410000000.0,1215000000.0,6810501120.0,0.4,1900-01-01 12:59:22,99,2,1.0,1.0
204,6885096b7b3c97d19cf78776,Prompt 41,True,0.75,244.64,57.0,1410000000.0,1215000000.0,6810501120.0,0.4,1900-01-01 12:59:23,100,3,1.0,1.0
205,6885096b7b3c97d19cf78777,Prompt 41,True,0.75,244.64,57.0,1410000000.0,1215000000.0,6810501120.0,0.4,1900-01-01 12:59:23,100,4,1.0,1.0
206,6885096c7b3c97d19cf78778,Prompt 41,True,0.75,244.64,57.0,1410000000.0,1215000000.0,6810501120.0,0.4,1900-01-01 12:59:24,101,5,1.0,1.0
207,6885096d7b3c97d19cf78779,Prompt 41,True,0.75,244.64,57.0,1410000000.0,1215000000.0,6810501120.0,0.4,1900-01-01 12:59:25,101,6,1.0,1.0
208,6885096d7b3c97d19cf7877a,Prompt 41,True,0.75,244.64,57.0,1410000000.0,1215000000.0,6810501120.0,0.4,1900-01-01 12:59:25,102,7,1.0,1.0
209,6885096d7b3c97d19cf7877b,,True,,,,,,,,1900-01-01 12:59:25,,,,
210,6885096e7b3c97d19cf7877c,Prompt 42,True,0.75,244.64,57.0,1410000000.0,1215000000.0,6810501120.0,0.4,1900-01-01 12:59:26,103,1,1.0,1.0
211,6885096e7b3c97d19cf7877d,Prompt 42,True,0.75,244.64,57.0,1410000000.0,1215000000.0,6810501120.0,0.4,1900-01-01 12:59:26,103,2,1.0,1.0
212,6885096e7b3c97d19cf7877e,,True,,,,,,,,1900-01-01 12:59:26,,,,
213,6885096f7b3c97d19cf7877f,Prompt 43,True,0.75,244.64,57.0,1410000000.0,1215000000.0,6810501120.0,0.4,1900-01-01 12:59:27,104,1,1.0,1.0
214,688509707b3c97d19cf78780,Prompt 43,True,0.75,244.64,57.0,1410000000.0,1215000000.0,6810501120.0,0.4,1900-01-01 12:59:28,104,2,1.0,1.0
215,688509707b3c97d19cf78781,Prompt 43,True,0.75,244.64,57.0,1410000000.0,1215000000.0,6810501120.0,0.4,1900-01-01 12:59:28,105,3,1.0,1.0
216,688509717b3c97d19cf78782,Prompt 43,True,0.75,244.64,57.0,1410000000.0,1215000000.0,6810501120.0,0.4,1900-01-01 12:59:29,106,4,1.0,1.0
217,688509717b3c97d19cf78783,,True,,,,,,,,1900-01-01 12:59:29,,,,
218,688509717b3c97d19cf78784,Prompt 44,True,0.75,244.64,57.0,1410000000.0,1215000000.0,6810501120.0,0.4,1900-01-01 12:59:29,106,1,1.0,1.0
219,688509727b3c97d19cf78785,Prompt 44,True,0.75,244.64,57.0,1410000000.0,1215000000.0,6810501120.0,0.4,1900-01-01 12:59:30,107,2,1.0,1.0
220,688509727b3c97d19cf78786,,True,,,,,,,,1900-01-01 12:59:30,,,,
221,688509737b3c97d19cf78787,Prompt 45,True,0.75,244.64,57.0,1410000000.0,1215000000.0,6810501120.0,0.4,1900-01-01 12:59:31,108,1,1.0,1.0
222,688509737b3c97d19cf78788,Prompt 45,True,0.75,244.64,57.0,1410000000.0,1215000000.0,6810501120.0,0.4,1900-01-01 12:59:31,108,2,1.0,1.0
223,688509747b3c97d19cf78789,Prompt 45,True,0.75,244.64,57.0,1410000000.0,1215000000.0,6810501120.0,0.4,1900-01-01 12:59:32,109,3,1.0,1.0
224,688509747b3c97d19cf7878a,,True,,,,,,,,1900-01-01 12:59:32,,,,
225,688509747b3c97d19cf7878b,Prompt 46,True,0.75,244.64,57.0,1410000000.0,1215000000.0,6810501120.0,0.4,1900-01-01 12:59:32,109,1,1.0,1.0
226,688509757b3c97d19cf7878c,Prompt 46,True,0.75,244.64,57.0,1410000000.0,1215000000.0,6810501120.0,0.4,1900-01-01 12:59:33,110,2,1.0,1.0
227,688509767b3c97d19cf7878d,Prompt 46,True,0.75,244.64,57.0,1410000000.0,1215000000.0,6810501120.0,0.4,1900-01-01 12:59:34,110,3,1.0,1.0
228,688509767b3c97d19cf7878e,Prompt 46,True,0.75,244.64,57.0,1410000000.0,1215000000.0,6810501120.0,0.4,1900-01-01 12:59:34,111,4,1.0,1.0
229,688509777b3c97d19cf7878f,Prompt 46,True,0.75,244.64,57.0,1410000000.0,1215000000.0,6810501120.0,0.4,1900-01-01 12:59:35,112,5,1.0,1.0
230,688509777b3c97d19cf78790,,True,,,,,,,,1900-01-01 12:59:35,,,,
231,688509777b3c97d19cf78791,Prompt 47,True,0.75,244.64,57.0,1410000000.0,1215000000.0,6810501120.0,0.4,1900-01-01 12:59:35,112,1,1.0,1.0
232,688509787b3c97d19cf78792,Prompt 47,True,0.75,244.64,57.0,1410000000.0,1215000000.0,6810501120.0,0.4,1900-01-01 12:59:36,113,2,1.0,1.0
233,688509797b3c97d19cf78793,Prompt 47,True,0.75,244.64,57.0,1410000000.0,1215000000.0,6810501120.0,0.4,1900-01-01 12:59:37,114,3,1.0,1.0
234,688509797b3c97d19cf78794,Prompt 47,True,0.75,236.62,61.0,1395000000.0,1215000000.0,6810501120.0,0.39,1900-01-01 12:59:37,114,4,0.9893617021276596,1.0
235,6885097a7b3c97d19cf78795,Prompt 47,True,0.75,236.62,61.0,1395000000.0,1215000000.0,6810501120.0,0.39,1900-01-01 12:59:38,115,5,0.9893617021276596,1.0
236,6885097a7b3c97d19cf78796,Prompt 47,True,0.75,236.62,61.0,1395000000.0,1215000000.0,6810501120.0,0.39,1900-01-01 12:59:38,115,6,0.9893617021276596,1.0
237,6885097a7b3c97d19cf78797,,True,,,,,,,,1900-01-01 12:59:38,,,,
238,6885097b7b3c97d19cf78798,Prompt 48,True,0.75,236.62,61.0,1395000000.0,1215000000.0,6810501120.0,0.39,1900-01-01 12:59:39,116,1,0.9893617021276596,1.0
239,6885097b7b3c97d19cf78799,Prompt 48,True,0.75,236.62,61.0,1395000000.0,1215000000.0,6810501120.0,0.39,1900-01-01 12:59:39,116,2,0.9893617021276596,1.0
240,6885097c7b3c97d19cf7879a,Prompt 48,True,0.75,236.62,61.0,1395000000.0,1215000000.0,6810501120.0,0.39,1900-01-01 12:59:40,117,3,0.9893617021276596,1.0
241,6885097d7b3c97d19cf7879b,Prompt 48,True,0.75,236.62,61.0,1395000000.0,1215000000.0,6810501120.0,0.39,1900-01-01 12:59:41,118,4,0.9893617021276596,1.0
242,6885097d7b3c97d19cf7879c,Prompt 48,True,0.75,236.62,61.0,1395000000.0,1215000000.0,6810501120.0,0.39,1900-01-01 12:59:41,118,5,0.9893617021276596,1.0
243,6885097e7b3c97d19cf7879d,Prompt 48,True,0.75,236.62,61.0,1395000000.0,1215000000.0,6810501120.0,0.39,1900-01-01 12:59:42,119,6,0.9893617021276596,1.0
244,6885097e7b3c97d19cf7879e,Prompt 48,True,0.75,236.62,61.0,1395000000.0,1215000000.0,6810501120.0,0.39,1900-01-01 12:59:42,119,7,0.9893617021276596,1.0
245,6885097f7b3c97d19cf7879f,Prompt 48,True,0.75,236.62,61.0,1395000000.0,1215000000.0,6810501120.0,0.39,1900-01-01 12:59:43,120,8,0.9893617021276596,1.0
246,6885097f7b3c97d19cf787a0,,True,,,,,,,,1900-01-01 12:59:43,,,,
247,688509807b3c97d19cf787a1,Prompt 49,True,0.75,236.62,61.0,1395000000.0,1215000000.0,6810501120.0,0.39,1900-01-01 12:59:44,121,1,0.9893617021276596,1.0
248,688509807b3c97d19cf787a2,Prompt 49,True,0.75,236.62,61.0,1395000000.0,1215000000.0,6810501120.0,0.39,1900-01-01 12:59:44,121,2,0.9893617021276596,1.0
249,688509817b3c97d19cf787a3,Prompt 49,True,0.75,236.62,61.0,1395000000.0,1215000000.0,6810501120.0,0.39,1900-01-01 12:59:45,122,3,0.9893617021276596,1.0
250,688509827b3c97d19cf787a4,Prompt 49,True,0.75,236.62,61.0,1395000000.0,1215000000.0,6810501120.0,0.39,1900-01-01 12:59:46,123,4,0.9893617021276596,1.0
251,688509827b3c97d19cf787a5,,True,,,,,,,,1900-01-01 12:59:46,,,,
252,688509827b3c97d19cf787a6,Prompt 50,True,0.75,236.62,61.0,1395000000.0,1215000000.0,6810501120.0,0.39,1900-01-01 12:59:46,123,1,0.9893617021276596,1.0
253,688509827b3c97d19cf787a7,,True,,,,,,,,1900-01-01 12:59:46,,,,
254,688509837b3c97d19cf787a8,Prompt 51,True,0.75,236.62,61.0,1395000000.0,1215000000.0,6810501120.0,0.39,1900-01-01 12:59:47,124,1,0.9893617021276596,1.0
255,688509847b3c97d19cf787a9,Prompt 51,True,0.75,236.62,61.0,1395000000.0,1215000000.0,6810501120.0,0.39,1900-01-01 12:59:48,125,2,0.9893617021276596,1.0
256,688509847b3c97d19cf787aa,Prompt 51,True,0.75,236.62,61.0,1395000000.0,1215000000.0,6810501120.0,0.39,1900-01-01 12:59:48,125,3,0.9893617021276596,1.0
257,688509857b3c97d19cf787ab,Prompt 51,True,0.75,236.62,61.0,1395000000.0,1215000000.0,6810501120.0,0.39,1900-01-01 12:59:49,126,4,0.9893617021276596,1.0
258,688509857b3c97d19cf787ac,Prompt 51,True,0.75,236.62,61.0,1395000000.0,1215000000.0,6810501120.0,0.39,1900-01-01 12:59:49,126,5,0.9893617021276596,1.0
259,688509867b3c97d19cf787ad,Prompt 51,True,0.75,236.62,61.0,1395000000.0,1215000000.0,6810501120.0,0.39,1900-01-01 12:59:50,127,6,0.9893617021276596,1.0
260,688509877b3c97d19cf787ae,Prompt 51,True,0.75,236.62,61.0,1395000000.0,1215000000.0,6810501120.0,0.39,1900-01-01 12:59:51,128,7,0.9893617021276596,1.0
261,688509877b3c97d19cf787af,Prompt 51,True,0.75,236.62,61.0,1395000000.0,1215000000.0,6810501120.0,0.39,1900-01-01 12:59:51,128,8,0.9893617021276596,1.0
262,688509887b3c97d19cf787b0,Prompt 51,True,0.75,236.62,61.0,1395000000.0,1215000000.0,6810501120.0,0.25,1900-01-01 12:59:52,129,9,0.9893617021276596,1.0
263,688509887b3c97d19cf787b1,,True,,,,,,,,1900-01-01 12:59:51,,,,
264,688509887b3c97d19cf787b2,Prompt 52,True,0.5,75.35,58.0,1410000000.0,1215000000.0,6810501120.0,0.25,1900-01-01 12:59:52,129,1,1.0,1.0
265,688509897b3c97d19cf787b3,Prompt 52,True,0.5,75.35,58.0,1410000000.0,1215000000.0,6810501120.0,0.25,1900-01-01 12:59:53,130,2,1.0,1.0
266,6885098a7b3c97d19cf787b4,Prompt 52,True,0.5,75.35,58.0,1410000000.0,1215000000.0,6810501120.0,0.25,1900-01-01 12:59:54,131,3,1.0,1.0
267,6885098a7b3c97d19cf787b5,Prompt 52,True,0.5,75.35,58.0,1410000000.0,1215000000.0,6810501120.0,0.25,1900-01-01 12:59:54,131,4,1.0,1.0
268,6885098b7b3c97d19cf787b6,Prompt 52,True,0.5,75.35,58.0,1410000000.0,1215000000.0,6810501120.0,0.25,1900-01-01 12:59:55,132,5,1.0,1.0
269,6885098b7b3c97d19cf787b7,,True,,,,,,,,1900-01-01 12:59:55,,,,
270,6885098c7b3c97d19cf787b8,Prompt 53,True,0.5,75.35,58.0,1410000000.0,1215000000.0,6810501120.0,0.25,1900-01-01 12:59:56,132,1,1.0,1.0
271,6885098c7b3c97d19cf787b9,Prompt 53,True,0.5,75.35,58.0,1410000000.0,1215000000.0,6810501120.0,0.25,1900-01-01 12:59:56,133,2,1.0,1.0
272,6885098d7b3c97d19cf787ba,Prompt 53,True,0.5,75.35,58.0,1410000000.0,1215000000.0,6810501120.0,0.25,1900-01-01 12:59:57,134,3,1.0,1.0
273,6885098d7b3c97d19cf787bb,,True,,,,,,,,1900-01-01 12:59:57,,,,
274,6885098d7b3c97d19cf787bc,Prompt 54,True,0.5,75.35,58.0,1410000000.0,1215000000.0,6810501120.0,0.25,1900-01-01 12:59:57,134,1,1.0,1.0
275,6885098e7b3c97d19cf787bd,Prompt 54,True,0.5,75.35,58.0,1410000000.0,1215000000.0,6810501120.0,0.25,1900-01-01 12:59:58,135,2,1.0,1.0
276,6885098e7b3c97d19cf787be,,True,,,,,,,,1900-01-01 12:59:58,,,,
277,6885098f7b3c97d19cf787bf,Prompt 55,True,0.5,75.35,58.0,1410000000.0,1215000000.0,6810501120.0,0.25,1900-01-01 12:59:59,136,1,1.0,1.0
278,6885098f7b3c97d19cf787c0,Prompt 55,True,0.5,75.35,58.0,1410000000.0,1215000000.0,6810501120.0,0.25,1900-01-01 12:59:59,136,2,1.0,1.0
279,6885098f7b3c97d19cf787c1,,True,,,,,,,,1900-01-01 12:59:59,,,,
280,688509907b3c97d19cf787c2,Prompt 56,True,0.5,75.35,58.0,1410000000.0,1215000000.0,6810501120.0,0.25,1900-01-01 13:00:00,137,1,1.0,1.0
281,688509907b3c97d19cf787c3,Prompt 56,True,0.5,75.35,58.0,1410000000.0,1215000000.0,6810501120.0,0.25,1900-01-01 13:00:00,137,2,1.0,1.0
282,688509917b3c97d19cf787c4,Prompt 56,True,0.5,75.35,58.0,1410000000.0,1215000000.0,6810501120.0,0.25,1900-01-01 13:00:01,138,3,1.0,1.0
283,688509927b3c97d19cf787c5,Prompt 56,True,0.5,75.35,58.0,1410000000.0,1215000000.0,6810501120.0,0.25,1900-01-01 13:00:02,138,4,1.0,1.0
284,688509927b3c97d19cf787c6,Prompt 56,True,0.5,75.35,58.0,1410000000.0,1215000000.0,6810501120.0,0.25,1900-01-01 13:00:02,139,5,1.0,1.0
285,688509937b3c97d19cf787c7,Prompt 56,True,0.5,75.35,58.0,1410000000.0,1215000000.0,6810501120.0,0.25,1900-01-01 13:00:03,140,6,1.0,1.0
286,688509937b3c97d19cf787c8,Prompt 56,True,0.5,75.35,58.0,1410000000.0,1215000000.0,6810501120.0,0.25,1900-01-01 13:00:03,140,7,1.0,1.0
287,688509947b3c97d19cf787c9,Prompt 56,True,0.5,75.35,58.0,1410000000.0,1215000000.0,6810501120.0,0.25,1900-01-01 13:00:04,141,8,1.0,1.0
288,688509947b3c97d19cf787ca,,True,,,,,,,,1900-01-01 13:00:03,,,,
289,688509957b3c97d19cf787cb,Prompt 57,True,0.5,75.35,58.0,1410000000.0,1215000000.0,6810501120.0,0.25,1900-01-01 13:00:05,141,1,1.0,1.0
290,688509957b3c97d19cf787cc,Prompt 57,True,0.5,75.35,58.0,1410000000.0,1215000000.0,6810501120.0,0.25,1900-01-01 13:00:05,142,2,1.0,1.0
291,688509967b3c97d19cf787cd,Prompt 57,True,0.5,75.35,58.0,1410000000.0,1215000000.0,6810501120.0,0.25,1900-01-01 13:00:06,143,3,1.0,1.0
292,688509967b3c97d19cf787ce,Prompt 57,True,0.5,75.35,58.0,1410000000.0,1215000000.0,6810501120.0,0.25,1900-01-01 13:00:06,143,4,1.0,1.0
293,688509977b3c97d19cf787cf,Prompt 57,True,0.5,75.35,58.0,1410000000.0,1215000000.0,6810501120.0,0.25,1900-01-01 13:00:07,144,5,1.0,1.0
294,688509977b3c97d19cf787d0,Prompt 57,True,0.75,233.54,63.0,1395000000.0,1215000000.0,6810501120.0,0.39,1900-01-01 13:00:07,144,6,0.9893617021276596,1.0
295,688509987b3c97d19cf787d1,Prompt 57,True,0.75,233.54,63.0,1395000000.0,1215000000.0,6810501120.0,0.39,1900-01-01 13:00:08,145,7,0.9893617021276596,1.0
296,688509987b3c97d19cf787d2,Prompt 57,True,0.75,233.54,63.0,1395000000.0,1215000000.0,6810501120.0,0.39,1900-01-01 13:00:08,145,8,0.9893617021276596,1.0
297,688509997b3c97d19cf787d3,Prompt 57,True,0.75,233.54,63.0,1395000000.0,1215000000.0,6810501120.0,0.39,1900-01-01 13:00:09,146,9,0.9893617021276596,1.0
298,6885099a7b3c97d19cf787d4,Prompt 57,True,0.75,233.54,63.0,1395000000.0,1215000000.0,6810501120.0,0.39,1900-01-01 13:00:10,147,10,0.9893617021276596,1.0
299,6885099a7b3c97d19cf787d5,Prompt 57,True,0.75,233.54,63.0,1395000000.0,1215000000.0,6810501120.0,0.39,1900-01-01 13:00:10,147,11,0.9893617021276596,1.0
300,6885099b7b3c97d19cf787d6,Prompt 57,True,0.75,233.54,63.0,1395000000.0,1215000000.0,6810501120.0,0.39,1900-01-01 13:00:11,148,12,0.9893617021276596,1.0
301,6885099b7b3c97d19cf787d7,Prompt 57,True,0.75,233.54,63.0,1395000000.0,1215000000.0,6810501120.0,0.39,1900-01-01 13:00:11,148,13,0.9893617021276596,1.0
302,6885099c7b3c97d19cf787d8,Prompt 57,True,0.75,233.54,63.0,1395000000.0,1215000000.0,6810501120.0,0.39,1900-01-01 13:00:12,149,14,0.9893617021276596,1.0
303,6885099c7b3c97d19cf787d9,Prompt 57,True,0.75,233.54,63.0,1395000000.0,1215000000.0,6810501120.0,0.39,1900-01-01 13:00:12,149,15,0.9893617021276596,1.0
304,6885099d7b3c97d19cf787da,Prompt 57,True,0.75,233.54,63.0,1395000000.0,1215000000.0,6810501120.0,0.39,1900-01-01 13:00:13,150,16,0.9893617021276596,1.0
305,6885099e7b3c97d19cf787db,Prompt 57,True,0.75,233.54,63.0,1395000000.0,1215000000.0,6810501120.0,0.39,1900-01-01 13:00:14,150,17,0.9893617021276596,1.0
306,6885099e7b3c97d19cf787dc,,True,,,,,,,,1900-01-01 13:00:13,,,,
307,6885099e7b3c97d19cf787dd,Prompt 58,True,0.75,233.54,63.0,1395000000.0,1215000000.0,6810501120.0,0.39,1900-01-01 13:00:14,151,1,0.9893617021276596,1.0
308,6885099f7b3c97d19cf787de,Prompt 58,True,0.75,233.54,63.0,1395000000.0,1215000000.0,6810501120.0,0.39,1900-01-01 13:00:15,152,2,0.9893617021276596,1.0
309,6885099f7b3c97d19cf787df,,True,,,,,,,,1900-01-01 13:00:14,,,,
310,6885099f7b3c97d19cf787e0,Prompt 59,True,0.75,233.54,63.0,1395000000.0,1215000000.0,6810501120.0,0.39,1900-01-01 13:00:15,152,1,0.9893617021276596,1.0
311,688509a07b3c97d19cf787e1,Prompt 59,True,0.75,233.54,63.0,1395000000.0,1215000000.0,6810501120.0,0.39,1900-01-01 13:00:16,153,2,0.9893617021276596,1.0
312,688509a07b3c97d19cf787e2,Prompt 59,True,0.75,233.54,63.0,1395000000.0,1215000000.0,6810501120.0,0.39,1900-01-01 13:00:16,153,3,0.9893617021276596,1.0
313,688509a17b3c97d19cf787e3,Prompt 59,True,0.75,233.54,63.0,1395000000.0,1215000000.0,6810501120.0,0.39,1900-01-01 13:00:17,154,4,0.9893617021276596,1.0
314,688509a17b3c97d19cf787e4,Prompt 59,True,0.75,233.54,63.0,1395000000.0,1215000000.0,6810501120.0,0.39,1900-01-01 13:00:17,154,5,0.9893617021276596,1.0
315,688509a27b3c97d19cf787e5,Prompt 59,True,0.75,233.54,63.0,1395000000.0,1215000000.0,6810501120.0,0.39,1900-01-01 13:00:18,155,6,0.9893617021276596,1.0
316,688509a37b3c97d19cf787e6,Prompt 59,True,0.75,233.54,63.0,1395000000.0,1215000000.0,6810501120.0,0.39,1900-01-01 13:00:19,155,7,0.9893617021276596,1.0
317,688509a37b3c97d19cf787e7,Prompt 59,True,0.75,233.54,63.0,1395000000.0,1215000000.0,6810501120.0,0.39,1900-01-01 13:00:19,156,8,0.9893617021276596,1.0
318,688509a47b3c97d19cf787e8,Prompt 59,True,0.75,233.54,63.0,1395000000.0,1215000000.0,6810501120.0,0.39,1900-01-01 13:00:20,157,9,0.9893617021276596,1.0
319,688509a47b3c97d19cf787e9,Prompt 59,True,0.75,233.54,63.0,1395000000.0,1215000000.0,6810501120.0,0.39,1900-01-01 13:00:20,157,10,0.9893617021276596,1.0
320,688509a57b3c97d19cf787ea,Prompt 59,True,0.75,233.54,63.0,1395000000.0,1215000000.0,6810501120.0,0.39,1900-01-01 13:00:21,158,11,0.9893617021276596,1.0
321,688509a57b3c97d19cf787eb,Prompt 59,True,0.75,233.54,63.0,1395000000.0,1215000000.0,6810501120.0,0.39,1900-01-01 13:00:21,158,12,0.9893617021276596,1.0
322,688509a67b3c97d19cf787ec,Prompt 59,True,0.75,233.54,63.0,1410000000.0,1215000000.0,6810501120.0,0.39,1900-01-01 13:00:22,159,13,1.0,1.0
323,688509a77b3c97d19cf787ed,Prompt 59,True,0.76,241.08,65.0,1410000000.0,1215000000.0,6810501120.0,0.39,1900-01-01 13:00:23,159,14,1.0,1.0
324,688509a77b3c97d19cf787ee,Prompt 59,True,0.76,241.08,65.0,1410000000.0,1215000000.0,6810501120.0,0.39,1900-01-01 13:00:23,160,15,1.0,1.0
325,688509a77b3c97d19cf787ef,,True,,,,,,,,1900-01-01 13:00:23,,,,
326,688509a87b3c97d19cf787f0,Prompt 60,True,0.76,241.08,65.0,1410000000.0,1215000000.0,6810501120.0,0.39,1900-01-01 13:00:24,161,1,1.0,1.0
327,688509a87b3c97d19cf787f1,Prompt 60,True,0.76,241.08,65.0,1410000000.0,1215000000.0,6810501120.0,0.39,1900-01-01 13:00:24,161,2,1.0,1.0
328,688509a97b3c97d19cf787f2,Prompt 60,True,0.76,241.08,65.0,1410000000.0,1215000000.0,6810501120.0,0.39,1900-01-01 13:00:25,162,3,1.0,1.0
329,688509a97b3c97d19cf787f3,,True,,,,,,,,1900-01-01 13:00:25,,,,
330,688509a97b3c97d19cf787f4,Prompt 61,True,0.76,241.08,65.0,1410000000.0,1215000000.0,6810501120.0,0.39,1900-01-01 13:00:25,162,1,1.0,1.0
331,688509aa7b3c97d19cf787f5,Prompt 61,True,0.76,241.08,65.0,1410000000.0,1215000000.0,6810501120.0,0.39,1900-01-01 13:00:26,163,2,1.0,1.0
332,688509aa7b3c97d19cf787f6,,True,,,,,,,,1900-01-01 13:00:26,,,,
333,688509ab7b3c97d19cf787f7,Prompt 62,True,0.76,241.08,65.0,1410000000.0,1215000000.0,6810501120.0,0.39,1900-01-01 13:00:27,163,1,1.0,1.0
334,688509ab7b3c97d19cf787f8,Prompt 62,True,0.76,241.08,65.0,1410000000.0,1215000000.0,6810501120.0,0.39,1900-01-01 13:00:27,164,2,1.0,1.0
335,688509ab7b3c97d19cf787f9,,True,,,,,,,,1900-01-01 13:00:27,,,,
336,688509ac7b3c97d19cf787fa,Prompt 63,True,0.76,241.08,65.0,1410000000.0,1215000000.0,6810501120.0,0.39,1900-01-01 13:00:28,165,1,1.0,1.0
337,688509ac7b3c97d19cf787fb,,True,,,,,,,,1900-01-01 13:00:28,,,,
338,688509ac7b3c97d19cf787fc,Prompt 64,True,0.76,241.08,65.0,1410000000.0,1215000000.0,6810501120.0,0.39,1900-01-01 13:00:28,165,1,1.0,1.0
339,688509ad7b3c97d19cf787fd,,True,,,,,,,,1900-01-01 13:00:29,,,,
340,688509ad7b3c97d19cf787fe,Prompt 65,True,0.76,241.08,65.0,1410000000.0,1215000000.0,6810501120.0,0.39,1900-01-01 13:00:29,166,1,1.0,1.0
341,688509ae7b3c97d19cf787ff,Prompt 65,True,0.76,241.08,65.0,1410000000.0,1215000000.0,6810501120.0,0.39,1900-01-01 13:00:30,167,2,1.0,1.0
342,688509ae7b3c97d19cf78800,Prompt 65,True,0.76,241.08,65.0,1410000000.0,1215000000.0,6810501120.0,0.39,1900-01-01 13:00:30,167,3,1.0,1.0
343,688509ae7b3c97d19cf78801,,True,,,,,,,,1900-01-01 13:00:30,,,,
344,688509af7b3c97d19cf78802,Prompt 66,True,0.76,241.08,65.0,1410000000.0,1215000000.0,6810501120.0,0.39,1900-01-01 13:00:31,168,1,1.0,1.0
345,688509b07b3c97d19cf78803,Prompt 66,True,0.76,241.08,65.0,1410000000.0,1215000000.0,6810501120.0,0.39,1900-01-01 13:00:32,169,2,1.0,1.0
346,688509b07b3c97d19cf78804,Prompt 66,True,0.76,241.08,65.0,1410000000.0,1215000000.0,6810501120.0,0.39,1900-01-01 13:00:32,169,3,1.0,1.0
347,688509b07b3c97d19cf78805,,True,,,,,,,,1900-01-01 13:00:32,,,,
348,688509b17b3c97d19cf78806,Prompt 67,True,0.76,241.08,65.0,1410000000.0,1215000000.0,6810501120.0,0.39,1900-01-01 13:00:33,170,1,1.0,1.0
349,688509b17b3c97d19cf78807,Prompt 67,True,0.76,241.08,65.0,1410000000.0,1215000000.0,6810501120.0,0.39,1900-01-01 13:00:33,170,2,1.0,1.0
350,688509b27b3c97d19cf78808,Prompt 67,True,0.76,241.08,65.0,1410000000.0,1215000000.0,6810501120.0,0.39,1900-01-01 13:00:34,171,3,1.0,1.0
351,688509b37b3c97d19cf78809,Prompt 67,True,0.76,241.08,65.0,1410000000.0,1215000000.0,6810501120.0,0.39,1900-01-01 13:00:35,172,4,1.0,1.0
352,688509b37b3c97d19cf7880a,,True,,,,,,,,1900-01-01 13:00:35,,,,
353,688509b37b3c97d19cf7880b,Prompt 68,True,0.76,241.08,65.0,1410000000.0,1215000000.0,6810501120.0,0.39,1900-01-01 13:00:35,172,1,1.0,1.0
354,688509b47b3c97d19cf7880c,Prompt 68,True,0.76,241.08,65.0,1410000000.0,1215000000.0,6810501120.0,0.39,1900-01-01 13:00:36,173,2,1.0,1.0
355,688509b47b3c97d19cf7880d,Prompt 68,True,0.76,241.08,65.0,1410000000.0,1215000000.0,6810501120.0,0.39,1900-01-01 13:00:36,173,3,1.0,1.0
356,688509b57b3c97d19cf7880e,Prompt 68,True,0.76,241.08,65.0,1410000000.0,1215000000.0,6810501120.0,0.4,1900-01-01 13:00:37,174,4,1.0,1.0
357,688509b57b3c97d19cf7880f,Prompt 68,True,0.78,236.72,65.0,1395000000.0,1215000000.0,6810501120.0,0.4,1900-01-01 13:00:37,174,5,0.9893617021276596,1.0
358,688509b57b3c97d19cf78810,,True,,,,,,,,1900-01-01 13:00:37,,,,
359,688509b67b3c97d19cf78811,Prompt 69,True,0.78,236.72,65.0,1395000000.0,1215000000.0,6810501120.0,0.4,1900-01-01 13:00:38,175,1,0.9893617021276596,1.0
360,688509b77b3c97d19cf78812,Prompt 69,True,0.78,236.72,65.0,1395000000.0,1215000000.0,6810501120.0,0.4,1900-01-01 13:00:39,176,2,0.9893617021276596,1.0
361,688509b77b3c97d19cf78813,,True,,,,,,,,1900-01-01 13:00:39,,,,
362,688509b77b3c97d19cf78814,Prompt 70,True,0.78,236.72,65.0,1395000000.0,1215000000.0,6810501120.0,0.4,1900-01-01 13:00:39,176,1,0.9893617021276596,1.0
363,688509b87b3c97d19cf78815,Prompt 70,True,0.78,236.72,65.0,1395000000.0,1215000000.0,6810501120.0,0.4,1900-01-01 13:00:40,177,2,0.9893617021276596,1.0
364,688509b97b3c97d19cf78816,Prompt 70,True,0.78,236.72,65.0,1395000000.0,1215000000.0,6810501120.0,0.4,1900-01-01 13:00:41,177,3,0.9893617021276596,1.0
365,688509b97b3c97d19cf78817,Prompt 70,True,0.78,236.72,65.0,1395000000.0,1215000000.0,6810501120.0,0.4,1900-01-01 13:00:41,178,4,0.9893617021276596,1.0
366,688509ba7b3c97d19cf78818,Prompt 70,True,0.78,236.72,65.0,1395000000.0,1215000000.0,6810501120.0,0.4,1900-01-01 13:00:42,179,5,0.9893617021276596,1.0
367,688509ba7b3c97d19cf78819,Prompt 70,True,0.78,236.72,65.0,1395000000.0,1215000000.0,6810501120.0,0.4,1900-01-01 13:00:42,179,6,0.9893617021276596,1.0
368,688509ba7b3c97d19cf7881a,,True,,,,,,,,1900-01-01 13:00:42,,,,
369,688509bb7b3c97d19cf7881b,Prompt 71,True,0.78,236.72,65.0,1395000000.0,1215000000.0,6810501120.0,0.4,1900-01-01 13:00:43,180,1,0.9893617021276596,1.0
370,688509bb7b3c97d19cf7881c,Prompt 71,True,0.78,236.72,65.0,1395000000.0,1215000000.0,6810501120.0,0.4,1900-01-01 13:00:43,180,2,0.9893617021276596,1.0
371,688509bc7b3c97d19cf7881d,Prompt 71,True,0.78,236.72,65.0,1395000000.0,1215000000.0,6810501120.0,0.4,1900-01-01 13:00:44,181,3,0.9893617021276596,1.0
372,688509bc7b3c97d19cf7881e,,True,,,,,,,,1900-01-01 13:00:44,,,,
373,688509bc7b3c97d19cf7881f,Prompt 72,True,0.78,236.72,65.0,1395000000.0,1215000000.0,6810501120.0,0.4,1900-01-01 13:00:44,181,1,0.9893617021276596,1.0
374,688509bd7b3c97d19cf78820,Prompt 72,True,0.78,236.72,65.0,1395000000.0,1215000000.0,6810501120.0,0.4,1900-01-01 13:00:45,182,2,0.9893617021276596,1.0
375,688509be7b3c97d19cf78821,Prompt 72,True,0.78,236.72,65.0,1395000000.0,1215000000.0,6810501120.0,0.4,1900-01-01 13:00:46,182,3,0.9893617021276596,1.0
376,688509be7b3c97d19cf78822,,True,,,,,,,,1900-01-01 13:00:45,,,,
377,688509be7b3c97d19cf78823,Prompt 73,True,0.78,236.72,65.0,1395000000.0,1215000000.0,6810501120.0,0.4,1900-01-01 13:00:46,183,1,0.9893617021276596,1.0
378,688509bf7b3c97d19cf78824,Prompt 73,True,0.78,236.72,65.0,1395000000.0,1215000000.0,6810501120.0,0.4,1900-01-01 13:00:47,184,2,0.9893617021276596,1.0
379,688509bf7b3c97d19cf78825,Prompt 73,True,0.78,236.72,65.0,1395000000.0,1215000000.0,6810501120.0,0.4,1900-01-01 13:00:47,184,3,0.9893617021276596,1.0
380,688509bf7b3c97d19cf78826,,True,,,,,,,,1900-01-01 13:00:47,,,,
381,688509c07b3c97d19cf78827,Prompt 74,True,0.78,236.72,65.0,1395000000.0,1215000000.0,6810501120.0,0.4,1900-01-01 13:00:48,185,1,0.9893617021276596,1.0
382,688509c07b3c97d19cf78828,Prompt 74,True,0.78,236.72,65.0,1395000000.0,1215000000.0,6810501120.0,0.4,1900-01-01 13:00:48,185,2,0.9893617021276596,1.0
383,688509c07b3c97d19cf78829,,True,,,,,,,,1900-01-01 13:00:48,,,,
384,688509c17b3c97d19cf7882a,Prompt 75,True,0.78,236.72,65.0,1395000000.0,1215000000.0,6810501120.0,0.4,1900-01-01 13:00:49,186,1,0.9893617021276596,1.0
385,688509c27b3c97d19cf7882b,Prompt 75,True,0.78,236.72,65.0,1395000000.0,1215000000.0,6810501120.0,0.4,1900-01-01 13:00:50,186,2,0.9893617021276596,1.0
386,688509c27b3c97d19cf7882c,Prompt 75,True,0.78,236.72,65.0,1395000000.0,1215000000.0,6810501120.0,0.4,1900-01-01 13:00:50,187,3,0.9893617021276596,1.0
387,688509c37b3c97d19cf7882d,Prompt 75,True,0.78,236.72,65.0,1395000000.0,1215000000.0,6810501120.0,0.4,1900-01-01 13:00:51,188,4,0.9893617021276596,1.0
388,688509c37b3c97d19cf7882e,Prompt 75,True,0.78,236.72,65.0,1395000000.0,1215000000.0,6810501120.0,0.4,1900-01-01 13:00:51,188,5,0.9893617021276596,1.0
389,688509c47b3c97d19cf7882f,Prompt 75,True,0.78,236.72,65.0,1395000000.0,1215000000.0,6810501120.0,0.39,1900-01-01 13:00:52,189,6,0.9893617021276596,1.0
390,688509c47b3c97d19cf78830,Prompt 75,True,0.78,251.89,65.0,1380000000.0,1215000000.0,6810501120.0,0.39,1900-01-01 13:00:52,189,7,0.9787234042553191,1.0
391,688509c57b3c97d19cf78831,Prompt 75,True,0.78,251.89,65.0,1380000000.0,1215000000.0,6810501120.0,0.39,1900-01-01 13:00:53,190,8,0.9787234042553191,1.0
392,688509c67b3c97d19cf78832,Prompt 75,True,0.78,251.89,65.0,1380000000.0,1215000000.0,6810501120.0,0.39,1900-01-01 13:00:54,190,9,0.9787234042553191,1.0
393,688509c67b3c97d19cf78833,,True,,,,,,,,1900-01-01 13:00:54,,,,
394,688509c67b3c97d19cf78834,Prompt 76,True,0.78,251.89,65.0,1380000000.0,1215000000.0,6810501120.0,0.39,1900-01-01 13:00:54,191,1,0.9787234042553191,1.0
395,688509c77b3c97d19cf78835,Prompt 76,True,0.78,251.89,65.0,1380000000.0,1215000000.0,6810501120.0,0.39,1900-01-01 13:00:55,192,2,0.9787234042553191,1.0
396,688509c77b3c97d19cf78836,Prompt 76,True,0.78,251.89,65.0,1380000000.0,1215000000.0,6810501120.0,0.39,1900-01-01 13:00:55,192,3,0.9787234042553191,1.0
397,688509c87b3c97d19cf78837,Prompt 76,True,0.78,251.89,65.0,1380000000.0,1215000000.0,6810501120.0,0.39,1900-01-01 13:00:56,193,4,0.9787234042553191,1.0
398,688509c87b3c97d19cf78838,,True,,,,,,,,1900-01-01 13:00:56,,,,
399,688509c97b3c97d19cf78839,Prompt 77,True,0.78,251.89,65.0,1380000000.0,1215000000.0,6810501120.0,0.39,1900-01-01 13:00:57,194,1,0.9787234042553191,1.0
400,688509c97b3c97d19cf7883a,,True,,,,,,,,1900-01-01 13:00:57,,,,
401,688509ca7b3c97d19cf7883b,Prompt 78,True,0.78,251.89,65.0,1380000000.0,1215000000.0,6810501120.0,0.39,1900-01-01 13:00:58,195,1,0.9787234042553191,1.0
402,688509cb7b3c97d19cf7883c,Prompt 78,True,0.78,251.89,65.0,1380000000.0,1215000000.0,6810501120.0,0.39,1900-01-01 13:00:59,196,2,0.9787234042553191,1.0
403,688509cb7b3c97d19cf7883d,,True,,,,,,,,1900-01-01 13:00:58,,,,
404,688509cc7b3c97d19cf7883e,Prompt 79,True,0.78,251.89,65.0,1380000000.0,1215000000.0,6810501120.0,0.39,1900-01-01 13:01:00,197,1,0.9787234042553191,1.0
405,688509cc7b3c97d19cf7883f,Prompt 79,True,0.78,251.89,65.0,1380000000.0,1215000000.0,6810501120.0,0.39,1900-01-01 13:01:00,197,2,0.9787234042553191,1.0
406,688509cd7b3c97d19cf78840,Prompt 79,True,0.78,251.89,65.0,1380000000.0,1215000000.0,6810501120.0,0.39,1900-01-01 13:01:01,198,3,0.9787234042553191,1.0
407,688509cd7b3c97d19cf78841,,True,,,,,,,,1900-01-01 13:01:00,,,,
408,688509cd7b3c97d19cf78842,Prompt 80,True,0.78,251.89,65.0,1380000000.0,1215000000.0,6810501120.0,0.39,1900-01-01 13:01:01,198,1,0.9787234042553191,1.0
409,688509ce7b3c97d19cf78843,Prompt 80,True,0.78,251.89,65.0,1380000000.0,1215000000.0,6810501120.0,0.39,1900-01-01 13:01:02,199,2,0.9787234042553191,1.0
410,688509ce7b3c97d19cf78844,,True,,,,,,,,1900-01-01 13:01:02,,,,
411,688509cf7b3c97d19cf78845,Prompt 81,True,0.78,251.89,65.0,1380000000.0,1215000000.0,6810501120.0,0.39,1900-01-01 13:01:03,199,1,0.9787234042553191,1.0
412,688509cf7b3c97d19cf78846,Prompt 81,True,0.78,251.89,65.0,1380000000.0,1215000000.0,6810501120.0,0.39,1900-01-01 13:01:03,200,2,0.9787234042553191,1.0
413,688509cf7b3c97d19cf78847,,True,,,,,,,,1900-01-01 13:01:03,,,,
414,688509d07b3c97d19cf78848,Prompt 82,True,0.78,251.89,65.0,1380000000.0,1215000000.0,6810501120.0,0.39,1900-01-01 13:01:04,201,1,0.9787234042553191,1.0
415,688509d07b3c97d19cf78849,Prompt 82,True,0.78,251.89,65.0,1380000000.0,1215000000.0,6810501120.0,0.39,1900-01-01 13:01:04,201,2,0.9787234042553191,1.0
416,688509d07b3c97d19cf7884a,,True,,,,,,,,1900-01-01 13:01:04,,,,
417,688509d17b3c97d19cf7884b,Prompt 83,True,0.78,251.89,65.0,1380000000.0,1215000000.0,6810501120.0,0.39,1900-01-01 13:01:05,202,1,0.9787234042553191,1.0
418,688509d27b3c97d19cf7884c,Prompt 83,True,0.78,251.89,65.0,1380000000.0,1215000000.0,6810501120.0,0.39,1900-01-01 13:01:06,202,2,0.9787234042553191,1.0
419,688509d27b3c97d19cf7884d,Prompt 83,True,0.78,251.89,65.0,1380000000.0,1215000000.0,6810501120.0,0.39,1900-01-01 13:01:06,203,3,0.9787234042553191,1.0
420,688509d37b3c97d19cf7884e,Prompt 83,True,0.78,251.89,65.0,1380000000.0,1215000000.0,6810501120.0,0.18,1900-01-01 13:01:07,204,4,0.9787234042553191,1.0
421,688509d37b3c97d19cf7884f,,True,,,,,,,,1900-01-01 13:01:07,,,,
422,688509d37b3c97d19cf78850,Prompt 84,True,0.35000000000000003,75.08,61.0,1410000000.0,1215000000.0,6810501120.0,0.18,1900-01-01 13:01:07,204,1,1.0,1.0
423,688509d47b3c97d19cf78851,Prompt 84,True,0.35000000000000003,75.08,61.0,1410000000.0,1215000000.0,6810501120.0,0.18,1900-01-01 13:01:08,205,2,1.0,1.0
424,688509d47b3c97d19cf78852,Prompt 84,True,0.35000000000000003,75.08,61.0,1410000000.0,1215000000.0,6810501120.0,0.18,1900-01-01 13:01:08,205,3,1.0,1.0
425,688509d57b3c97d19cf78853,Prompt 84,True,0.35000000000000003,75.08,61.0,1410000000.0,1215000000.0,6810501120.0,0.18,1900-01-01 13:01:09,206,4,1.0,1.0
426,688509d67b3c97d19cf78854,Prompt 84,True,0.35000000000000003,75.08,61.0,1410000000.0,1215000000.0,6810501120.0,0.18,1900-01-01 13:01:10,207,5,1.0,1.0
427,688509d67b3c97d19cf78855,Prompt 84,True,0.35000000000000003,75.08,61.0,1410000000.0,1215000000.0,6810501120.0,0.18,1900-01-01 13:01:10,207,6,1.0,1.0
428,688509d67b3c97d19cf78856,,True,,,,,,,,1900-01-01 13:01:10,,,,
429,688509d77b3c97d19cf78857,Prompt 85,True,0.35000000000000003,75.08,61.0,1410000000.0,1215000000.0,6810501120.0,0.18,1900-01-01 13:01:11,208,1,1.0,1.0
430,688509d87b3c97d19cf78858,Prompt 85,True,0.35000000000000003,75.08,61.0,1410000000.0,1215000000.0,6810501120.0,0.18,1900-01-01 13:01:12,208,2,1.0,1.0
431,688509d87b3c97d19cf78859,,True,,,,,,,,1900-01-01 13:01:11,,,,
432,688509d87b3c97d19cf7885a,Prompt 86,True,0.35000000000000003,75.08,61.0,1410000000.0,1215000000.0,6810501120.0,0.18,1900-01-01 13:01:12,209,1,1.0,1.0
433,688509d97b3c97d19cf7885b,Prompt 86,True,0.35000000000000003,75.08,61.0,1410000000.0,1215000000.0,6810501120.0,0.18,1900-01-01 13:01:13,210,2,1.0,1.0
434,688509d97b3c97d19cf7885c,Prompt 86,True,0.35000000000000003,75.08,61.0,1410000000.0,1215000000.0,6810501120.0,0.18,1900-01-01 13:01:13,210,3,1.0,1.0
435,688509d97b3c97d19cf7885d,,True,,,,,,,,1900-01-01 13:01:13,,,,
436,688509da7b3c97d19cf7885e,Prompt 87,True,0.35000000000000003,75.08,61.0,1410000000.0,1215000000.0,6810501120.0,0.18,1900-01-01 13:01:14,211,1,1.0,1.0
437,688509da7b3c97d19cf7885f,Prompt 87,True,0.35000000000000003,75.08,61.0,1410000000.0,1215000000.0,6810501120.0,0.18,1900-01-01 13:01:14,211,2,1.0,1.0
438,688509da7b3c97d19cf78860,,True,,,,,,,,1900-01-01 13:01:14,,,,
439,688509db7b3c97d19cf78861,Prompt 88,True,0.35000000000000003,75.08,61.0,1410000000.0,1215000000.0,6810501120.0,0.18,1900-01-01 13:01:15,212,1,1.0,1.0
440,688509dc7b3c97d19cf78862,Prompt 88,True,0.35000000000000003,75.08,61.0,1410000000.0,1215000000.0,6810501120.0,0.18,1900-01-01 13:01:16,212,2,1.0,1.0
441,688509dc7b3c97d19cf78863,Prompt 88,True,0.35000000000000003,75.08,61.0,1410000000.0,1215000000.0,6810501120.0,0.18,1900-01-01 13:01:16,213,3,1.0,1.0
442,688509dd7b3c97d19cf78864,Prompt 88,True,0.35000000000000003,75.08,61.0,1410000000.0,1215000000.0,6810501120.0,0.18,1900-01-01 13:01:17,213,4,1.0,1.0
443,688509dd7b3c97d19cf78865,,True,,,,,,,,1900-01-01 13:01:17,,,,
444,688509dd7b3c97d19cf78866,Prompt 89,True,0.35000000000000003,75.08,61.0,1410000000.0,1215000000.0,6810501120.0,0.18,1900-01-01 13:01:17,214,1,1.0,1.0
445,688509de7b3c97d19cf78867,Prompt 89,True,0.35000000000000003,75.08,61.0,1410000000.0,1215000000.0,6810501120.0,0.18,1900-01-01 13:01:18,215,2,1.0,1.0
446,688509de7b3c97d19cf78868,,True,,,,,,,,1900-01-01 13:01:18,,,,
447,688509de7b3c97d19cf78869,Prompt 90,True,0.35000000000000003,75.08,61.0,1410000000.0,1215000000.0,6810501120.0,0.18,1900-01-01 13:01:18,215,1,1.0,1.0
448,688509df7b3c97d19cf7886a,Prompt 90,True,0.35000000000000003,75.08,61.0,1410000000.0,1215000000.0,6810501120.0,0.18,1900-01-01 13:01:19,216,2,1.0,1.0
449,688509e07b3c97d19cf7886b,Prompt 90,True,0.35000000000000003,75.08,61.0,1410000000.0,1215000000.0,6810501120.0,0.18,1900-01-01 13:01:20,217,3,1.0,1.0
450,688509e07b3c97d19cf7886c,,True,,,,,,,,1900-01-01 13:01:19,,,,
451,688509e07b3c97d19cf7886d,Prompt 91,True,0.35000000000000003,75.08,61.0,1410000000.0,1215000000.0,6810501120.0,0.18,1900-01-01 13:01:20,217,1,1.0,1.0
452,688509e17b3c97d19cf7886e,Prompt 91,True,0.35000000000000003,75.08,61.0,1410000000.0,1215000000.0,6810501120.0,0.18,1900-01-01 13:01:21,218,2,1.0,1.0
453,688509e17b3c97d19cf7886f,Prompt 91,True,0.35000000000000003,75.08,61.0,1410000000.0,1215000000.0,6810501120.0,0.18,1900-01-01 13:01:21,218,3,1.0,1.0
454,688509e17b3c97d19cf78870,,True,,,,,,,,1900-01-01 13:01:21,,,,
455,688509e27b3c97d19cf78871,Prompt 92,True,0.35000000000000003,75.08,63.0,1410000000.0,1215000000.0,6810501120.0,0.02,1900-01-01 13:01:22,219,1,1.0,1.0
456,688509e37b3c97d19cf78872,Prompt 92,True,0.07,257.68,63.0,1410000000.0,1215000000.0,6810501120.0,0.02,1900-01-01 13:01:23,219,2,1.0,1.0
457,688509e37b3c97d19cf78873,,True,,,,,,,,1900-01-01 13:01:22,,,,
458,688509e37b3c97d19cf78874,Prompt 93,True,0.07,257.68,63.0,1410000000.0,1215000000.0,6810501120.0,0.02,1900-01-01 13:01:23,220,1,1.0,1.0
459,688509e47b3c97d19cf78875,Prompt 93,True,0.07,257.68,63.0,1410000000.0,1215000000.0,6810501120.0,0.02,1900-01-01 13:01:24,221,2,1.0,1.0
460,688509e47b3c97d19cf78876,Prompt 93,True,0.07,257.68,63.0,1410000000.0,1215000000.0,6810501120.0,0.02,1900-01-01 13:01:24,221,3,1.0,1.0
461,688509e57b3c97d19cf78877,Prompt 93,True,0.07,257.68,63.0,1410000000.0,1215000000.0,6810501120.0,0.02,1900-01-01 13:01:25,222,4,1.0,1.0
462,688509e67b3c97d19cf78878,Prompt 93,True,0.07,257.68,63.0,1410000000.0,1215000000.0,6810501120.0,0.02,1900-01-01 13:01:26,222,5,1.0,1.0
463,688509e67b3c97d19cf78879,,True,,,,,,,,1900-01-01 13:01:26,,,,
464,688509e67b3c97d19cf7887a,Prompt 94,True,0.07,257.68,63.0,1410000000.0,1215000000.0,6810501120.0,0.02,1900-01-01 13:01:26,223,1,1.0,1.0
465,688509e77b3c97d19cf7887b,Prompt 94,True,0.07,257.68,63.0,1410000000.0,1215000000.0,6810501120.0,0.02,1900-01-01 13:01:27,224,2,1.0,1.0
466,688509e77b3c97d19cf7887c,Prompt 94,True,0.07,257.68,63.0,1410000000.0,1215000000.0,6810501120.0,0.02,1900-01-01 13:01:27,224,3,1.0,1.0
467,688509e87b3c97d19cf7887d,Prompt 94,True,0.07,257.68,63.0,1410000000.0,1215000000.0,6810501120.0,0.02,1900-01-01 13:01:28,225,4,1.0,1.0
468,688509e97b3c97d19cf7887e,Prompt 94,True,0.07,257.68,63.0,1410000000.0,1215000000.0,6810501120.0,0.02,1900-01-01 13:01:29,225,5,1.0,1.0
469,688509e97b3c97d19cf7887f,Prompt 94,True,0.07,257.68,63.0,1410000000.0,1215000000.0,6810501120.0,0.02,1900-01-01 13:01:29,226,6,1.0,1.0
470,688509ea7b3c97d19cf78880,Prompt 94,True,0.07,257.68,63.0,1410000000.0,1215000000.0,6810501120.0,0.02,1900-01-01 13:01:30,227,7,1.0,1.0
471,688509ea7b3c97d19cf78881,Prompt 94,True,0.07,257.68,63.0,1410000000.0,1215000000.0,6810501120.0,0.02,1900-01-01 13:01:30,227,8,1.0,1.0
472,688509eb7b3c97d19cf78882,Prompt 94,True,0.07,257.68,63.0,1410000000.0,1215000000.0,6810501120.0,0.02,1900-01-01 13:01:31,228,9,1.0,1.0
473,688509eb7b3c97d19cf78883,Prompt 94,True,0.07,257.68,63.0,1410000000.0,1215000000.0,6810501120.0,0.02,1900-01-01 13:01:31,228,10,1.0,1.0
474,688509ec7b3c97d19cf78884,Prompt 94,True,0.07,257.68,63.0,1410000000.0,1215000000.0,6810501120.0,0.02,1900-01-01 13:01:32,229,11,1.0,1.0
475,688509ec7b3c97d19cf78885,Prompt 94,True,0.07,257.68,63.0,1410000000.0,1215000000.0,6810501120.0,0.02,1900-01-01 13:01:32,229,12,1.0,1.0
476,688509ed7b3c97d19cf78886,Prompt 94,True,0.07,257.68,63.0,1410000000.0,1215000000.0,6810501120.0,0.02,1900-01-01 13:01:33,230,13,1.0,1.0
477,688509ed7b3c97d19cf78887,Prompt 94,True,0.07,257.68,63.0,1410000000.0,1215000000.0,6810501120.0,0.02,1900-01-01 13:01:33,230,14,1.0,1.0
478,688509ee7b3c97d19cf78888,Prompt 94,True,0.07,257.68,63.0,1410000000.0,1215000000.0,6810501120.0,0.02,1900-01-01 13:01:34,231,15,1.0,1.0
479,688509ef7b3c97d19cf78889,Prompt 94,True,0.07,257.68,63.0,1410000000.0,1215000000.0,6810501120.0,0.02,1900-01-01 13:01:35,232,16,1.0,1.0
480,688509ef7b3c97d19cf7888a,,True,,,,,,,,1900-01-01 13:01:34,,,,
481,688509ef7b3c97d19cf7888b,Prompt 95,True,0.07,257.68,63.0,1410000000.0,1215000000.0,6810501120.0,0.02,1900-01-01 13:01:35,232,1,1.0,1.0
482,688509f07b3c97d19cf7888c,Prompt 95,True,0.07,257.68,63.0,1410000000.0,1215000000.0,6810501120.0,0.02,1900-01-01 13:01:36,233,2,1.0,1.0
483,688509f07b3c97d19cf7888d,Prompt 95,True,0.07,257.68,63.0,1410000000.0,1215000000.0,6810501120.0,0.02,1900-01-01 13:01:36,233,3,1.0,1.0
484,688509f17b3c97d19cf7888e,Prompt 95,True,0.07,257.68,63.0,1395000000.0,1215000000.0,6810501120.0,0.4,1900-01-01 13:01:37,234,4,0.9893617021276596,1.0
485,688509f27b3c97d19cf7888f,Prompt 95,True,0.77,232.43,66.0,1395000000.0,1215000000.0,6810501120.0,0.4,1900-01-01 13:01:38,235,5,0.9893617021276596,1.0
486,688509f27b3c97d19cf78890,Prompt 95,True,0.77,232.43,66.0,1395000000.0,1215000000.0,6810501120.0,0.4,1900-01-01 13:01:38,235,6,0.9893617021276596,1.0
487,688509f37b3c97d19cf78891,Prompt 95,True,0.77,232.43,66.0,1395000000.0,1215000000.0,6810501120.0,0.4,1900-01-01 13:01:39,236,7,0.9893617021276596,1.0
488,688509f37b3c97d19cf78892,Prompt 95,True,0.77,232.43,66.0,1395000000.0,1215000000.0,6810501120.0,0.4,1900-01-01 13:01:39,236,8,0.9893617021276596,1.0
489,688509f47b3c97d19cf78893,Prompt 95,True,0.77,232.43,66.0,1395000000.0,1215000000.0,6810501120.0,0.4,1900-01-01 13:01:40,237,9,0.9893617021276596,1.0
490,688509f47b3c97d19cf78894,Prompt 95,True,0.77,232.43,66.0,1395000000.0,1215000000.0,6810501120.0,0.4,1900-01-01 13:01:40,237,10,0.9893617021276596,1.0
491,688509f57b3c97d19cf78895,Prompt 95,True,0.77,232.43,66.0,1395000000.0,1215000000.0,6810501120.0,0.4,1900-01-01 13:01:41,238,11,0.9893617021276596,1.0
492,688509f67b3c97d19cf78896,Prompt 95,True,0.77,232.43,66.0,1395000000.0,1215000000.0,6810501120.0,0.4,1900-01-01 13:01:42,239,12,0.9893617021276596,1.0
493,688509f67b3c97d19cf78897,Prompt 95,True,0.77,232.43,66.0,1395000000.0,1215000000.0,6810501120.0,0.4,1900-01-01 13:01:42,239,13,0.9893617021276596,1.0
494,688509f77b3c97d19cf78898,Prompt 95,True,0.77,232.43,66.0,1395000000.0,1215000000.0,6810501120.0,0.4,1900-01-01 13:01:43,240,14,0.9893617021276596,1.0
495,688509f77b3c97d19cf78899,Prompt 95,True,0.77,232.43,66.0,1395000000.0,1215000000.0,6810501120.0,0.4,1900-01-01 13:01:43,240,15,0.9893617021276596,1.0
496,688509f87b3c97d19cf7889a,Prompt 95,True,0.77,232.43,66.0,1395000000.0,1215000000.0,6810501120.0,0.4,1900-01-01 13:01:44,241,16,0.9893617021276596,1.0
497,688509f87b3c97d19cf7889b,,True,,,,,,,,1900-01-01 13:01:44,,,,
498,688509f97b3c97d19cf7889c,Prompt 96,True,0.77,232.43,66.0,1395000000.0,1215000000.0,6810501120.0,0.4,1900-01-01 13:01:45,241,1,0.9893617021276596,1.0
499,688509f97b3c97d19cf7889d,Prompt 96,True,0.77,232.43,66.0,1395000000.0,1215000000.0,6810501120.0,0.4,1900-01-01 13:01:45,242,2,0.9893617021276596,1.0
500,688509fa7b3c97d19cf7889e,Prompt 96,True,0.77,232.43,66.0,1395000000.0,1215000000.0,6810501120.0,0.4,1900-01-01 13:01:46,243,3,0.9893617021276596,1.0
501,688509fa7b3c97d19cf7889f,Prompt 96,True,0.77,232.43,66.0,1395000000.0,1215000000.0,6810501120.0,0.4,1900-01-01 13:01:46,243,4,0.9893617021276596,1.0
502,688509fa7b3c97d19cf788a0,,True,,,,,,,,1900-01-01 13:01:46,,,,
503,688509fb7b3c97d19cf788a1,Prompt 97,True,0.77,232.43,66.0,1395000000.0,1215000000.0,6810501120.0,0.4,1900-01-01 13:01:47,244,1,0.9893617021276596,1.0
504,688509fb7b3c97d19cf788a2,,True,,,,,,,,1900-01-01 13:01:47,,,,
505,688509fb7b3c97d19cf788a3,Prompt 98,True,0.77,232.43,66.0,1395000000.0,1215000000.0,6810501120.0,0.4,1900-01-01 13:01:47,244,1,0.9893617021276596,1.0
506,688509fc7b3c97d19cf788a4,Prompt 98,True,0.77,232.43,66.0,1395000000.0,1215000000.0,6810501120.0,0.4,1900-01-01 13:01:48,245,2,0.9893617021276596,1.0
507,688509fd7b3c97d19cf788a5,Prompt 98,True,0.77,232.43,66.0,1395000000.0,1215000000.0,6810501120.0,0.4,1900-01-01 13:01:49,246,3,0.9893617021276596,1.0
508,688509fd7b3c97d19cf788a6,Prompt 98,True,0.77,232.43,66.0,1395000000.0,1215000000.0,6810501120.0,0.4,1900-01-01 13:01:49,246,4,0.9893617021276596,1.0
509,688509fe7b3c97d19cf788a7,Prompt 98,True,0.77,232.43,66.0,1395000000.0,1215000000.0,6810501120.0,0.4,1900-01-01 13:01:50,247,5,0.9893617021276596,1.0
510,688509fe7b3c97d19cf788a8,Prompt 98,True,0.77,232.43,66.0,1395000000.0,1215000000.0,6810501120.0,0.4,1900-01-01 13:01:50,247,6,0.9893617021276596,1.0
511,688509fe7b3c97d19cf788a9,,True,,,,,,,,1900-01-01 13:01:50,,,,
512,688509ff7b3c97d19cf788aa,Prompt 99,True,0.77,232.43,66.0,1395000000.0,1215000000.0,6810501120.0,0.4,1900-01-01 13:01:51,248,1,0.9893617021276596,1.0
513,68850a007b3c97d19cf788ab,Prompt 99,True,0.77,232.43,66.0,1395000000.0,1215000000.0,6810501120.0,0.4,1900-01-01 13:01:52,248,2,0.9893617021276596,1.0
514,68850a007b3c97d19cf788ac,Prompt 99,True,0.77,229.64,66.0,1380000000.0,1215000000.0,6810501120.0,0.4,1900-01-01 13:01:52,249,3,0.9787234042553191,1.0
515,68850a017b3c97d19cf788ad,Prompt 99,True,0.77,229.64,66.0,1380000000.0,1215000000.0,6810501120.0,0.4,1900-01-01 13:01:53,250,4,0.9787234042553191,1.0
516,68850a017b3c97d19cf788ae,Prompt 99,True,0.77,229.64,66.0,1380000000.0,1215000000.0,6810501120.0,0.4,1900-01-01 13:01:53,250,5,0.9787234042553191,1.0
517,68850a027b3c97d19cf788af,Prompt 99,True,0.77,229.64,66.0,1380000000.0,1215000000.0,6810501120.0,0.4,1900-01-01 13:01:54,251,6,0.9787234042553191,1.0
518,68850a027b3c97d19cf788b0,Prompt 99,True,0.77,229.64,66.0,1380000000.0,1215000000.0,6810501120.0,0.4,1900-01-01 13:01:54,251,7,0.9787234042553191,1.0
519,68850a037b3c97d19cf788b1,Prompt 99,True,0.77,229.64,66.0,1380000000.0,1215000000.0,6810501120.0,0.4,1900-01-01 13:01:55,252,8,0.9787234042553191,1.0
520,68850a037b3c97d19cf788b2,Prompt 99,True,0.77,229.64,66.0,1380000000.0,1215000000.0,6810501120.0,0.4,1900-01-01 13:01:55,252,9,0.9787234042553191,1.0
521,68850a047b3c97d19cf788b3,Prompt 99,True,0.77,229.64,66.0,1380000000.0,1215000000.0,6810501120.0,0.4,1900-01-01 13:01:56,253,10,0.9787234042553191,1.0
522,68850a057b3c97d19cf788b4,Prompt 99,True,0.77,229.64,66.0,1380000000.0,1215000000.0,6810501120.0,0.4,1900-01-01 13:01:57,253,11,0.9787234042553191,1.0
523,68850a057b3c97d19cf788b5,Prompt 99,True,0.77,229.64,66.0,1380000000.0,1215000000.0,6810501120.0,0.4,1900-01-01 13:01:57,254,12,0.9787234042553191,1.0
524,68850a067b3c97d19cf788b6,Prompt 99,True,0.77,229.64,66.0,1380000000.0,1215000000.0,6810501120.0,0.4,1900-01-01 13:01:58,254,13,0.9787234042553191,1.0
525,68850a067b3c97d19cf788b7,Prompt 99,True,0.77,229.64,66.0,1380000000.0,1215000000.0,6810501120.0,0.4,1900-01-01 13:01:58,255,14,0.9787234042553191,1.0
526,68850a077b3c97d19cf788b8,Prompt 99,True,0.77,229.64,66.0,1380000000.0,1215000000.0,6810501120.0,0.4,1900-01-01 13:01:59,256,15,0.9787234042553191,1.0
527,68850a077b3c97d19cf788b9,Prompt 99,True,0.77,229.64,66.0,1380000000.0,1215000000.0,6810501120.0,0.4,1900-01-01 13:01:59,256,16,0.9787234042553191,1.0
528,68850a087b3c97d19cf788ba,Prompt 99,True,0.77,229.64,66.0,1380000000.0,1215000000.0,6810501120.0,0.4,1900-01-01 13:02:00,257,17,0.9787234042553191,1.0
529,68850a087b3c97d19cf788bb,Prompt 99,True,0.77,229.64,66.0,1380000000.0,1215000000.0,6810501120.0,0.4,1900-01-01 13:02:00,257,18,0.9787234042553191,1.0
530,68850a097b3c97d19cf788bc,Prompt 99,True,0.77,229.64,66.0,1380000000.0,1215000000.0,6810501120.0,0.4,1900-01-01 13:02:01,258,19,0.9787234042553191,1.0
531,68850a0a7b3c97d19cf788bd,Prompt 99,True,0.77,229.64,66.0,1380000000.0,1215000000.0,6810501120.0,0.4,1900-01-01 13:02:02,258,20,0.9787234042553191,1.0
532,68850a0a7b3c97d19cf788be,Prompt 99,True,0.77,229.64,66.0,1380000000.0,1215000000.0,6810501120.0,0.4,1900-01-01 13:02:02,259,21,0.9787234042553191,1.0
533,68850a0b7b3c97d19cf788bf,Prompt 99,True,0.77,229.64,66.0,1380000000.0,1215000000.0,6810501120.0,0.4,1900-01-01 13:02:03,260,22,0.9787234042553191,1.0
534,68850a0b7b3c97d19cf788c0,,True,,,,,,,,1900-01-01 13:02:02,,,,
535,68850a0b7b3c97d19cf788c1,Prompt 100,True,0.77,229.64,66.0,1380000000.0,1215000000.0,6810501120.0,0.4,1900-01-01 13:02:03,260,1,0.9787234042553191,1.0
536,68850a0c7b3c97d19cf788c2,Prompt 100,True,0.77,229.64,66.0,1380000000.0,1215000000.0,6810501120.0,0.4,1900-01-01 13:02:04,261,2,0.9787234042553191,1.0
537,68850a0d7b3c97d19cf788c3,Prompt 100,True,0.77,229.64,66.0,1380000000.0,1215000000.0,6810501120.0,0.4,1900-01-01 13:02:05,261,3,0.9787234042553191,1.0
538,68850a0d7b3c97d19cf788c4,,True,,,,,,,,1900-01-01 13:02:04,,,,
539,68850a0d7b3c97d19cf788c5,Prompt 101,True,0.77,229.64,66.0,1380000000.0,1215000000.0,6810501120.0,0.4,1900-01-01 13:02:05,262,1,0.9787234042553191,1.0
540,68850a0e7b3c97d19cf788c6,Prompt 101,True,0.77,229.64,66.0,1380000000.0,1215000000.0,6810501120.0,0.4,1900-01-01 13:02:06,263,2,0.9787234042553191,1.0
541,68850a0e7b3c97d19cf788c7,,True,,,,,,,,1900-01-01 13:02:05,,,,
542,68850a0e7b3c97d19cf788c8,Prompt 102,True,0.77,229.64,66.0,1380000000.0,1215000000.0,6810501120.0,0.4,1900-01-01 13:02:06,263,1,0.9787234042553191,1.0
543,68850a0f7b3c97d19cf788c9,Prompt 102,True,0.77,229.64,66.0,1380000000.0,1215000000.0,6810501120.0,0.4,1900-01-01 13:02:07,264,2,0.9787234042553191,1.0
544,68850a0f7b3c97d19cf788ca,Prompt 102,True,0.76,253.53,65.0,1395000000.0,1215000000.0,6810501120.0,0.4,1900-01-01 13:02:07,264,3,0.9893617021276596,1.0
545,68850a107b3c97d19cf788cb,,True,,,,,,,,1900-01-01 13:02:07,,,,
546,68850a107b3c97d19cf788cc,Prompt 103,True,0.76,253.53,65.0,1395000000.0,1215000000.0,6810501120.0,0.4,1900-01-01 13:02:08,265,1,0.9893617021276596,1.0
547,68850a117b3c97d19cf788cd,Prompt 103,True,0.76,253.53,65.0,1395000000.0,1215000000.0,6810501120.0,0.4,1900-01-01 13:02:09,266,2,0.9893617021276596,1.0
548,68850a117b3c97d19cf788ce,Prompt 103,True,0.76,253.53,65.0,1395000000.0,1215000000.0,6810501120.0,0.4,1900-01-01 13:02:09,266,3,0.9893617021276596,1.0
549,68850a127b3c97d19cf788cf,Prompt 103,True,0.76,253.53,65.0,1395000000.0,1215000000.0,6810501120.0,0.4,1900-01-01 13:02:10,267,4,0.9893617021276596,1.0
550,68850a127b3c97d19cf788d0,Prompt 103,True,0.76,253.53,65.0,1395000000.0,1215000000.0,6810501120.0,0.4,1900-01-01 13:02:10,267,5,0.9893617021276596,1.0
551,68850a137b3c97d19cf788d1,Prompt 103,True,0.76,253.53,65.0,1395000000.0,1215000000.0,6810501120.0,0.4,1900-01-01 13:02:11,268,6,0.9893617021276596,1.0
552,68850a147b3c97d19cf788d2,Prompt 103,True,0.76,253.53,65.0,1395000000.0,1215000000.0,6810501120.0,0.4,1900-01-01 13:02:12,268,7,0.9893617021276596,1.0
553,68850a147b3c97d19cf788d3,Prompt 103,True,0.76,253.53,65.0,1395000000.0,1215000000.0,6810501120.0,0.4,1900-01-01 13:02:12,269,8,0.9893617021276596,1.0
554,68850a147b3c97d19cf788d4,,True,,,,,,,,1900-01-01 13:02:12,,,,
555,68850a157b3c97d19cf788d5,Prompt 104,True,0.76,253.53,65.0,1395000000.0,1215000000.0,6810501120.0,0.4,1900-01-01 13:02:13,270,1,0.9893617021276596,1.0
556,68850a157b3c97d19cf788d6,Prompt 104,True,0.76,253.53,65.0,1395000000.0,1215000000.0,6810501120.0,0.4,1900-01-01 13:02:13,270,2,0.9893617021276596,1.0
557,68850a167b3c97d19cf788d7,Prompt 104,True,0.76,253.53,65.0,1395000000.0,1215000000.0,6810501120.0,0.4,1900-01-01 13:02:14,271,3,0.9893617021276596,1.0
558,68850a167b3c97d19cf788d8,Prompt 104,True,0.76,253.53,65.0,1395000000.0,1215000000.0,6810501120.0,0.4,1900-01-01 13:02:14,271,4,0.9893617021276596,1.0
559,68850a177b3c97d19cf788d9,Prompt 104,True,0.76,253.53,65.0,1395000000.0,1215000000.0,6810501120.0,0.4,1900-01-01 13:02:15,272,5,0.9893617021276596,1.0
560,68850a177b3c97d19cf788da,Prompt 104,True,0.76,253.53,65.0,1395000000.0,1215000000.0,6810501120.0,0.4,1900-01-01 13:02:15,272,6,0.9893617021276596,1.0
561,68850a187b3c97d19cf788db,Prompt 104,True,0.76,253.53,65.0,1395000000.0,1215000000.0,6810501120.0,0.4,1900-01-01 13:02:16,273,7,0.9893617021276596,1.0
562,68850a187b3c97d19cf788dc,Prompt 104,True,0.76,253.53,65.0,1395000000.0,1215000000.0,6810501120.0,0.4,1900-01-01 13:02:16,273,8,0.9893617021276596,1.0
563,68850a197b3c97d19cf788dd,Prompt 104,True,0.76,253.53,65.0,1395000000.0,1215000000.0,6810501120.0,0.4,1900-01-01 13:02:17,274,9,0.9893617021276596,1.0
564,68850a197b3c97d19cf788de,Prompt 104,True,0.76,253.53,65.0,1395000000.0,1215000000.0,6810501120.0,0.4,1900-01-01 13:02:17,274,10,0.9893617021276596,1.0
565,68850a1a7b3c97d19cf788df,Prompt 104,True,0.76,253.53,65.0,1395000000.0,1215000000.0,6810501120.0,0.4,1900-01-01 13:02:18,275,11,0.9893617021276596,1.0
566,68850a1a7b3c97d19cf788e0,,True,,,,,,,,1900-01-01 13:02:18,,,,
567,68850a1b7b3c97d19cf788e1,Prompt 105,True,0.76,253.53,65.0,1395000000.0,1215000000.0,6810501120.0,0.4,1900-01-01 13:02:19,276,1,0.9893617021276596,1.0
568,68850a1b7b3c97d19cf788e2,,True,,,,,,,,1900-01-01 13:02:19,,,,
569,68850a1b7b3c97d19cf788e3,Prompt 106,True,0.76,253.53,65.0,1395000000.0,1215000000.0,6810501120.0,0.4,1900-01-01 13:02:19,276,1,0.9893617021276596,1.0
570,68850a1c7b3c97d19cf788e4,Prompt 106,True,0.76,253.53,65.0,1395000000.0,1215000000.0,6810501120.0,0.4,1900-01-01 13:02:20,277,2,0.9893617021276596,1.0
571,68850a1c7b3c97d19cf788e5,Prompt 106,True,0.76,253.53,65.0,1395000000.0,1215000000.0,6810501120.0,0.4,1900-01-01 13:02:20,277,3,0.9893617021276596,1.0
572,68850a1d7b3c97d19cf788e6,Prompt 106,True,0.76,253.53,65.0,1395000000.0,1215000000.0,6810501120.0,0.4,1900-01-01 13:02:21,278,4,0.9893617021276596,1.0
573,68850a1d7b3c97d19cf788e7,Prompt 106,True,0.76,253.53,65.0,1395000000.0,1215000000.0,6810501120.0,0.4,1900-01-01 13:02:21,278,5,0.9893617021276596,1.0
574,68850a1e7b3c97d19cf788e8,Prompt 106,True,0.76,253.53,65.0,1395000000.0,1215000000.0,6810501120.0,0.39,1900-01-01 13:02:22,279,6,0.9893617021276596,1.0
575,68850a1e7b3c97d19cf788e9,Prompt 106,True,0.77,246.08,66.0,1395000000.0,1215000000.0,6810501120.0,0.39,1900-01-01 13:02:22,279,7,0.9893617021276596,1.0
576,68850a1f7b3c97d19cf788ea,Prompt 106,True,0.77,246.08,66.0,1395000000.0,1215000000.0,6810501120.0,0.39,1900-01-01 13:02:23,280,8,0.9893617021276596,1.0
577,68850a207b3c97d19cf788eb,Prompt 106,True,0.77,246.08,66.0,1395000000.0,1215000000.0,6810501120.0,0.39,1900-01-01 13:02:24,280,9,0.9893617021276596,1.0
578,68850a207b3c97d19cf788ec,Prompt 106,True,0.77,246.08,66.0,1395000000.0,1215000000.0,6810501120.0,0.39,1900-01-01 13:02:24,281,10,0.9893617021276596,1.0
579,68850a217b3c97d19cf788ed,Prompt 106,True,0.77,246.08,66.0,1395000000.0,1215000000.0,6810501120.0,0.39,1900-01-01 13:02:25,282,11,0.9893617021276596,1.0
580,68850a217b3c97d19cf788ee,Prompt 106,True,0.77,246.08,66.0,1395000000.0,1215000000.0,6810501120.0,0.39,1900-01-01 13:02:25,282,12,0.9893617021276596,1.0
581,68850a217b3c97d19cf788ef,,True,,,,,,,,1900-01-01 13:02:25,,,,
582,68850a227b3c97d19cf788f0,Prompt 107,True,0.77,246.08,66.0,1395000000.0,1215000000.0,6810501120.0,0.39,1900-01-01 13:02:26,283,1,0.9893617021276596,1.0
583,68850a227b3c97d19cf788f1,Prompt 107,True,0.77,246.08,66.0,1395000000.0,1215000000.0,6810501120.0,0.39,1900-01-01 13:02:26,283,2,0.9893617021276596,1.0
584,68850a237b3c97d19cf788f2,Prompt 107,True,0.77,246.08,66.0,1395000000.0,1215000000.0,6810501120.0,0.39,1900-01-01 13:02:27,284,3,0.9893617021276596,1.0
585,68850a237b3c97d19cf788f3,Prompt 107,True,0.77,246.08,66.0,1395000000.0,1215000000.0,6810501120.0,0.39,1900-01-01 13:02:27,284,4,0.9893617021276596,1.0
586,68850a247b3c97d19cf788f4,Prompt 107,True,0.77,246.08,66.0,1395000000.0,1215000000.0,6810501120.0,0.39,1900-01-01 13:02:28,285,5,0.9893617021276596,1.0
587,68850a247b3c97d19cf788f5,Prompt 107,True,0.77,246.08,66.0,1395000000.0,1215000000.0,6810501120.0,0.39,1900-01-01 13:02:28,285,6,0.9893617021276596,1.0
588,68850a257b3c97d19cf788f6,Prompt 107,True,0.77,246.08,66.0,1395000000.0,1215000000.0,6810501120.0,0.39,1900-01-01 13:02:29,286,7,0.9893617021276596,1.0
589,68850a267b3c97d19cf788f7,Prompt 107,True,0.77,246.08,66.0,1395000000.0,1215000000.0,6810501120.0,0.39,1900-01-01 13:02:30,286,8,0.9893617021276596,1.0
590,68850a267b3c97d19cf788f8,Prompt 107,True,0.77,246.08,66.0,1395000000.0,1215000000.0,6810501120.0,0.39,1900-01-01 13:02:30,287,9,0.9893617021276596,1.0
591,68850a277b3c97d19cf788f9,Prompt 107,True,0.77,246.08,66.0,1395000000.0,1215000000.0,6810501120.0,0.39,1900-01-01 13:02:31,288,10,0.9893617021276596,1.0
592,68850a277b3c97d19cf788fa,Prompt 107,True,0.77,246.08,66.0,1395000000.0,1215000000.0,6810501120.0,0.39,1900-01-01 13:02:31,288,11,0.9893617021276596,1.0
593,68850a277b3c97d19cf788fb,,True,,,,,,,,1900-01-01 13:02:31,,,,
594,68850a287b3c97d19cf788fc,Prompt 108,True,0.77,246.08,66.0,1395000000.0,1215000000.0,6810501120.0,0.39,1900-01-01 13:02:32,289,1,0.9893617021276596,1.0
595,68850a287b3c97d19cf788fd,,True,,,,,,,,1900-01-01 13:02:32,,,,
596,68850a287b3c97d19cf788fe,Prompt 109,True,0.77,246.08,66.0,1395000000.0,1215000000.0,6810501120.0,0.39,1900-01-01 13:02:32,289,1,0.9893617021276596,1.0
597,68850a297b3c97d19cf788ff,Prompt 109,True,0.77,246.08,66.0,1395000000.0,1215000000.0,6810501120.0,0.39,1900-01-01 13:02:33,290,2,0.9893617021276596,1.0
598,68850a2a7b3c97d19cf78900,Prompt 109,True,0.77,246.08,66.0,1395000000.0,1215000000.0,6810501120.0,0.39,1900-01-01 13:02:34,290,3,0.9893617021276596,1.0
599,68850a2a7b3c97d19cf78901,Prompt 109,True,0.77,246.08,66.0,1395000000.0,1215000000.0,6810501120.0,0.39,1900-01-01 13:02:34,291,4,0.9893617021276596,1.0
600,68850a2b7b3c97d19cf78902,Prompt 109,True,0.77,246.08,66.0,1395000000.0,1215000000.0,6810501120.0,0.39,1900-01-01 13:02:35,292,5,0.9893617021276596,1.0
601,68850a2b7b3c97d19cf78903,Prompt 109,True,0.77,246.08,66.0,1395000000.0,1215000000.0,6810501120.0,0.39,1900-01-01 13:02:35,292,6,0.9893617021276596,1.0
602,68850a2c7b3c97d19cf78904,Prompt 109,True,0.77,246.08,66.0,1395000000.0,1215000000.0,6810501120.0,0.39,1900-01-01 13:02:36,293,7,0.9893617021276596,1.0
603,68850a2c7b3c97d19cf78905,,True,,,,,,,,1900-01-01 13:02:35,,,,
604,68850a2c7b3c97d19cf78906,Prompt 110,True,0.77,246.08,66.0,1395000000.0,1215000000.0,6810501120.0,0.39,1900-01-01 13:02:36,293,1,0.9893617021276596,1.0
605,68850a2d7b3c97d19cf78907,Prompt 110,True,0.77,246.08,66.0,1395000000.0,1215000000.0,6810501120.0,0.39,1900-01-01 13:02:37,294,2,0.9893617021276596,1.0
606,68850a2d7b3c97d19cf78908,Prompt 110,True,0.74,231.56,65.0,1410000000.0,1215000000.0,6810501120.0,0.39,1900-01-01 13:02:37,294,3,1.0,1.0
607,68850a2d7b3c97d19cf78909,,True,,,,,,,,1900-01-01 13:02:37,,,,
608,68850a2e7b3c97d19cf7890a,Prompt 111,True,0.74,231.56,65.0,1410000000.0,1215000000.0,6810501120.0,0.39,1900-01-01 13:02:38,295,1,1.0,1.0
609,68850a2e7b3c97d19cf7890b,Prompt 111,True,0.74,231.56,65.0,1410000000.0,1215000000.0,6810501120.0,0.39,1900-01-01 13:02:38,295,2,1.0,1.0
610,68850a2f7b3c97d19cf7890c,Prompt 111,True,0.74,231.56,65.0,1410000000.0,1215000000.0,6810501120.0,0.39,1900-01-01 13:02:39,296,3,1.0,1.0
611,68850a2f7b3c97d19cf7890d,Prompt 111,True,0.74,231.56,65.0,1410000000.0,1215000000.0,6810501120.0,0.39,1900-01-01 13:02:39,296,4,1.0,1.0
612,68850a307b3c97d19cf7890e,Prompt 111,True,0.74,231.56,65.0,1410000000.0,1215000000.0,6810501120.0,0.39,1900-01-01 13:02:40,297,5,1.0,1.0
613,68850a317b3c97d19cf7890f,Prompt 111,True,0.74,231.56,65.0,1410000000.0,1215000000.0,6810501120.0,0.39,1900-01-01 13:02:41,297,6,1.0,1.0
614,68850a317b3c97d19cf78910,Prompt 111,True,0.74,231.56,65.0,1410000000.0,1215000000.0,6810501120.0,0.39,1900-01-01 13:02:41,298,7,1.0,1.0
615,68850a327b3c97d19cf78911,Prompt 111,True,0.74,231.56,65.0,1410000000.0,1215000000.0,6810501120.0,0.39,1900-01-01 13:02:42,298,8,1.0,1.0
616,68850a327b3c97d19cf78912,Prompt 111,True,0.74,231.56,65.0,1410000000.0,1215000000.0,6810501120.0,0.39,1900-01-01 13:02:42,299,9,1.0,1.0
617,68850a327b3c97d19cf78913,,True,,,,,,,,1900-01-01 13:02:42,,,,
618,68850a337b3c97d19cf78914,Prompt 112,True,0.74,231.56,65.0,1410000000.0,1215000000.0,6810501120.0,0.39,1900-01-01 13:02:43,300,1,1.0,1.0
619,68850a337b3c97d19cf78915,Prompt 112,True,0.74,231.56,65.0,1410000000.0,1215000000.0,6810501120.0,0.39,1900-01-01 13:02:43,300,2,1.0,1.0
620,68850a347b3c97d19cf78916,Prompt 112,True,0.74,231.56,65.0,1410000000.0,1215000000.0,6810501120.0,0.39,1900-01-01 13:02:44,301,3,1.0,1.0
621,68850a347b3c97d19cf78917,Prompt 112,True,0.74,231.56,65.0,1410000000.0,1215000000.0,6810501120.0,0.39,1900-01-01 13:02:44,301,4,1.0,1.0
622,68850a357b3c97d19cf78918,Prompt 112,True,0.74,231.56,65.0,1410000000.0,1215000000.0,6810501120.0,0.39,1900-01-01 13:02:45,302,5,1.0,1.0
623,68850a357b3c97d19cf78919,Prompt 112,True,0.74,231.56,65.0,1410000000.0,1215000000.0,6810501120.0,0.39,1900-01-01 13:02:45,302,6,1.0,1.0
624,68850a367b3c97d19cf7891a,Prompt 112,True,0.74,231.56,65.0,1410000000.0,1215000000.0,6810501120.0,0.39,1900-01-01 13:02:46,303,7,1.0,1.0
625,68850a367b3c97d19cf7891b,Prompt 112,True,0.74,231.56,65.0,1410000000.0,1215000000.0,6810501120.0,0.39,1900-01-01 13:02:46,303,8,1.0,1.0
626,68850a377b3c97d19cf7891c,Prompt 112,True,0.74,231.56,65.0,1410000000.0,1215000000.0,6810501120.0,0.39,1900-01-01 13:02:47,304,9,1.0,1.0
627,68850a377b3c97d19cf7891d,Prompt 112,True,0.74,231.56,65.0,1410000000.0,1215000000.0,6810501120.0,0.39,1900-01-01 13:02:47,304,10,1.0,1.0
628,68850a387b3c97d19cf7891e,Prompt 112,True,0.74,231.56,65.0,1410000000.0,1215000000.0,6810501120.0,0.39,1900-01-01 13:02:48,305,11,1.0,1.0
629,68850a387b3c97d19cf7891f,,True,,,,,,,,1900-01-01 13:02:48,,,,
630,68850a387b3c97d19cf78920,Prompt 113,True,0.74,231.56,65.0,1410000000.0,1215000000.0,6810501120.0,0.39,1900-01-01 13:02:48,305,1,1.0,1.0
631,68850a397b3c97d19cf78921,Prompt 113,True,0.74,231.56,65.0,1410000000.0,1215000000.0,6810501120.0,0.39,1900-01-01 13:02:49,306,2,1.0,1.0
632,68850a3a7b3c97d19cf78922,Prompt 113,True,0.74,231.56,65.0,1410000000.0,1215000000.0,6810501120.0,0.39,1900-01-01 13:02:50,307,3,1.0,1.0
633,68850a3a7b3c97d19cf78923,Prompt 113,True,0.74,231.56,65.0,1410000000.0,1215000000.0,6810501120.0,0.39,1900-01-01 13:02:50,307,4,1.0,1.0
634,68850a3b7b3c97d19cf78924,Prompt 113,True,0.74,231.56,65.0,1410000000.0,1215000000.0,6810501120.0,0.39,1900-01-01 13:02:51,308,5,1.0,1.0
635,68850a3b7b3c97d19cf78925,Prompt 113,True,0.74,231.56,65.0,1410000000.0,1215000000.0,6810501120.0,0.39,1900-01-01 13:02:51,308,6,1.0,1.0
636,68850a3c7b3c97d19cf78926,Prompt 113,True,0.74,231.56,65.0,1410000000.0,1215000000.0,6810501120.0,0.38,1900-01-01 13:02:52,309,7,1.0,1.0
637,68850a3c7b3c97d19cf78927,Prompt 113,True,0.75,233.36,66.0,1380000000.0,1215000000.0,6810501120.0,0.38,1900-01-01 13:02:52,309,8,0.9787234042553191,1.0
638,68850a3c7b3c97d19cf78928,,True,,,,,,,,1900-01-01 13:02:52,,,,
639,68850a3d7b3c97d19cf78929,Prompt 114,True,0.75,233.36,66.0,1380000000.0,1215000000.0,6810501120.0,0.38,1900-01-01 13:02:53,310,1,0.9787234042553191,1.0
640,68850a3d7b3c97d19cf7892a,,True,,,,,,,,1900-01-01 13:02:53,,,,
641,68850a3e7b3c97d19cf7892b,Prompt 115,True,0.75,233.36,66.0,1380000000.0,1215000000.0,6810501120.0,0.38,1900-01-01 13:02:54,311,1,0.9787234042553191,1.0
642,68850a3e7b3c97d19cf7892c,Prompt 115,True,0.75,233.36,66.0,1380000000.0,1215000000.0,6810501120.0,0.38,1900-01-01 13:02:54,311,2,0.9787234042553191,1.0
643,68850a3f7b3c97d19cf7892d,Prompt 115,True,0.75,233.36,66.0,1380000000.0,1215000000.0,6810501120.0,0.38,1900-01-01 13:02:55,312,3,0.9787234042553191,1.0
644,68850a3f7b3c97d19cf7892e,,True,,,,,,,,1900-01-01 13:02:54,,,,
645,68850a3f7b3c97d19cf7892f,Prompt 116,True,0.75,233.36,66.0,1380000000.0,1215000000.0,6810501120.0,0.38,1900-01-01 13:02:55,312,1,0.9787234042553191,1.0
646,68850a407b3c97d19cf78930,Prompt 116,True,0.75,233.36,66.0,1380000000.0,1215000000.0,6810501120.0,0.38,1900-01-01 13:02:56,313,2,0.9787234042553191,1.0
647,68850a407b3c97d19cf78931,,True,,,,,,,,1900-01-01 13:02:56,,,,
648,68850a417b3c97d19cf78932,Prompt 117,True,0.75,233.36,66.0,1380000000.0,1215000000.0,6810501120.0,0.38,1900-01-01 13:02:57,313,1,0.9787234042553191,1.0
649,68850a417b3c97d19cf78933,Prompt 117,True,0.75,233.36,66.0,1380000000.0,1215000000.0,6810501120.0,0.38,1900-01-01 13:02:57,314,2,0.9787234042553191,1.0
650,68850a427b3c97d19cf78934,Prompt 117,True,0.75,233.36,66.0,1380000000.0,1215000000.0,6810501120.0,0.38,1900-01-01 13:02:58,314,3,0.9787234042553191,1.0
651,68850a427b3c97d19cf78935,Prompt 117,True,0.75,233.36,66.0,1380000000.0,1215000000.0,6810501120.0,0.38,1900-01-01 13:02:58,315,4,0.9787234042553191,1.0
652,68850a437b3c97d19cf78936,Prompt 117,True,0.75,233.36,66.0,1380000000.0,1215000000.0,6810501120.0,0.38,1900-01-01 13:02:59,316,5,0.9787234042553191,1.0
653,68850a437b3c97d19cf78937,Prompt 117,True,0.75,233.36,66.0,1380000000.0,1215000000.0,6810501120.0,0.38,1900-01-01 13:02:59,316,6,0.9787234042553191,1.0
654,68850a447b3c97d19cf78938,Prompt 117,True,0.75,233.36,66.0,1380000000.0,1215000000.0,6810501120.0,0.38,1900-01-01 13:03:00,317,7,0.9787234042553191,1.0
655,68850a447b3c97d19cf78939,Prompt 117,True,0.75,233.36,66.0,1380000000.0,1215000000.0,6810501120.0,0.38,1900-01-01 13:03:00,317,8,0.9787234042553191,1.0
656,68850a457b3c97d19cf7893a,Prompt 117,True,0.75,233.36,66.0,1380000000.0,1215000000.0,6810501120.0,0.38,1900-01-01 13:03:01,318,9,0.9787234042553191,1.0
657,68850a457b3c97d19cf7893b,Prompt 117,True,0.75,233.36,66.0,1380000000.0,1215000000.0,6810501120.0,0.38,1900-01-01 13:03:01,318,10,0.9787234042553191,1.0
658,68850a457b3c97d19cf7893c,,True,,,,,,,,1900-01-01 13:03:01,,,,
659,68850a467b3c97d19cf7893d,Prompt 118,True,0.75,233.36,66.0,1380000000.0,1215000000.0,6810501120.0,0.38,1900-01-01 13:03:02,319,1,0.9787234042553191,1.0
660,68850a477b3c97d19cf7893e,Prompt 118,True,0.75,233.36,66.0,1380000000.0,1215000000.0,6810501120.0,0.38,1900-01-01 13:03:03,320,2,0.9787234042553191,1.0
661,68850a477b3c97d19cf7893f,Prompt 118,True,0.75,233.36,66.0,1380000000.0,1215000000.0,6810501120.0,0.38,1900-01-01 13:03:03,320,3,0.9787234042553191,1.0
662,68850a487b3c97d19cf78940,Prompt 118,True,0.75,233.36,66.0,1380000000.0,1215000000.0,6810501120.0,0.38,1900-01-01 13:03:04,321,4,0.9787234042553191,1.0
663,68850a497b3c97d19cf78941,Prompt 118,True,0.75,233.36,66.0,1380000000.0,1215000000.0,6810501120.0,0.38,1900-01-01 13:03:05,321,5,0.9787234042553191,1.0
664,68850a497b3c97d19cf78942,Prompt 118,True,0.75,233.36,66.0,1380000000.0,1215000000.0,6810501120.0,0.38,1900-01-01 13:03:05,322,6,0.9787234042553191,1.0
665,68850a4a7b3c97d19cf78943,Prompt 118,True,0.75,233.36,66.0,1380000000.0,1215000000.0,6810501120.0,0.38,1900-01-01 13:03:06,323,7,0.9787234042553191,1.0
666,68850a4a7b3c97d19cf78944,,True,,,,,,,,1900-01-01 13:03:05,,,,
667,68850a4a7b3c97d19cf78945,Prompt 119,True,0.75,233.36,66.0,1380000000.0,1215000000.0,6810501120.0,0.38,1900-01-01 13:03:06,323,1,0.9787234042553191,1.0
668,68850a4b7b3c97d19cf78946,Prompt 119,True,0.75,233.36,66.0,1380000000.0,1215000000.0,6810501120.0,0.39,1900-01-01 13:03:07,324,2,0.9787234042553191,1.0
669,68850a4b7b3c97d19cf78947,Prompt 119,True,0.74,245.6,64.0,1380000000.0,1215000000.0,6810501120.0,0.39,1900-01-01 13:03:07,324,3,0.9787234042553191,1.0
670,68850a4c7b3c97d19cf78948,Prompt 119,True,0.74,245.6,64.0,1380000000.0,1215000000.0,6810501120.0,0.39,1900-01-01 13:03:08,325,4,0.9787234042553191,1.0
671,68850a4c7b3c97d19cf78949,Prompt 119,True,0.74,245.6,64.0,1380000000.0,1215000000.0,6810501120.0,0.39,1900-01-01 13:03:08,325,5,0.9787234042553191,1.0
672,68850a4d7b3c97d19cf7894a,Prompt 119,True,0.74,245.6,64.0,1380000000.0,1215000000.0,6810501120.0,0.39,1900-01-01 13:03:09,326,6,0.9787234042553191,1.0
673,68850a4e7b3c97d19cf7894b,Prompt 119,True,0.74,245.6,64.0,1380000000.0,1215000000.0,6810501120.0,0.39,1900-01-01 13:03:10,326,7,0.9787234042553191,1.0
674,68850a4e7b3c97d19cf7894c,Prompt 119,True,0.74,245.6,64.0,1380000000.0,1215000000.0,6810501120.0,0.39,1900-01-01 13:03:10,327,8,0.9787234042553191,1.0
675,68850a4f7b3c97d19cf7894d,Prompt 119,True,0.74,245.6,64.0,1380000000.0,1215000000.0,6810501120.0,0.39,1900-01-01 13:03:11,328,9,0.9787234042553191,1.0
676,68850a4f7b3c97d19cf7894e,,True,,,,,,,,1900-01-01 13:03:10,,,,
677,68850a4f7b3c97d19cf7894f,Prompt 120,True,0.74,245.6,64.0,1380000000.0,1215000000.0,6810501120.0,0.39,1900-01-01 13:03:11,328,1,0.9787234042553191,1.0
678,68850a507b3c97d19cf78950,Prompt 120,True,0.74,245.6,64.0,1380000000.0,1215000000.0,6810501120.0,0.39,1900-01-01 13:03:12,329,2,0.9787234042553191,1.0
679,68850a507b3c97d19cf78951,Prompt 120,True,0.74,245.6,64.0,1380000000.0,1215000000.0,6810501120.0,0.39,1900-01-01 13:03:12,329,3,0.9787234042553191,1.0
680,68850a517b3c97d19cf78952,Prompt 120,True,0.74,245.6,64.0,1380000000.0,1215000000.0,6810501120.0,0.39,1900-01-01 13:03:13,330,4,0.9787234042553191,1.0
681,68850a517b3c97d19cf78953,Prompt 120,True,0.74,245.6,64.0,1380000000.0,1215000000.0,6810501120.0,0.39,1900-01-01 13:03:13,330,5,0.9787234042553191,1.0
682,68850a527b3c97d19cf78954,Prompt 120,True,0.74,245.6,64.0,1380000000.0,1215000000.0,6810501120.0,0.39,1900-01-01 13:03:14,331,6,0.9787234042553191,1.0
683,68850a527b3c97d19cf78955,,True,,,,,,,,1900-01-01 13:03:14,,,,
684,68850a537b3c97d19cf78956,Prompt 121,True,0.74,245.6,64.0,1380000000.0,1215000000.0,6810501120.0,0.39,1900-01-01 13:03:15,332,1,0.9787234042553191,1.0
685,68850a537b3c97d19cf78957,Prompt 121,True,0.74,245.6,64.0,1380000000.0,1215000000.0,6810501120.0,0.39,1900-01-01 13:03:15,332,2,0.9787234042553191,1.0
686,68850a547b3c97d19cf78958,Prompt 121,True,0.74,245.6,64.0,1380000000.0,1215000000.0,6810501120.0,0.39,1900-01-01 13:03:16,333,3,0.9787234042553191,1.0
687,68850a547b3c97d19cf78959,Prompt 121,True,0.74,245.6,64.0,1380000000.0,1215000000.0,6810501120.0,0.39,1900-01-01 13:03:16,333,4,0.9787234042553191,1.0
688,68850a557b3c97d19cf7895a,Prompt 121,True,0.74,245.6,64.0,1380000000.0,1215000000.0,6810501120.0,0.39,1900-01-01 13:03:17,333,5,0.9787234042553191,1.0
689,68850a557b3c97d19cf7895b,Prompt 121,True,0.74,245.6,64.0,1380000000.0,1215000000.0,6810501120.0,0.39,1900-01-01 13:03:17,334,6,0.9787234042553191,1.0
690,68850a567b3c97d19cf7895c,Prompt 121,True,0.74,245.6,64.0,1380000000.0,1215000000.0,6810501120.0,0.39,1900-01-01 13:03:18,334,7,0.9787234042553191,1.0
691,68850a567b3c97d19cf7895d,Prompt 121,True,0.74,245.6,64.0,1380000000.0,1215000000.0,6810501120.0,0.39,1900-01-01 13:03:18,335,8,0.9787234042553191,1.0
692,68850a577b3c97d19cf7895e,Prompt 121,True,0.74,245.6,64.0,1380000000.0,1215000000.0,6810501120.0,0.39,1900-01-01 13:03:19,335,9,0.9787234042553191,1.0
693,68850a577b3c97d19cf7895f,Prompt 121,True,0.74,245.6,64.0,1380000000.0,1215000000.0,6810501120.0,0.39,1900-01-01 13:03:19,336,10,0.9787234042553191,1.0
694,68850a587b3c97d19cf78960,Prompt 121,True,0.74,245.6,64.0,1380000000.0,1215000000.0,6810501120.0,0.39,1900-01-01 13:03:20,337,11,0.9787234042553191,1.0
695,68850a587b3c97d19cf78961,Prompt 121,True,0.74,245.6,64.0,1380000000.0,1215000000.0,6810501120.0,0.39,1900-01-01 13:03:20,337,12,0.9787234042553191,1.0
696,68850a587b3c97d19cf78962,,True,,,,,,,,1900-01-01 13:03:20,,,,
697,68850a597b3c97d19cf78963,Prompt 122,True,0.74,245.6,64.0,1380000000.0,1215000000.0,6810501120.0,0.39,1900-01-01 13:03:21,338,1,0.9787234042553191,1.0
698,68850a5a7b3c97d19cf78964,Prompt 122,True,0.74,245.6,64.0,1380000000.0,1215000000.0,6810501120.0,0.39,1900-01-01 13:03:22,339,2,0.9787234042553191,1.0
699,68850a5a7b3c97d19cf78965,Prompt 122,True,0.74,243.41,65.0,1395000000.0,1215000000.0,6810501120.0,0.39,1900-01-01 13:03:22,339,3,0.9893617021276596,1.0
700,68850a5b7b3c97d19cf78966,Prompt 122,True,0.74,243.41,65.0,1395000000.0,1215000000.0,6810501120.0,0.39,1900-01-01 13:03:23,340,4,0.9893617021276596,1.0
701,68850a5b7b3c97d19cf78967,Prompt 122,True,0.74,243.41,65.0,1395000000.0,1215000000.0,6810501120.0,0.39,1900-01-01 13:03:23,340,5,0.9893617021276596,1.0
702,68850a5c7b3c97d19cf78968,Prompt 122,True,0.74,243.41,65.0,1395000000.0,1215000000.0,6810501120.0,0.39,1900-01-01 13:03:24,341,6,0.9893617021276596,1.0
703,68850a5d7b3c97d19cf78969,Prompt 122,True,0.74,243.41,65.0,1395000000.0,1215000000.0,6810501120.0,0.39,1900-01-01 13:03:25,342,7,0.9893617021276596,1.0
704,68850a5d7b3c97d19cf7896a,Prompt 122,True,0.74,243.41,65.0,1395000000.0,1215000000.0,6810501120.0,0.39,1900-01-01 13:03:25,342,8,0.9893617021276596,1.0
705,68850a5e7b3c97d19cf7896b,Prompt 122,True,0.74,243.41,65.0,1395000000.0,1215000000.0,6810501120.0,0.39,1900-01-01 13:03:26,343,9,0.9893617021276596,1.0
706,68850a5e7b3c97d19cf7896c,Prompt 122,True,0.74,243.41,65.0,1395000000.0,1215000000.0,6810501120.0,0.39,1900-01-01 13:03:26,343,10,0.9893617021276596,1.0
707,68850a5e7b3c97d19cf7896d,,True,,,,,,,,1900-01-01 13:03:26,,,,
708,68850a5f7b3c97d19cf7896e,Prompt 123,True,0.74,243.41,65.0,1395000000.0,1215000000.0,6810501120.0,0.39,1900-01-01 13:03:27,344,1,0.9893617021276596,1.0
709,68850a5f7b3c97d19cf7896f,Prompt 123,True,0.74,243.41,65.0,1395000000.0,1215000000.0,6810501120.0,0.39,1900-01-01 13:03:27,344,2,0.9893617021276596,1.0
710,68850a607b3c97d19cf78970,Prompt 123,True,0.74,243.41,65.0,1395000000.0,1215000000.0,6810501120.0,0.39,1900-01-01 13:03:28,345,3,0.9893617021276596,1.0
711,68850a607b3c97d19cf78971,Prompt 123,True,0.74,243.41,65.0,1395000000.0,1215000000.0,6810501120.0,0.39,1900-01-01 13:03:28,345,4,0.9893617021276596,1.0
712,68850a617b3c97d19cf78972,Prompt 123,True,0.74,243.41,65.0,1395000000.0,1215000000.0,6810501120.0,0.39,1900-01-01 13:03:29,346,5,0.9893617021276596,1.0
713,68850a617b3c97d19cf78973,Prompt 123,True,0.74,243.41,65.0,1395000000.0,1215000000.0,6810501120.0,0.39,1900-01-01 13:03:29,346,6,0.9893617021276596,1.0
714,68850a627b3c97d19cf78974,Prompt 123,True,0.74,243.41,65.0,1395000000.0,1215000000.0,6810501120.0,0.39,1900-01-01 13:03:30,347,7,0.9893617021276596,1.0
715,68850a637b3c97d19cf78975,Prompt 123,True,0.74,243.41,65.0,1395000000.0,1215000000.0,6810501120.0,0.39,1900-01-01 13:03:31,347,8,0.9893617021276596,1.0
716,68850a637b3c97d19cf78976,Prompt 123,True,0.74,243.41,65.0,1395000000.0,1215000000.0,6810501120.0,0.39,1900-01-01 13:03:31,348,9,0.9893617021276596,1.0
717,68850a637b3c97d19cf78977,,True,,,,,,,,1900-01-01 13:03:31,,,,
718,68850a647b3c97d19cf78978,Prompt 124,True,0.74,243.41,65.0,1395000000.0,1215000000.0,6810501120.0,0.39,1900-01-01 13:03:32,349,1,0.9893617021276596,1.0
719,68850a647b3c97d19cf78979,Prompt 124,True,0.74,243.41,65.0,1395000000.0,1215000000.0,6810501120.0,0.39,1900-01-01 13:03:32,349,2,0.9893617021276596,1.0
720,68850a657b3c97d19cf7897a,Prompt 124,True,0.74,243.41,65.0,1395000000.0,1215000000.0,6810501120.0,0.39,1900-01-01 13:03:33,350,3,0.9893617021276596,1.0
721,68850a657b3c97d19cf7897b,Prompt 124,True,0.74,243.41,65.0,1395000000.0,1215000000.0,6810501120.0,0.39,1900-01-01 13:03:33,350,4,0.9893617021276596,1.0
722,68850a667b3c97d19cf7897c,Prompt 124,True,0.74,243.41,65.0,1395000000.0,1215000000.0,6810501120.0,0.39,1900-01-01 13:03:34,351,5,0.9893617021276596,1.0
723,68850a677b3c97d19cf7897d,Prompt 124,True,0.74,243.41,65.0,1395000000.0,1215000000.0,6810501120.0,0.39,1900-01-01 13:03:35,352,6,0.9893617021276596,1.0
724,68850a677b3c97d19cf7897e,Prompt 124,True,0.74,243.41,65.0,1395000000.0,1215000000.0,6810501120.0,0.39,1900-01-01 13:03:35,352,7,0.9893617021276596,1.0
725,68850a687b3c97d19cf7897f,Prompt 124,True,0.74,243.41,65.0,1395000000.0,1215000000.0,6810501120.0,0.39,1900-01-01 13:03:36,353,8,0.9893617021276596,1.0
726,68850a687b3c97d19cf78980,Prompt 124,True,0.74,243.41,65.0,1395000000.0,1215000000.0,6810501120.0,0.39,1900-01-01 13:03:36,353,9,0.9893617021276596,1.0
727,68850a697b3c97d19cf78981,Prompt 124,True,0.74,243.41,65.0,1395000000.0,1215000000.0,6810501120.0,0.4,1900-01-01 13:03:37,354,10,0.9893617021276596,1.0
728,68850a697b3c97d19cf78982,Prompt 124,True,0.78,244.4,66.0,1395000000.0,1215000000.0,6810501120.0,0.4,1900-01-01 13:03:37,354,11,0.9893617021276596,1.0
729,68850a697b3c97d19cf78983,,True,,,,,,,,1900-01-01 13:03:37,,,,
730,68850a6a7b3c97d19cf78984,Prompt 125,True,0.78,244.4,66.0,1395000000.0,1215000000.0,6810501120.0,0.4,1900-01-01 13:03:38,355,1,0.9893617021276596,1.0
731,68850a6b7b3c97d19cf78985,Prompt 125,True,0.78,244.4,66.0,1395000000.0,1215000000.0,6810501120.0,0.4,1900-01-01 13:03:39,356,2,0.9893617021276596,1.0
732,68850a6b7b3c97d19cf78986,Prompt 125,True,0.78,244.4,66.0,1395000000.0,1215000000.0,6810501120.0,0.4,1900-01-01 13:03:39,356,3,0.9893617021276596,1.0
733,68850a6c7b3c97d19cf78987,Prompt 125,True,0.78,244.4,66.0,1395000000.0,1215000000.0,6810501120.0,0.4,1900-01-01 13:03:40,357,4,0.9893617021276596,1.0
734,68850a6c7b3c97d19cf78988,Prompt 125,True,0.78,244.4,66.0,1395000000.0,1215000000.0,6810501120.0,0.4,1900-01-01 13:03:40,357,5,0.9893617021276596,1.0
735,68850a6d7b3c97d19cf78989,Prompt 125,True,0.78,244.4,66.0,1395000000.0,1215000000.0,6810501120.0,0.4,1900-01-01 13:03:41,358,6,0.9893617021276596,1.0
736,68850a6d7b3c97d19cf7898a,Prompt 125,True,0.78,244.4,66.0,1395000000.0,1215000000.0,6810501120.0,0.4,1900-01-01 13:03:41,358,7,0.9893617021276596,1.0
737,68850a6e7b3c97d19cf7898b,Prompt 125,True,0.78,244.4,66.0,1395000000.0,1215000000.0,6810501120.0,0.4,1900-01-01 13:03:42,359,8,0.9893617021276596,1.0
738,68850a6e7b3c97d19cf7898c,Prompt 125,True,0.78,244.4,66.0,1395000000.0,1215000000.0,6810501120.0,0.4,1900-01-01 13:03:42,359,9,0.9893617021276596,1.0
739,68850a6f7b3c97d19cf7898d,Prompt 125,True,0.78,244.4,66.0,1395000000.0,1215000000.0,6810501120.0,0.4,1900-01-01 13:03:43,360,10,0.9893617021276596,1.0
740,68850a707b3c97d19cf7898e,Prompt 125,True,0.78,244.4,66.0,1395000000.0,1215000000.0,6810501120.0,0.4,1900-01-01 13:03:44,360,11,0.9893617021276596,1.0
741,68850a707b3c97d19cf7898f,,True,,,,,,,,1900-01-01 13:03:44,,,,
742,68850a707b3c97d19cf78990,Prompt 126,True,0.78,244.4,66.0,1395000000.0,1215000000.0,6810501120.0,0.4,1900-01-01 13:03:44,361,1,0.9893617021276596,1.0
743,68850a717b3c97d19cf78991,Prompt 126,True,0.78,244.4,66.0,1395000000.0,1215000000.0,6810501120.0,0.4,1900-01-01 13:03:45,362,2,0.9893617021276596,1.0
744,68850a717b3c97d19cf78992,Prompt 126,True,0.78,244.4,66.0,1395000000.0,1215000000.0,6810501120.0,0.4,1900-01-01 13:03:45,362,3,0.9893617021276596,1.0
745,68850a727b3c97d19cf78993,Prompt 126,True,0.78,244.4,66.0,1395000000.0,1215000000.0,6810501120.0,0.4,1900-01-01 13:03:46,363,4,0.9893617021276596,1.0
746,68850a727b3c97d19cf78994,Prompt 126,True,0.78,244.4,66.0,1395000000.0,1215000000.0,6810501120.0,0.4,1900-01-01 13:03:46,363,5,0.9893617021276596,1.0
747,68850a737b3c97d19cf78995,Prompt 126,True,0.78,244.4,66.0,1395000000.0,1215000000.0,6810501120.0,0.4,1900-01-01 13:03:47,364,6,0.9893617021276596,1.0
748,68850a737b3c97d19cf78996,Prompt 126,True,0.78,244.4,66.0,1395000000.0,1215000000.0,6810501120.0,0.4,1900-01-01 13:03:47,364,7,0.9893617021276596,1.0
749,68850a747b3c97d19cf78997,Prompt 126,True,0.78,244.4,66.0,1395000000.0,1215000000.0,6810501120.0,0.4,1900-01-01 13:03:48,365,8,0.9893617021276596,1.0
750,68850a747b3c97d19cf78998,Prompt 126,True,0.78,244.4,66.0,1395000000.0,1215000000.0,6810501120.0,0.4,1900-01-01 13:03:48,365,9,0.9893617021276596,1.0
751,68850a757b3c97d19cf78999,Prompt 126,True,0.78,244.4,66.0,1395000000.0,1215000000.0,6810501120.0,0.4,1900-01-01 13:03:49,366,10,0.9893617021276596,1.0
752,68850a757b3c97d19cf7899a,,True,,,,,,,,1900-01-01 13:03:49,,,,
753,68850a767b3c97d19cf7899b,Prompt 127,True,0.78,244.4,66.0,1395000000.0,1215000000.0,6810501120.0,0.4,1900-01-01 13:03:50,367,1,0.9893617021276596,1.0
754,68850a767b3c97d19cf7899c,Prompt 127,True,0.78,244.4,66.0,1395000000.0,1215000000.0,6810501120.0,0.4,1900-01-01 13:03:50,367,2,0.9893617021276596,1.0
755,68850a777b3c97d19cf7899d,Prompt 127,True,0.78,244.4,66.0,1395000000.0,1215000000.0,6810501120.0,0.4,1900-01-01 13:03:51,368,3,0.9893617021276596,1.0
756,68850a787b3c97d19cf7899e,Prompt 127,True,0.78,244.4,66.0,1395000000.0,1215000000.0,6810501120.0,0.4,1900-01-01 13:03:52,369,4,0.9893617021276596,1.0
757,68850a787b3c97d19cf7899f,Prompt 127,True,0.74,245.15,65.0,1410000000.0,1215000000.0,6810501120.0,0.38,1900-01-01 13:03:52,369,5,1.0,1.0
758,68850a797b3c97d19cf789a0,Prompt 127,True,0.74,245.15,65.0,1410000000.0,1215000000.0,6810501120.0,0.38,1900-01-01 13:03:53,370,6,1.0,1.0
759,68850a7b7b3c97d19cf789a1,Prompt 127,True,0.74,245.15,65.0,1410000000.0,1215000000.0,6810501120.0,0.38,1900-01-01 13:03:55,372,7,1.0,1.0
760,68850a7b7b3c97d19cf789a2,,True,,,,,,,,1900-01-01 13:03:55,,,,
761,68850a7c7b3c97d19cf789a3,Prompt 128,True,0.74,245.15,65.0,1410000000.0,1215000000.0,6810501120.0,0.38,1900-01-01 13:03:56,373,1,1.0,1.0
762,68850a7c7b3c97d19cf789a4,Prompt 128,True,0.74,245.15,65.0,1410000000.0,1215000000.0,6810501120.0,0.38,1900-01-01 13:03:56,373,2,1.0,1.0
763,68850a7d7b3c97d19cf789a5,Prompt 128,True,0.74,245.15,65.0,1410000000.0,1215000000.0,6810501120.0,0.38,1900-01-01 13:03:57,374,3,1.0,1.0
764,68850a7d7b3c97d19cf789a6,Prompt 128,True,0.74,245.15,65.0,1410000000.0,1215000000.0,6810501120.0,0.38,1900-01-01 13:03:57,374,4,1.0,1.0
765,68850a7e7b3c97d19cf789a7,Prompt 128,True,0.74,245.15,65.0,1410000000.0,1215000000.0,6810501120.0,0.38,1900-01-01 13:03:58,375,5,1.0,1.0
766,68850a7e7b3c97d19cf789a8,Prompt 128,True,0.74,245.15,65.0,1410000000.0,1215000000.0,6810501120.0,0.38,1900-01-01 13:03:58,375,6,1.0,1.0
767,68850a7f7b3c97d19cf789a9,Prompt 128,True,0.74,245.15,65.0,1410000000.0,1215000000.0,6810501120.0,0.38,1900-01-01 13:03:59,376,7,1.0,1.0
768,68850a7f7b3c97d19cf789aa,,True,,,,,,,,1900-01-01 13:03:59,,,,
769,68850a807b3c97d19cf789ab,Prompt 129,True,0.74,245.15,65.0,1410000000.0,1215000000.0,6810501120.0,0.38,1900-01-01 13:04:00,377,1,1.0,1.0
770,68850a807b3c97d19cf789ac,Prompt 129,True,0.74,245.15,65.0,1410000000.0,1215000000.0,6810501120.0,0.38,1900-01-01 13:04:00,377,2,1.0,1.0
771,68850a817b3c97d19cf789ad,Prompt 129,True,0.74,245.15,65.0,1410000000.0,1215000000.0,6810501120.0,0.38,1900-01-01 13:04:01,378,3,1.0,1.0
772,68850a817b3c97d19cf789ae,Prompt 129,True,0.74,245.15,65.0,1410000000.0,1215000000.0,6810501120.0,0.38,1900-01-01 13:04:01,378,4,1.0,1.0
773,68850a827b3c97d19cf789af,Prompt 129,True,0.74,245.15,65.0,1410000000.0,1215000000.0,6810501120.0,0.38,1900-01-01 13:04:02,379,5,1.0,1.0
774,68850a827b3c97d19cf789b0,Prompt 129,True,0.74,245.15,65.0,1410000000.0,1215000000.0,6810501120.0,0.38,1900-01-01 13:04:02,379,6,1.0,1.0
775,68850a837b3c97d19cf789b1,Prompt 129,True,0.74,245.15,65.0,1410000000.0,1215000000.0,6810501120.0,0.38,1900-01-01 13:04:03,380,7,1.0,1.0
776,68850a847b3c97d19cf789b2,Prompt 129,True,0.74,245.15,65.0,1410000000.0,1215000000.0,6810501120.0,0.38,1900-01-01 13:04:04,380,8,1.0,1.0
777,68850a847b3c97d19cf789b3,Prompt 129,True,0.74,245.15,65.0,1410000000.0,1215000000.0,6810501120.0,0.38,1900-01-01 13:04:04,381,9,1.0,1.0
778,68850a847b3c97d19cf789b4,,True,,,,,,,,1900-01-01 13:04:04,,,,
779,68850a857b3c97d19cf789b5,Prompt 130,True,0.74,245.15,65.0,1410000000.0,1215000000.0,6810501120.0,0.38,1900-01-01 13:04:05,382,1,1.0,1.0
780,68850a857b3c97d19cf789b6,Prompt 130,True,0.74,245.15,65.0,1410000000.0,1215000000.0,6810501120.0,0.38,1900-01-01 13:04:05,382,2,1.0,1.0
781,68850a867b3c97d19cf789b7,Prompt 130,True,0.74,245.15,65.0,1410000000.0,1215000000.0,6810501120.0,0.38,1900-01-01 13:04:06,383,3,1.0,1.0
782,68850a867b3c97d19cf789b8,Prompt 130,True,0.74,245.15,65.0,1410000000.0,1215000000.0,6810501120.0,0.38,1900-01-01 13:04:06,383,4,1.0,1.0
783,68850a877b3c97d19cf789b9,Prompt 130,True,0.74,245.15,65.0,1410000000.0,1215000000.0,6810501120.0,0.38,1900-01-01 13:04:07,384,5,1.0,1.0
784,68850a877b3c97d19cf789ba,Prompt 130,True,0.75,241.06,65.0,1395000000.0,1215000000.0,6810501120.0,0.38,1900-01-01 13:04:07,384,6,0.9893617021276596,1.0
785,68850a887b3c97d19cf789bb,Prompt 130,True,0.75,241.06,65.0,1395000000.0,1215000000.0,6810501120.0,0.38,1900-01-01 13:04:08,385,7,0.9893617021276596,1.0
786,68850a897b3c97d19cf789bc,Prompt 130,True,0.75,241.06,65.0,1395000000.0,1215000000.0,6810501120.0,0.38,1900-01-01 13:04:09,386,8,0.9893617021276596,1.0
787,68850a897b3c97d19cf789bd,Prompt 130,True,0.75,241.06,65.0,1395000000.0,1215000000.0,6810501120.0,0.38,1900-01-01 13:04:09,386,9,0.9893617021276596,1.0
788,68850a8a7b3c97d19cf789be,Prompt 130,True,0.75,241.06,65.0,1395000000.0,1215000000.0,6810501120.0,0.38,1900-01-01 13:04:10,387,10,0.9893617021276596,1.0
789,68850a8a7b3c97d19cf789bf,,True,,,,,,,,1900-01-01 13:04:10,,,,
790,68850a8a7b3c97d19cf789c0,Prompt 131,True,0.75,241.06,65.0,1395000000.0,1215000000.0,6810501120.0,0.38,1900-01-01 13:04:10,387,1,0.9893617021276596,1.0
791,68850a8b7b3c97d19cf789c1,Prompt 131,True,0.75,241.06,65.0,1395000000.0,1215000000.0,6810501120.0,0.38,1900-01-01 13:04:11,388,2,0.9893617021276596,1.0
792,68850a8b7b3c97d19cf789c2,Prompt 131,True,0.75,241.06,65.0,1395000000.0,1215000000.0,6810501120.0,0.38,1900-01-01 13:04:11,388,3,0.9893617021276596,1.0
793,68850a8c7b3c97d19cf789c3,Prompt 131,True,0.75,241.06,65.0,1395000000.0,1215000000.0,6810501120.0,0.38,1900-01-01 13:04:12,389,4,0.9893617021276596,1.0
794,68850a8d7b3c97d19cf789c4,Prompt 131,True,0.75,241.06,65.0,1395000000.0,1215000000.0,6810501120.0,0.38,1900-01-01 13:04:13,389,5,0.9893617021276596,1.0
795,68850a8d7b3c97d19cf789c5,Prompt 131,True,0.75,241.06,65.0,1395000000.0,1215000000.0,6810501120.0,0.38,1900-01-01 13:04:13,390,6,0.9893617021276596,1.0
796,68850a8e7b3c97d19cf789c6,Prompt 131,True,0.75,241.06,65.0,1395000000.0,1215000000.0,6810501120.0,0.38,1900-01-01 13:04:14,390,7,0.9893617021276596,1.0
797,68850a8e7b3c97d19cf789c7,Prompt 131,True,0.75,241.06,65.0,1395000000.0,1215000000.0,6810501120.0,0.38,1900-01-01 13:04:14,391,8,0.9893617021276596,1.0
798,68850a8f7b3c97d19cf789c8,Prompt 131,True,0.75,241.06,65.0,1395000000.0,1215000000.0,6810501120.0,0.38,1900-01-01 13:04:15,392,9,0.9893617021276596,1.0
799,68850a8f7b3c97d19cf789c9,,True,,,,,,,,1900-01-01 13:04:15,,,,
800,68850a8f7b3c97d19cf789ca,Prompt 132,True,0.75,241.06,65.0,1395000000.0,1215000000.0,6810501120.0,0.38,1900-01-01 13:04:15,392,1,0.9893617021276596,1.0
801,68850a907b3c97d19cf789cb,Prompt 132,True,0.75,241.06,65.0,1395000000.0,1215000000.0,6810501120.0,0.38,1900-01-01 13:04:16,393,2,0.9893617021276596,1.0
802,68850a907b3c97d19cf789cc,Prompt 132,True,0.75,241.06,65.0,1395000000.0,1215000000.0,6810501120.0,0.38,1900-01-01 13:04:16,393,3,0.9893617021276596,1.0
803,68850a917b3c97d19cf789cd,Prompt 132,True,0.75,241.06,65.0,1395000000.0,1215000000.0,6810501120.0,0.38,1900-01-01 13:04:17,394,4,0.9893617021276596,1.0
804,68850a917b3c97d19cf789ce,Prompt 132,True,0.75,241.06,65.0,1395000000.0,1215000000.0,6810501120.0,0.38,1900-01-01 13:04:17,394,5,0.9893617021276596,1.0
805,68850a927b3c97d19cf789cf,Prompt 132,True,0.75,241.06,65.0,1395000000.0,1215000000.0,6810501120.0,0.38,1900-01-01 13:04:18,395,6,0.9893617021276596,1.0
806,68850a937b3c97d19cf789d0,Prompt 132,True,0.75,241.06,65.0,1395000000.0,1215000000.0,6810501120.0,0.38,1900-01-01 13:04:19,395,7,0.9893617021276596,1.0
807,68850a937b3c97d19cf789d1,Prompt 132,True,0.75,241.06,65.0,1395000000.0,1215000000.0,6810501120.0,0.38,1900-01-01 13:04:19,396,8,0.9893617021276596,1.0
808,68850a947b3c97d19cf789d2,Prompt 132,True,0.75,241.06,65.0,1395000000.0,1215000000.0,6810501120.0,0.38,1900-01-01 13:04:20,397,9,0.9893617021276596,1.0
809,68850a947b3c97d19cf789d3,Prompt 132,True,0.75,241.06,65.0,1395000000.0,1215000000.0,6810501120.0,0.38,1900-01-01 13:04:20,397,10,0.9893617021276596,1.0
810,68850a957b3c97d19cf789d4,Prompt 132,True,0.75,241.06,65.0,1395000000.0,1215000000.0,6810501120.0,0.38,1900-01-01 13:04:21,398,11,0.9893617021276596,1.0
811,68850a957b3c97d19cf789d5,Prompt 132,True,0.75,241.06,65.0,1395000000.0,1215000000.0,6810501120.0,0.38,1900-01-01 13:04:21,398,12,0.9893617021276596,1.0
812,68850a957b3c97d19cf789d6,,True,,,,,,,,1900-01-01 13:04:21,,,,
813,68850a967b3c97d19cf789d7,Prompt 133,True,0.75,241.06,65.0,1410000000.0,1215000000.0,6810501120.0,0.11,1900-01-01 13:04:22,399,1,1.0,1.0
814,68850a977b3c97d19cf789d8,Prompt 133,True,0.24,262.66,63.0,1410000000.0,1215000000.0,6810501120.0,0.11,1900-01-01 13:04:23,399,2,1.0,1.0
815,68850a977b3c97d19cf789d9,Prompt 133,True,0.24,262.66,63.0,1410000000.0,1215000000.0,6810501120.0,0.11,1900-01-01 13:04:23,400,3,1.0,1.0
816,68850a987b3c97d19cf789da,Prompt 133,True,0.24,262.66,63.0,1410000000.0,1215000000.0,6810501120.0,0.11,1900-01-01 13:04:24,401,4,1.0,1.0
817,68850a987b3c97d19cf789db,Prompt 133,True,0.24,262.66,63.0,1410000000.0,1215000000.0,6810501120.0,0.11,1900-01-01 13:04:24,401,5,1.0,1.0
818,68850a997b3c97d19cf789dc,Prompt 133,True,0.24,262.66,63.0,1410000000.0,1215000000.0,6810501120.0,0.11,1900-01-01 13:04:25,402,6,1.0,1.0
819,68850a9a7b3c97d19cf789dd,Prompt 133,True,0.24,262.66,63.0,1410000000.0,1215000000.0,6810501120.0,0.11,1900-01-01 13:04:26,402,7,1.0,1.0
820,68850a9a7b3c97d19cf789de,Prompt 133,True,0.24,262.66,63.0,1410000000.0,1215000000.0,6810501120.0,0.11,1900-01-01 13:04:26,403,8,1.0,1.0
821,68850a9b7b3c97d19cf789df,Prompt 133,True,0.24,262.66,63.0,1410000000.0,1215000000.0,6810501120.0,0.11,1900-01-01 13:04:27,404,9,1.0,1.0
822,68850a9b7b3c97d19cf789e0,Prompt 133,True,0.24,262.66,63.0,1410000000.0,1215000000.0,6810501120.0,0.11,1900-01-01 13:04:27,404,10,1.0,1.0
823,68850a9c7b3c97d19cf789e1,Prompt 133,True,0.24,262.66,63.0,1410000000.0,1215000000.0,6810501120.0,0.11,1900-01-01 13:04:28,405,11,1.0,1.0
824,68850a9c7b3c97d19cf789e2,,True,,,,,,,,1900-01-01 13:04:27,,,,
825,68850a9c7b3c97d19cf789e3,Prompt 134,True,0.24,262.66,63.0,1410000000.0,1215000000.0,6810501120.0,0.11,1900-01-01 13:04:28,405,1,1.0,1.0
826,68850a9d7b3c97d19cf789e4,Prompt 134,True,0.24,262.66,63.0,1410000000.0,1215000000.0,6810501120.0,0.11,1900-01-01 13:04:29,406,2,1.0,1.0
827,68850a9e7b3c97d19cf789e5,Prompt 134,True,0.24,262.66,63.0,1410000000.0,1215000000.0,6810501120.0,0.11,1900-01-01 13:04:30,407,3,1.0,1.0
828,68850a9e7b3c97d19cf789e6,Prompt 134,True,0.24,262.66,63.0,1410000000.0,1215000000.0,6810501120.0,0.11,1900-01-01 13:04:30,407,4,1.0,1.0
829,68850a9f7b3c97d19cf789e7,Prompt 134,True,0.24,262.66,63.0,1410000000.0,1215000000.0,6810501120.0,0.11,1900-01-01 13:04:31,408,5,1.0,1.0
830,68850a9f7b3c97d19cf789e8,Prompt 134,True,0.24,262.66,63.0,1410000000.0,1215000000.0,6810501120.0,0.11,1900-01-01 13:04:31,408,6,1.0,1.0
831,68850aa07b3c97d19cf789e9,Prompt 134,True,0.24,262.66,63.0,1410000000.0,1215000000.0,6810501120.0,0.11,1900-01-01 13:04:32,409,7,1.0,1.0
832,68850aa17b3c97d19cf789ea,Prompt 134,True,0.24,262.66,63.0,1410000000.0,1215000000.0,6810501120.0,0.11,1900-01-01 13:04:33,409,8,1.0,1.0
833,68850aa17b3c97d19cf789eb,Prompt 134,True,0.24,262.66,63.0,1410000000.0,1215000000.0,6810501120.0,0.11,1900-01-01 13:04:33,410,9,1.0,1.0
834,68850aa27b3c97d19cf789ec,Prompt 134,True,0.24,262.66,63.0,1410000000.0,1215000000.0,6810501120.0,0.11,1900-01-01 13:04:34,411,10,1.0,1.0
835,68850aa27b3c97d19cf789ed,Prompt 134,True,0.24,262.66,63.0,1410000000.0,1215000000.0,6810501120.0,0.11,1900-01-01 13:04:34,411,11,1.0,1.0
836,68850aa37b3c97d19cf789ee,Prompt 134,True,0.24,262.66,63.0,1410000000.0,1215000000.0,6810501120.0,0.11,1900-01-01 13:04:35,412,12,1.0,1.0
837,68850aa37b3c97d19cf789ef,,True,,,,,,,,1900-01-01 13:04:35,,,,
838,68850aa37b3c97d19cf789f0,Prompt 135,True,0.24,262.66,63.0,1410000000.0,1215000000.0,6810501120.0,0.11,1900-01-01 13:04:35,412,1,1.0,1.0
839,68850aa47b3c97d19cf789f1,Prompt 135,True,0.24,262.66,63.0,1410000000.0,1215000000.0,6810501120.0,0.11,1900-01-01 13:04:36,413,2,1.0,1.0
840,68850aa57b3c97d19cf789f2,Prompt 135,True,0.24,262.66,63.0,1410000000.0,1215000000.0,6810501120.0,0.11,1900-01-01 13:04:37,413,3,1.0,1.0
841,68850aa57b3c97d19cf789f3,Prompt 135,True,0.24,234.72,65.0,1395000000.0,1215000000.0,6810501120.0,0.39,1900-01-01 13:04:37,414,4,0.9893617021276596,1.0
842,68850aa67b3c97d19cf789f4,Prompt 135,True,0.74,234.72,65.0,1395000000.0,1215000000.0,6810501120.0,0.39,1900-01-01 13:04:38,415,5,0.9893617021276596,1.0
843,68850aa67b3c97d19cf789f5,Prompt 135,True,0.74,234.72,65.0,1395000000.0,1215000000.0,6810501120.0,0.39,1900-01-01 13:04:38,415,6,0.9893617021276596,1.0
844,68850aa77b3c97d19cf789f6,Prompt 135,True,0.74,234.72,65.0,1395000000.0,1215000000.0,6810501120.0,0.39,1900-01-01 13:04:39,416,7,0.9893617021276596,1.0
845,68850aa87b3c97d19cf789f7,Prompt 135,True,0.74,234.72,65.0,1395000000.0,1215000000.0,6810501120.0,0.39,1900-01-01 13:04:40,417,8,0.9893617021276596,1.0
846,68850aa87b3c97d19cf789f8,,True,,,,,,,,1900-01-01 13:04:39,,,,
847,68850aa87b3c97d19cf789f9,Prompt 136,True,0.74,234.72,65.0,1395000000.0,1215000000.0,6810501120.0,0.39,1900-01-01 13:04:40,417,1,0.9893617021276596,1.0
848,68850aa97b3c97d19cf789fa,Prompt 136,True,0.74,234.72,65.0,1395000000.0,1215000000.0,6810501120.0,0.39,1900-01-01 13:04:41,418,2,0.9893617021276596,1.0
849,68850aa97b3c97d19cf789fb,Prompt 136,True,0.74,234.72,65.0,1395000000.0,1215000000.0,6810501120.0,0.39,1900-01-01 13:04:41,418,3,0.9893617021276596,1.0
850,68850aaa7b3c97d19cf789fc,Prompt 136,True,0.74,234.72,65.0,1395000000.0,1215000000.0,6810501120.0,0.39,1900-01-01 13:04:42,419,4,0.9893617021276596,1.0
851,68850aab7b3c97d19cf789fd,Prompt 136,True,0.74,234.72,65.0,1395000000.0,1215000000.0,6810501120.0,0.39,1900-01-01 13:04:43,419,5,0.9893617021276596,1.0
852,68850aab7b3c97d19cf789fe,Prompt 136,True,0.74,234.72,65.0,1395000000.0,1215000000.0,6810501120.0,0.39,1900-01-01 13:04:43,420,6,0.9893617021276596,1.0
853,68850aac7b3c97d19cf789ff,Prompt 136,True,0.74,234.72,65.0,1395000000.0,1215000000.0,6810501120.0,0.39,1900-01-01 13:04:44,421,7,0.9893617021276596,1.0
854,68850aac7b3c97d19cf78a00,Prompt 136,True,0.74,234.72,65.0,1395000000.0,1215000000.0,6810501120.0,0.39,1900-01-01 13:04:44,421,8,0.9893617021276596,1.0
855,68850aac7b3c97d19cf78a01,,True,,,,,,,,1900-01-01 13:04:44,,,,
856,68850aad7b3c97d19cf78a02,Prompt 137,True,0.74,234.72,65.0,1395000000.0,1215000000.0,6810501120.0,0.39,1900-01-01 13:04:45,422,1,0.9893617021276596,1.0
857,68850aae7b3c97d19cf78a03,Prompt 137,True,0.74,234.72,65.0,1395000000.0,1215000000.0,6810501120.0,0.39,1900-01-01 13:04:46,423,2,0.9893617021276596,1.0
858,68850aaf7b3c97d19cf78a04,Prompt 137,True,0.74,234.72,65.0,1395000000.0,1215000000.0,6810501120.0,0.39,1900-01-01 13:04:47,424,3,0.9893617021276596,1.0
859,68850ab07b3c97d19cf78a05,Prompt 137,True,0.74,234.72,65.0,1395000000.0,1215000000.0,6810501120.0,0.39,1900-01-01 13:04:48,425,4,0.9893617021276596,1.0
860,68850ab07b3c97d19cf78a06,,True,,,,,,,,1900-01-01 13:04:48,,,,
861,68850ab17b3c97d19cf78a07,Prompt 138,True,0.74,234.72,65.0,1395000000.0,1215000000.0,6810501120.0,0.39,1900-01-01 13:04:49,426,1,0.9893617021276596,1.0
862,68850ab27b3c97d19cf78a08,Prompt 138,True,0.74,234.72,65.0,1395000000.0,1215000000.0,6810501120.0,0.39,1900-01-01 13:04:50,426,2,0.9893617021276596,1.0
863,68850ab27b3c97d19cf78a09,Prompt 138,True,0.74,234.72,65.0,1395000000.0,1215000000.0,6810501120.0,0.39,1900-01-01 13:04:50,427,3,0.9893617021276596,1.0
864,68850ab37b3c97d19cf78a0a,Prompt 138,True,0.74,234.72,65.0,1395000000.0,1215000000.0,6810501120.0,0.39,1900-01-01 13:04:51,427,4,0.9893617021276596,1.0
865,68850ab37b3c97d19cf78a0b,Prompt 138,True,0.74,234.72,65.0,1395000000.0,1215000000.0,6810501120.0,0.39,1900-01-01 13:04:51,428,5,0.9893617021276596,1.0
866,68850ab47b3c97d19cf78a0c,Prompt 138,True,0.74,234.72,65.0,1395000000.0,1215000000.0,6810501120.0,0.39,1900-01-01 13:04:52,428,6,0.9893617021276596,1.0
867,68850ab47b3c97d19cf78a0d,Prompt 138,True,0.74,234.72,65.0,1395000000.0,1215000000.0,6810501120.0,0.37,1900-01-01 13:04:52,429,7,0.9893617021276596,1.0
868,68850ab57b3c97d19cf78a0e,Prompt 138,True,0.74,249.41,65.0,1395000000.0,1215000000.0,6810501120.0,0.37,1900-01-01 13:04:53,429,8,0.9893617021276596,1.0
869,68850ab57b3c97d19cf78a0f,Prompt 138,True,0.74,249.41,65.0,1395000000.0,1215000000.0,6810501120.0,0.37,1900-01-01 13:04:53,430,9,0.9893617021276596,1.0
870,68850ab67b3c97d19cf78a10,Prompt 138,True,0.74,249.41,65.0,1395000000.0,1215000000.0,6810501120.0,0.37,1900-01-01 13:04:54,431,10,0.9893617021276596,1.0
871,68850ab67b3c97d19cf78a11,Prompt 138,True,0.74,249.41,65.0,1395000000.0,1215000000.0,6810501120.0,0.37,1900-01-01 13:04:54,431,11,0.9893617021276596,1.0
872,68850ab77b3c97d19cf78a12,Prompt 138,True,0.74,249.41,65.0,1395000000.0,1215000000.0,6810501120.0,0.37,1900-01-01 13:04:55,432,12,0.9893617021276596,1.0
873,68850ab77b3c97d19cf78a13,,True,,,,,,,,1900-01-01 13:04:55,,,,
874,68850ab77b3c97d19cf78a14,Prompt 139,True,0.74,249.41,65.0,1395000000.0,1215000000.0,6810501120.0,0.37,1900-01-01 13:04:55,432,1,0.9893617021276596,1.0
875,68850ab87b3c97d19cf78a15,Prompt 139,True,0.74,249.41,65.0,1395000000.0,1215000000.0,6810501120.0,0.37,1900-01-01 13:04:56,433,2,0.9893617021276596,1.0
876,68850ab97b3c97d19cf78a16,Prompt 139,True,0.74,249.41,65.0,1395000000.0,1215000000.0,6810501120.0,0.37,1900-01-01 13:04:57,434,3,0.9893617021276596,1.0
877,68850ab97b3c97d19cf78a17,Prompt 139,True,0.74,249.41,65.0,1395000000.0,1215000000.0,6810501120.0,0.37,1900-01-01 13:04:57,434,4,0.9893617021276596,1.0
878,68850aba7b3c97d19cf78a18,Prompt 139,True,0.74,249.41,65.0,1395000000.0,1215000000.0,6810501120.0,0.37,1900-01-01 13:04:58,435,5,0.9893617021276596,1.0
879,68850abb7b3c97d19cf78a19,Prompt 139,True,0.74,249.41,65.0,1395000000.0,1215000000.0,6810501120.0,0.37,1900-01-01 13:04:59,436,6,0.9893617021276596,1.0
880,68850abb7b3c97d19cf78a1a,,True,,,,,,,,1900-01-01 13:04:59,,,,
881,68850abb7b3c97d19cf78a1b,Prompt 140,True,0.74,249.41,65.0,1395000000.0,1215000000.0,6810501120.0,0.37,1900-01-01 13:04:59,436,1,0.9893617021276596,1.0
882,68850abc7b3c97d19cf78a1c,Prompt 140,True,0.74,249.41,65.0,1395000000.0,1215000000.0,6810501120.0,0.37,1900-01-01 13:05:00,437,2,0.9893617021276596,1.0
883,68850abc7b3c97d19cf78a1d,Prompt 140,True,0.74,249.41,65.0,1395000000.0,1215000000.0,6810501120.0,0.37,1900-01-01 13:05:00,437,3,0.9893617021276596,1.0
884,68850abd7b3c97d19cf78a1e,Prompt 140,True,0.74,249.41,65.0,1395000000.0,1215000000.0,6810501120.0,0.37,1900-01-01 13:05:01,438,4,0.9893617021276596,1.0
885,68850abe7b3c97d19cf78a1f,Prompt 140,True,0.74,249.41,65.0,1395000000.0,1215000000.0,6810501120.0,0.37,1900-01-01 13:05:02,438,5,0.9893617021276596,1.0
886,68850abe7b3c97d19cf78a20,Prompt 140,True,0.74,249.41,65.0,1395000000.0,1215000000.0,6810501120.0,0.37,1900-01-01 13:05:02,439,6,0.9893617021276596,1.0
887,68850abf7b3c97d19cf78a21,Prompt 140,True,0.74,249.41,65.0,1395000000.0,1215000000.0,6810501120.0,0.37,1900-01-01 13:05:03,440,7,0.9893617021276596,1.0
888,68850abf7b3c97d19cf78a22,Prompt 140,True,0.74,249.41,65.0,1395000000.0,1215000000.0,6810501120.0,0.37,1900-01-01 13:05:03,440,8,0.9893617021276596,1.0
889,68850ac07b3c97d19cf78a23,Prompt 140,True,0.74,249.41,65.0,1395000000.0,1215000000.0,6810501120.0,0.37,1900-01-01 13:05:04,441,9,0.9893617021276596,1.0
890,68850ac07b3c97d19cf78a24,Prompt 140,True,0.74,249.41,65.0,1395000000.0,1215000000.0,6810501120.0,0.37,1900-01-01 13:05:04,441,10,0.9893617021276596,1.0
891,68850ac17b3c97d19cf78a25,Prompt 140,True,0.74,249.41,65.0,1395000000.0,1215000000.0,6810501120.0,0.37,1900-01-01 13:05:05,442,11,0.9893617021276596,1.0
892,68850ac17b3c97d19cf78a26,Prompt 140,True,0.74,249.41,65.0,1395000000.0,1215000000.0,6810501120.0,0.37,1900-01-01 13:05:05,442,12,0.9893617021276596,1.0
893,68850ac27b3c97d19cf78a27,Prompt 140,True,0.74,249.41,65.0,1395000000.0,1215000000.0,6810501120.0,0.37,1900-01-01 13:05:06,443,13,0.9893617021276596,1.0
894,68850ac27b3c97d19cf78a28,,True,,,,,,,,1900-01-01 13:05:06,,,,
895,68850ac37b3c97d19cf78a29,Prompt 141,True,0.74,249.41,65.0,1395000000.0,1215000000.0,6810501120.0,0.37,1900-01-01 13:05:07,444,1,0.9893617021276596,1.0
896,68850ac37b3c97d19cf78a2a,Prompt 141,True,0.74,247.99,64.0,1395000000.0,1215000000.0,6810501120.0,0.4,1900-01-01 13:05:07,444,2,0.9893617021276596,1.0
897,68850ac47b3c97d19cf78a2b,Prompt 141,True,0.75,247.99,64.0,1395000000.0,1215000000.0,6810501120.0,0.4,1900-01-01 13:05:08,445,3,0.9893617021276596,1.0
898,68850ac47b3c97d19cf78a2c,Prompt 141,True,0.75,247.99,64.0,1395000000.0,1215000000.0,6810501120.0,0.4,1900-01-01 13:05:08,445,4,0.9893617021276596,1.0
899,68850ac57b3c97d19cf78a2d,Prompt 141,True,0.75,247.99,64.0,1395000000.0,1215000000.0,6810501120.0,0.4,1900-01-01 13:05:09,446,5,0.9893617021276596,1.0
900,68850ac57b3c97d19cf78a2e,Prompt 141,True,0.75,247.99,64.0,1395000000.0,1215000000.0,6810501120.0,0.4,1900-01-01 13:05:09,446,6,0.9893617021276596,1.0
901,68850ac67b3c97d19cf78a2f,Prompt 141,True,0.75,247.99,64.0,1395000000.0,1215000000.0,6810501120.0,0.4,1900-01-01 13:05:10,447,7,0.9893617021276596,1.0
902,68850ac77b3c97d19cf78a30,Prompt 141,True,0.75,247.99,64.0,1395000000.0,1215000000.0,6810501120.0,0.4,1900-01-01 13:05:11,447,8,0.9893617021276596,1.0
903,68850ac77b3c97d19cf78a31,Prompt 141,True,0.75,247.99,64.0,1395000000.0,1215000000.0,6810501120.0,0.4,1900-01-01 13:05:11,448,9,0.9893617021276596,1.0
904,68850ac77b3c97d19cf78a32,,True,,,,,,,,1900-01-01 13:05:11,,,,
905,68850ac87b3c97d19cf78a33,Prompt 142,True,0.75,247.99,64.0,1395000000.0,1215000000.0,6810501120.0,0.4,1900-01-01 13:05:12,449,1,0.9893617021276596,1.0
906,68850ac87b3c97d19cf78a34,Prompt 142,True,0.75,247.99,64.0,1395000000.0,1215000000.0,6810501120.0,0.4,1900-01-01 13:05:12,449,2,0.9893617021276596,1.0
907,68850ac97b3c97d19cf78a35,Prompt 142,True,0.75,247.99,64.0,1395000000.0,1215000000.0,6810501120.0,0.4,1900-01-01 13:05:13,450,3,0.9893617021276596,1.0
908,68850ac97b3c97d19cf78a36,Prompt 142,True,0.75,247.99,64.0,1395000000.0,1215000000.0,6810501120.0,0.4,1900-01-01 13:05:13,450,4,0.9893617021276596,1.0
909,68850aca7b3c97d19cf78a37,Prompt 142,True,0.75,247.99,64.0,1395000000.0,1215000000.0,6810501120.0,0.4,1900-01-01 13:05:14,451,5,0.9893617021276596,1.0
910,68850acb7b3c97d19cf78a38,Prompt 142,True,0.75,247.99,64.0,1395000000.0,1215000000.0,6810501120.0,0.4,1900-01-01 13:05:15,452,6,0.9893617021276596,1.0
911,68850acb7b3c97d19cf78a39,Prompt 142,True,0.75,247.99,64.0,1395000000.0,1215000000.0,6810501120.0,0.4,1900-01-01 13:05:15,452,7,0.9893617021276596,1.0
912,68850acc7b3c97d19cf78a3a,Prompt 142,True,0.75,247.99,64.0,1395000000.0,1215000000.0,6810501120.0,0.4,1900-01-01 13:05:16,453,8,0.9893617021276596,1.0
913,68850acc7b3c97d19cf78a3b,,True,,,,,,,,1900-01-01 13:05:16,,,,
914,68850acc7b3c97d19cf78a3c,Prompt 143,True,0.75,247.99,64.0,1395000000.0,1215000000.0,6810501120.0,0.4,1900-01-01 13:05:16,453,1,0.9893617021276596,1.0
915,68850acd7b3c97d19cf78a3d,Prompt 143,True,0.75,247.99,64.0,1395000000.0,1215000000.0,6810501120.0,0.4,1900-01-01 13:05:17,454,2,0.9893617021276596,1.0
916,68850ace7b3c97d19cf78a3e,Prompt 143,True,0.75,247.99,64.0,1395000000.0,1215000000.0,6810501120.0,0.4,1900-01-01 13:05:18,454,3,0.9893617021276596,1.0
917,68850ace7b3c97d19cf78a3f,Prompt 143,True,0.75,247.99,64.0,1395000000.0,1215000000.0,6810501120.0,0.4,1900-01-01 13:05:18,455,4,0.9893617021276596,1.0
918,68850acf7b3c97d19cf78a40,Prompt 143,True,0.75,247.99,64.0,1395000000.0,1215000000.0,6810501120.0,0.4,1900-01-01 13:05:19,456,5,0.9893617021276596,1.0
919,68850acf7b3c97d19cf78a41,Prompt 143,True,0.75,247.99,64.0,1395000000.0,1215000000.0,6810501120.0,0.4,1900-01-01 13:05:19,456,6,0.9893617021276596,1.0
920,68850ad07b3c97d19cf78a42,Prompt 143,True,0.75,247.99,64.0,1395000000.0,1215000000.0,6810501120.0,0.4,1900-01-01 13:05:20,457,7,0.9893617021276596,1.0
921,68850ad07b3c97d19cf78a43,Prompt 143,True,0.75,247.99,64.0,1395000000.0,1215000000.0,6810501120.0,0.4,1900-01-01 13:05:20,457,8,0.9893617021276596,1.0
922,68850ad17b3c97d19cf78a44,Prompt 143,True,0.75,247.99,64.0,1395000000.0,1215000000.0,6810501120.0,0.4,1900-01-01 13:05:21,458,9,0.9893617021276596,1.0
923,68850ad17b3c97d19cf78a45,Prompt 143,True,0.75,247.99,64.0,1395000000.0,1215000000.0,6810501120.0,0.4,1900-01-01 13:05:21,458,10,0.9893617021276596,1.0
924,68850ad27b3c97d19cf78a46,Prompt 143,True,0.75,247.99,64.0,1395000000.0,1215000000.0,6810501120.0,0.4,1900-01-01 13:05:22,459,11,0.9893617021276596,1.0
925,68850ad37b3c97d19cf78a47,Prompt 143,True,0.77,223.7,64.0,1365000000.0,1215000000.0,6810501120.0,0.4,1900-01-01 13:05:23,460,12,0.9680851063829787,1.0
926,68850ad37b3c97d19cf78a48,,True,,,,,,,,1900-01-01 13:05:22,,,,
927,68850ad37b3c97d19cf78a49,Prompt 144,True,0.77,223.7,64.0,1365000000.0,1215000000.0,6810501120.0,0.4,1900-01-01 13:05:23,460,1,0.9680851063829787,1.0
928,68850ad47b3c97d19cf78a4a,Prompt 144,True,0.77,223.7,64.0,1365000000.0,1215000000.0,6810501120.0,0.4,1900-01-01 13:05:24,461,2,0.9680851063829787,1.0
929,68850ad47b3c97d19cf78a4b,Prompt 144,True,0.77,223.7,64.0,1365000000.0,1215000000.0,6810501120.0,0.4,1900-01-01 13:05:24,461,3,0.9680851063829787,1.0
930,68850ad57b3c97d19cf78a4c,Prompt 144,True,0.77,223.7,64.0,1365000000.0,1215000000.0,6810501120.0,0.4,1900-01-01 13:05:25,462,4,0.9680851063829787,1.0
931,68850ad57b3c97d19cf78a4d,Prompt 144,True,0.77,223.7,64.0,1365000000.0,1215000000.0,6810501120.0,0.4,1900-01-01 13:05:25,462,5,0.9680851063829787,1.0
932,68850ad67b3c97d19cf78a4e,Prompt 144,True,0.77,223.7,64.0,1365000000.0,1215000000.0,6810501120.0,0.4,1900-01-01 13:05:26,463,6,0.9680851063829787,1.0
933,68850ad77b3c97d19cf78a4f,Prompt 144,True,0.77,223.7,64.0,1365000000.0,1215000000.0,6810501120.0,0.4,1900-01-01 13:05:27,463,7,0.9680851063829787,1.0
934,68850ad77b3c97d19cf78a50,Prompt 144,True,0.77,223.7,64.0,1365000000.0,1215000000.0,6810501120.0,0.4,1900-01-01 13:05:27,464,8,0.9680851063829787,1.0
935,68850ad87b3c97d19cf78a51,Prompt 144,True,0.77,223.7,64.0,1365000000.0,1215000000.0,6810501120.0,0.4,1900-01-01 13:05:28,465,9,0.9680851063829787,1.0
936,68850ad87b3c97d19cf78a52,Prompt 144,True,0.77,223.7,64.0,1365000000.0,1215000000.0,6810501120.0,0.4,1900-01-01 13:05:28,465,10,0.9680851063829787,1.0
937,68850ad97b3c97d19cf78a53,Prompt 144,True,0.77,223.7,64.0,1365000000.0,1215000000.0,6810501120.0,0.4,1900-01-01 13:05:29,466,11,0.9680851063829787,1.0
938,68850ada7b3c97d19cf78a54,Prompt 144,True,0.77,223.7,64.0,1365000000.0,1215000000.0,6810501120.0,0.4,1900-01-01 13:05:30,466,12,0.9680851063829787,1.0
939,68850ada7b3c97d19cf78a55,,True,,,,,,,,1900-01-01 13:05:29,,,,
940,68850ada7b3c97d19cf78a56,Prompt 145,True,0.77,223.7,64.0,1365000000.0,1215000000.0,6810501120.0,0.4,1900-01-01 13:05:30,467,1,0.9680851063829787,1.0
941,68850adb7b3c97d19cf78a57,Prompt 145,True,0.77,223.7,64.0,1365000000.0,1215000000.0,6810501120.0,0.4,1900-01-01 13:05:31,468,2,0.9680851063829787,1.0
942,68850adb7b3c97d19cf78a58,Prompt 145,True,0.77,223.7,64.0,1365000000.0,1215000000.0,6810501120.0,0.4,1900-01-01 13:05:31,468,3,0.9680851063829787,1.0
943,68850adc7b3c97d19cf78a59,Prompt 145,True,0.77,223.7,64.0,1365000000.0,1215000000.0,6810501120.0,0.4,1900-01-01 13:05:32,469,4,0.9680851063829787,1.0
944,68850adc7b3c97d19cf78a5a,Prompt 145,True,0.77,223.7,64.0,1365000000.0,1215000000.0,6810501120.0,0.4,1900-01-01 13:05:32,469,5,0.9680851063829787,1.0
945,68850add7b3c97d19cf78a5b,Prompt 145,True,0.77,223.7,64.0,1365000000.0,1215000000.0,6810501120.0,0.4,1900-01-01 13:05:33,470,6,0.9680851063829787,1.0
946,68850add7b3c97d19cf78a5c,Prompt 145,True,0.77,223.7,64.0,1365000000.0,1215000000.0,6810501120.0,0.4,1900-01-01 13:05:33,470,7,0.9680851063829787,1.0
947,68850ade7b3c97d19cf78a5d,Prompt 145,True,0.77,223.7,64.0,1365000000.0,1215000000.0,6810501120.0,0.4,1900-01-01 13:05:34,471,8,0.9680851063829787,1.0
948,68850adf7b3c97d19cf78a5e,Prompt 145,True,0.77,223.7,64.0,1365000000.0,1215000000.0,6810501120.0,0.4,1900-01-01 13:05:35,472,9,0.9680851063829787,1.0
949,68850adf7b3c97d19cf78a5f,,True,,,,,,,,1900-01-01 13:05:34,,,,
950,68850adf7b3c97d19cf78a60,Prompt 146,True,0.77,223.7,64.0,1365000000.0,1215000000.0,6810501120.0,0.4,1900-01-01 13:05:35,472,1,0.9680851063829787,1.0
951,68850ae07b3c97d19cf78a61,Prompt 146,True,0.77,223.7,64.0,1365000000.0,1215000000.0,6810501120.0,0.4,1900-01-01 13:05:36,473,2,0.9680851063829787,1.0
952,68850ae07b3c97d19cf78a62,Prompt 146,True,0.77,223.7,64.0,1365000000.0,1215000000.0,6810501120.0,0.4,1900-01-01 13:05:36,473,3,0.9680851063829787,1.0
953,68850ae17b3c97d19cf78a63,Prompt 146,True,0.77,223.7,64.0,1395000000.0,1215000000.0,6810501120.0,0.38,1900-01-01 13:05:37,474,4,0.9893617021276596,1.0
954,68850ae27b3c97d19cf78a64,Prompt 146,True,0.73,239.86,64.0,1395000000.0,1215000000.0,6810501120.0,0.38,1900-01-01 13:05:38,474,5,0.9893617021276596,1.0
955,68850ae27b3c97d19cf78a65,Prompt 146,True,0.73,239.86,64.0,1395000000.0,1215000000.0,6810501120.0,0.38,1900-01-01 13:05:38,475,6,0.9893617021276596,1.0
956,68850ae37b3c97d19cf78a66,Prompt 146,True,0.73,239.86,64.0,1395000000.0,1215000000.0,6810501120.0,0.38,1900-01-01 13:05:39,476,7,0.9893617021276596,1.0
957,68850ae37b3c97d19cf78a67,Prompt 146,True,0.73,239.86,64.0,1395000000.0,1215000000.0,6810501120.0,0.38,1900-01-01 13:05:39,476,8,0.9893617021276596,1.0
958,68850ae47b3c97d19cf78a68,Prompt 146,True,0.73,239.86,64.0,1395000000.0,1215000000.0,6810501120.0,0.38,1900-01-01 13:05:40,477,9,0.9893617021276596,1.0
959,68850ae47b3c97d19cf78a69,,True,,,,,,,,1900-01-01 13:05:39,,,,
960,68850ae47b3c97d19cf78a6a,Prompt 147,True,0.73,239.86,64.0,1395000000.0,1215000000.0,6810501120.0,0.38,1900-01-01 13:05:40,477,1,0.9893617021276596,1.0
961,68850ae57b3c97d19cf78a6b,Prompt 147,True,0.73,239.86,64.0,1395000000.0,1215000000.0,6810501120.0,0.38,1900-01-01 13:05:41,478,2,0.9893617021276596,1.0
962,68850ae67b3c97d19cf78a6c,Prompt 147,True,0.73,239.86,64.0,1395000000.0,1215000000.0,6810501120.0,0.38,1900-01-01 13:05:42,479,3,0.9893617021276596,1.0
963,68850ae67b3c97d19cf78a6d,Prompt 147,True,0.73,239.86,64.0,1395000000.0,1215000000.0,6810501120.0,0.38,1900-01-01 13:05:42,479,4,0.9893617021276596,1.0
964,68850ae77b3c97d19cf78a6e,Prompt 147,True,0.73,239.86,64.0,1395000000.0,1215000000.0,6810501120.0,0.38,1900-01-01 13:05:43,480,5,0.9893617021276596,1.0
965,68850ae77b3c97d19cf78a6f,Prompt 147,True,0.73,239.86,64.0,1395000000.0,1215000000.0,6810501120.0,0.38,1900-01-01 13:05:43,480,6,0.9893617021276596,1.0
966,68850ae87b3c97d19cf78a70,Prompt 147,True,0.73,239.86,64.0,1395000000.0,1215000000.0,6810501120.0,0.38,1900-01-01 13:05:44,481,7,0.9893617021276596,1.0
967,68850ae97b3c97d19cf78a71,Prompt 147,True,0.73,239.86,64.0,1395000000.0,1215000000.0,6810501120.0,0.38,1900-01-01 13:05:45,482,8,0.9893617021276596,1.0
968,68850ae97b3c97d19cf78a72,Prompt 147,True,0.73,239.86,64.0,1395000000.0,1215000000.0,6810501120.0,0.38,1900-01-01 13:05:45,482,9,0.9893617021276596,1.0
969,68850aea7b3c97d19cf78a73,Prompt 147,True,0.73,239.86,64.0,1395000000.0,1215000000.0,6810501120.0,0.38,1900-01-01 13:05:46,483,10,0.9893617021276596,1.0
970,68850aea7b3c97d19cf78a74,Prompt 147,True,0.73,239.86,64.0,1395000000.0,1215000000.0,6810501120.0,0.38,1900-01-01 13:05:46,483,11,0.9893617021276596,1.0
971,68850aea7b3c97d19cf78a75,,True,,,,,,,,1900-01-01 13:05:46,,,,
972,68850aeb7b3c97d19cf78a76,Prompt 148,True,0.73,239.86,64.0,1395000000.0,1215000000.0,6810501120.0,0.38,1900-01-01 13:05:47,484,1,0.9893617021276596,1.0
973,68850aeb7b3c97d19cf78a77,Prompt 148,True,0.73,239.86,64.0,1395000000.0,1215000000.0,6810501120.0,0.38,1900-01-01 13:05:47,484,2,0.9893617021276596,1.0
974,68850aec7b3c97d19cf78a78,Prompt 148,True,0.73,239.86,64.0,1395000000.0,1215000000.0,6810501120.0,0.38,1900-01-01 13:05:48,485,3,0.9893617021276596,1.0
975,68850aec7b3c97d19cf78a79,Prompt 148,True,0.73,239.86,64.0,1395000000.0,1215000000.0,6810501120.0,0.38,1900-01-01 13:05:48,485,4,0.9893617021276596,1.0
976,68850aed7b3c97d19cf78a7a,Prompt 148,True,0.73,239.86,64.0,1395000000.0,1215000000.0,6810501120.0,0.38,1900-01-01 13:05:49,486,5,0.9893617021276596,1.0
977,68850aed7b3c97d19cf78a7b,Prompt 148,True,0.73,239.86,64.0,1395000000.0,1215000000.0,6810501120.0,0.38,1900-01-01 13:05:49,486,6,0.9893617021276596,1.0
978,68850aee7b3c97d19cf78a7c,Prompt 148,True,0.73,239.86,64.0,1395000000.0,1215000000.0,6810501120.0,0.38,1900-01-01 13:05:50,487,7,0.9893617021276596,1.0
979,68850aee7b3c97d19cf78a7d,Prompt 148,True,0.73,239.86,64.0,1395000000.0,1215000000.0,6810501120.0,0.38,1900-01-01 13:05:50,487,8,0.9893617021276596,1.0
980,68850aef7b3c97d19cf78a7e,Prompt 148,True,0.73,239.86,64.0,1395000000.0,1215000000.0,6810501120.0,0.38,1900-01-01 13:05:51,488,9,0.9893617021276596,1.0
981,68850af07b3c97d19cf78a7f,Prompt 148,True,0.73,239.86,64.0,1395000000.0,1215000000.0,6810501120.0,0.38,1900-01-01 13:05:52,489,10,0.9893617021276596,1.0
982,68850af07b3c97d19cf78a80,Prompt 148,True,0.73,234.82,64.0,1395000000.0,1215000000.0,6810501120.0,0.4,1900-01-01 13:05:52,489,11,0.9893617021276596,1.0
983,68850af07b3c97d19cf78a81,,True,,,,,,,,1900-01-01 13:05:52,,,,
984,68850af17b3c97d19cf78a82,Prompt 149,True,0.77,234.82,64.0,1395000000.0,1215000000.0,6810501120.0,0.4,1900-01-01 13:05:53,490,1,0.9893617021276596,1.0
985,68850af17b3c97d19cf78a83,Prompt 149,True,0.77,234.82,64.0,1395000000.0,1215000000.0,6810501120.0,0.4,1900-01-01 13:05:53,490,2,0.9893617021276596,1.0
986,68850af27b3c97d19cf78a84,Prompt 149,True,0.77,234.82,64.0,1395000000.0,1215000000.0,6810501120.0,0.4,1900-01-01 13:05:54,491,3,0.9893617021276596,1.0
987,68850af27b3c97d19cf78a85,Prompt 149,True,0.77,234.82,64.0,1395000000.0,1215000000.0,6810501120.0,0.4,1900-01-01 13:05:54,491,4,0.9893617021276596,1.0
988,68850af37b3c97d19cf78a86,Prompt 149,True,0.77,234.82,64.0,1395000000.0,1215000000.0,6810501120.0,0.4,1900-01-01 13:05:55,492,5,0.9893617021276596,1.0
989,68850af47b3c97d19cf78a87,Prompt 149,True,0.77,234.82,64.0,1395000000.0,1215000000.0,6810501120.0,0.4,1900-01-01 13:05:56,492,6,0.9893617021276596,1.0
990,68850af47b3c97d19cf78a88,Prompt 149,True,0.77,234.82,64.0,1395000000.0,1215000000.0,6810501120.0,0.4,1900-01-01 13:05:56,493,7,0.9893617021276596,1.0
991,68850af57b3c97d19cf78a89,Prompt 149,True,0.77,234.82,64.0,1395000000.0,1215000000.0,6810501120.0,0.4,1900-01-01 13:05:57,494,8,0.9893617021276596,1.0
992,68850af57b3c97d19cf78a8a,Prompt 149,True,0.77,234.82,64.0,1395000000.0,1215000000.0,6810501120.0,0.4,1900-01-01 13:05:57,494,9,0.9893617021276596,1.0
993,68850af67b3c97d19cf78a8b,Prompt 149,True,0.77,234.82,64.0,1395000000.0,1215000000.0,6810501120.0,0.4,1900-01-01 13:05:58,495,10,0.9893617021276596,1.0
994,68850af67b3c97d19cf78a8c,Prompt 149,True,0.77,234.82,64.0,1395000000.0,1215000000.0,6810501120.0,0.4,1900-01-01 13:05:58,495,11,0.9893617021276596,1.0
995,68850af77b3c97d19cf78a8d,Prompt 149,True,0.77,234.82,64.0,1395000000.0,1215000000.0,6810501120.0,0.4,1900-01-01 13:05:59,496,12,0.9893617021276596,1.0
996,68850af77b3c97d19cf78a8e,,True,,,,,,,,1900-01-01 13:05:59,,,,
997,68850af77b3c97d19cf78a8f,Prompt 150,True,0.77,234.82,64.0,1395000000.0,1215000000.0,6810501120.0,0.4,1900-01-01 13:05:59,496,1,0.9893617021276596,1.0
998,68850af87b3c97d19cf78a90,Prompt 150,True,0.77,234.82,64.0,1395000000.0,1215000000.0,6810501120.0,0.4,1900-01-01 13:06:00,497,2,0.9893617021276596,1.0
999,68850af97b3c97d19cf78a91,Prompt 150,True,0.77,234.82,64.0,1395000000.0,1215000000.0,6810501120.0,0.4,1900-01-01 13:06:01,497,3,0.9893617021276596,1.0
1000,68850af97b3c97d19cf78a92,Prompt 150,True,0.77,234.82,64.0,1395000000.0,1215000000.0,6810501120.0,0.4,1900-01-01 13:06:01,498,4,0.9893617021276596,1.0
1001,68850afa7b3c97d19cf78a93,Prompt 150,True,0.77,234.82,64.0,1395000000.0,1215000000.0,6810501120.0,0.4,1900-01-01 13:06:02,498,5,0.9893617021276596,1.0
1002,68850afa7b3c97d19cf78a94,Prompt 150,True,0.77,234.82,64.0,1395000000.0,1215000000.0,6810501120.0,0.4,1900-01-01 13:06:02,499,6,0.9893617021276596,1.0
1003,68850afb7b3c97d19cf78a95,Prompt 150,True,0.77,234.82,64.0,1395000000.0,1215000000.0,6810501120.0,0.4,1900-01-01 13:06:03,500,7,0.9893617021276596,1.0
1004,68850afb7b3c97d19cf78a96,Prompt 150,True,0.77,234.82,64.0,1395000000.0,1215000000.0,6810501120.0,0.4,1900-01-01 13:06:03,500,8,0.9893617021276596,1.0
1005,68850afc7b3c97d19cf78a97,Prompt 150,True,0.77,234.82,64.0,1395000000.0,1215000000.0,6810501120.0,0.4,1900-01-01 13:06:04,501,9,0.9893617021276596,1.0
1006,68850afc7b3c97d19cf78a98,Prompt 150,True,0.77,234.82,64.0,1395000000.0,1215000000.0,6810501120.0,0.4,1900-01-01 13:06:04,501,10,0.9893617021276596,1.0
1007,68850afd7b3c97d19cf78a99,Prompt 150,True,0.77,234.82,64.0,1395000000.0,1215000000.0,6810501120.0,0.4,1900-01-01 13:06:05,502,11,0.9893617021276596,1.0
1008,68850afd7b3c97d19cf78a9a,Prompt 150,True,0.77,234.82,64.0,1395000000.0,1215000000.0,6810501120.0,0.4,1900-01-01 13:06:05,502,12,0.9893617021276596,1.0
1009,68850afe7b3c97d19cf78a9b,Prompt 150,True,0.77,234.82,64.0,1395000000.0,1215000000.0,6810501120.0,0.4,1900-01-01 13:06:06,503,13,0.9893617021276596,1.0
1010,68850afe7b3c97d19cf78a9c,,True,,,,,,,,1900-01-01 13:06:05,,,,
1011,68850afe7b3c97d19cf78a9d,Prompt 151,True,0.77,234.82,64.0,1395000000.0,1215000000.0,6810501120.0,0.4,1900-01-01 13:06:06,503,1,0.9893617021276596,1.0
1012,68850aff7b3c97d19cf78a9e,Prompt 151,True,0.77,234.82,64.0,1395000000.0,1215000000.0,6810501120.0,0.4,1900-01-01 13:06:07,504,2,0.9893617021276596,1.0
1013,68850aff7b3c97d19cf78a9f,Prompt 151,True,0.76,239.13,64.0,1380000000.0,1215000000.0,6810501120.0,0.4,1900-01-01 13:06:07,504,3,0.9787234042553191,1.0
1014,68850b007b3c97d19cf78aa0,Prompt 151,True,0.76,239.13,64.0,1380000000.0,1215000000.0,6810501120.0,0.4,1900-01-01 13:06:08,505,4,0.9787234042553191,1.0
1015,68850b007b3c97d19cf78aa1,Prompt 151,True,0.76,239.13,64.0,1380000000.0,1215000000.0,6810501120.0,0.4,1900-01-01 13:06:08,505,5,0.9787234042553191,1.0
1016,68850b017b3c97d19cf78aa2,Prompt 151,True,0.76,239.13,64.0,1380000000.0,1215000000.0,6810501120.0,0.4,1900-01-01 13:06:09,506,6,0.9787234042553191,1.0
1017,68850b027b3c97d19cf78aa3,Prompt 151,True,0.76,239.13,64.0,1380000000.0,1215000000.0,6810501120.0,0.4,1900-01-01 13:06:10,506,7,0.9787234042553191,1.0
1018,68850b027b3c97d19cf78aa4,Prompt 151,True,0.76,239.13,64.0,1380000000.0,1215000000.0,6810501120.0,0.4,1900-01-01 13:06:10,507,8,0.9787234042553191,1.0
1019,68850b037b3c97d19cf78aa5,Prompt 151,True,0.76,239.13,64.0,1380000000.0,1215000000.0,6810501120.0,0.4,1900-01-01 13:06:11,508,9,0.9787234042553191,1.0
1020,68850b037b3c97d19cf78aa6,Prompt 151,True,0.76,239.13,64.0,1380000000.0,1215000000.0,6810501120.0,0.4,1900-01-01 13:06:11,508,10,0.9787234042553191,1.0
1021,68850b047b3c97d19cf78aa7,Prompt 151,True,0.76,239.13,64.0,1380000000.0,1215000000.0,6810501120.0,0.4,1900-01-01 13:06:12,509,11,0.9787234042553191,1.0
1022,68850b047b3c97d19cf78aa8,,True,,,,,,,,1900-01-01 13:06:12,,,,
1023,68850b047b3c97d19cf78aa9,Prompt 152,True,0.76,239.13,64.0,1380000000.0,1215000000.0,6810501120.0,0.4,1900-01-01 13:06:12,509,1,0.9787234042553191,1.0
1024,68850b057b3c97d19cf78aaa,Prompt 152,True,0.76,239.13,64.0,1380000000.0,1215000000.0,6810501120.0,0.4,1900-01-01 13:06:13,510,2,0.9787234042553191,1.0
1025,68850b057b3c97d19cf78aab,Prompt 152,True,0.76,239.13,64.0,1380000000.0,1215000000.0,6810501120.0,0.4,1900-01-01 13:06:13,510,3,0.9787234042553191,1.0
1026,68850b067b3c97d19cf78aac,Prompt 152,True,0.76,239.13,64.0,1380000000.0,1215000000.0,6810501120.0,0.4,1900-01-01 13:06:14,511,4,0.9787234042553191,1.0
1027,68850b067b3c97d19cf78aad,Prompt 152,True,0.76,239.13,64.0,1380000000.0,1215000000.0,6810501120.0,0.4,1900-01-01 13:06:14,511,5,0.9787234042553191,1.0
1028,68850b077b3c97d19cf78aae,Prompt 152,True,0.76,239.13,64.0,1380000000.0,1215000000.0,6810501120.0,0.4,1900-01-01 13:06:15,512,6,0.9787234042553191,1.0
1029,68850b077b3c97d19cf78aaf,Prompt 152,True,0.76,239.13,64.0,1380000000.0,1215000000.0,6810501120.0,0.4,1900-01-01 13:06:15,512,7,0.9787234042553191,1.0
1030,68850b087b3c97d19cf78ab0,Prompt 152,True,0.76,239.13,64.0,1380000000.0,1215000000.0,6810501120.0,0.4,1900-01-01 13:06:16,513,8,0.9787234042553191,1.0
1031,68850b087b3c97d19cf78ab1,Prompt 152,True,0.76,239.13,64.0,1380000000.0,1215000000.0,6810501120.0,0.4,1900-01-01 13:06:16,513,9,0.9787234042553191,1.0
1032,68850b097b3c97d19cf78ab2,Prompt 152,True,0.76,239.13,64.0,1380000000.0,1215000000.0,6810501120.0,0.4,1900-01-01 13:06:17,514,10,0.9787234042553191,1.0
1033,68850b0a7b3c97d19cf78ab3,Prompt 152,True,0.76,239.13,64.0,1380000000.0,1215000000.0,6810501120.0,0.4,1900-01-01 13:06:18,515,11,0.9787234042553191,1.0
1034,68850b0a7b3c97d19cf78ab4,Prompt 152,True,0.76,239.13,64.0,1380000000.0,1215000000.0,6810501120.0,0.4,1900-01-01 13:06:18,515,12,0.9787234042553191,1.0
1035,68850b0a7b3c97d19cf78ab5,,True,,,,,,,,1900-01-01 13:06:18,,,,
1036,68850b0b7b3c97d19cf78ab6,Prompt 153,True,0.76,239.13,64.0,1380000000.0,1215000000.0,6810501120.0,0.4,1900-01-01 13:06:19,516,1,0.9787234042553191,1.0
1037,68850b0c7b3c97d19cf78ab7,Prompt 153,True,0.76,239.13,64.0,1380000000.0,1215000000.0,6810501120.0,0.4,1900-01-01 13:06:20,516,2,0.9787234042553191,1.0
1038,68850b0c7b3c97d19cf78ab8,Prompt 153,True,0.76,239.13,64.0,1380000000.0,1215000000.0,6810501120.0,0.4,1900-01-01 13:06:20,517,3,0.9787234042553191,1.0
1039,68850b0d7b3c97d19cf78ab9,Prompt 153,True,0.76,239.13,64.0,1380000000.0,1215000000.0,6810501120.0,0.4,1900-01-01 13:06:21,517,4,0.9787234042553191,1.0
1040,68850b0d7b3c97d19cf78aba,Prompt 153,True,0.76,239.13,64.0,1380000000.0,1215000000.0,6810501120.0,0.4,1900-01-01 13:06:21,518,5,0.9787234042553191,1.0
1041,68850b0e7b3c97d19cf78abb,Prompt 153,True,0.76,239.13,64.0,1380000000.0,1215000000.0,6810501120.0,0.4,1900-01-01 13:06:22,518,6,0.9787234042553191,1.0
1042,68850b0e7b3c97d19cf78abc,Prompt 153,True,0.76,239.13,64.0,1380000000.0,1215000000.0,6810501120.0,0.38,1900-01-01 13:06:22,519,7,0.9787234042553191,1.0
1043,68850b0f7b3c97d19cf78abd,Prompt 153,True,0.74,221.5,64.0,1380000000.0,1215000000.0,6810501120.0,0.38,1900-01-01 13:06:23,520,8,0.9787234042553191,1.0
1044,68850b0f7b3c97d19cf78abe,Prompt 153,True,0.74,221.5,64.0,1380000000.0,1215000000.0,6810501120.0,0.38,1900-01-01 13:06:23,520,9,0.9787234042553191,1.0
1045,68850b107b3c97d19cf78abf,Prompt 153,True,0.74,221.5,64.0,1380000000.0,1215000000.0,6810501120.0,0.38,1900-01-01 13:06:24,521,10,0.9787234042553191,1.0
1046,68850b117b3c97d19cf78ac0,Prompt 153,True,0.74,221.5,64.0,1380000000.0,1215000000.0,6810501120.0,0.38,1900-01-01 13:06:25,522,11,0.9787234042553191,1.0
1047,68850b117b3c97d19cf78ac1,,True,,,,,,,,1900-01-01 13:06:24,,,,
1048,68850b117b3c97d19cf78ac2,Prompt 154,True,0.74,221.5,64.0,1380000000.0,1215000000.0,6810501120.0,0.38,1900-01-01 13:06:25,522,1,0.9787234042553191,1.0
1049,68850b127b3c97d19cf78ac3,Prompt 154,True,0.74,221.5,64.0,1380000000.0,1215000000.0,6810501120.0,0.38,1900-01-01 13:06:26,523,2,0.9787234042553191,1.0
1050,68850b127b3c97d19cf78ac4,Prompt 154,True,0.74,221.5,64.0,1380000000.0,1215000000.0,6810501120.0,0.38,1900-01-01 13:06:26,523,3,0.9787234042553191,1.0
1051,68850b137b3c97d19cf78ac5,Prompt 154,True,0.74,221.5,64.0,1380000000.0,1215000000.0,6810501120.0,0.38,1900-01-01 13:06:27,524,4,0.9787234042553191,1.0
1052,68850b137b3c97d19cf78ac6,Prompt 154,True,0.74,221.5,64.0,1380000000.0,1215000000.0,6810501120.0,0.38,1900-01-01 13:06:27,524,5,0.9787234042553191,1.0
1053,68850b147b3c97d19cf78ac7,Prompt 154,True,0.74,221.5,64.0,1380000000.0,1215000000.0,6810501120.0,0.38,1900-01-01 13:06:28,525,6,0.9787234042553191,1.0
1054,68850b147b3c97d19cf78ac8,Prompt 154,True,0.74,221.5,64.0,1380000000.0,1215000000.0,6810501120.0,0.38,1900-01-01 13:06:28,525,7,0.9787234042553191,1.0
1055,68850b157b3c97d19cf78ac9,Prompt 154,True,0.74,221.5,64.0,1380000000.0,1215000000.0,6810501120.0,0.38,1900-01-01 13:06:29,526,8,0.9787234042553191,1.0
1056,68850b167b3c97d19cf78aca,Prompt 154,True,0.74,221.5,64.0,1380000000.0,1215000000.0,6810501120.0,0.38,1900-01-01 13:06:30,526,9,0.9787234042553191,1.0
1057,68850b167b3c97d19cf78acb,,True,,,,,,,,1900-01-01 13:06:29,,,,
1058,68850b167b3c97d19cf78acc,Prompt 155,True,0.74,221.5,64.0,1380000000.0,1215000000.0,6810501120.0,0.38,1900-01-01 13:06:30,527,1,0.9787234042553191,1.0
1059,68850b177b3c97d19cf78acd,Prompt 155,True,0.74,221.5,64.0,1380000000.0,1215000000.0,6810501120.0,0.38,1900-01-01 13:06:31,528,2,0.9787234042553191,1.0
1060,68850b177b3c97d19cf78ace,Prompt 155,True,0.74,221.5,64.0,1380000000.0,1215000000.0,6810501120.0,0.38,1900-01-01 13:06:31,528,3,0.9787234042553191,1.0
1061,68850b187b3c97d19cf78acf,Prompt 155,True,0.74,221.5,64.0,1380000000.0,1215000000.0,6810501120.0,0.38,1900-01-01 13:06:32,529,4,0.9787234042553191,1.0
1062,68850b187b3c97d19cf78ad0,Prompt 155,True,0.74,221.5,64.0,1380000000.0,1215000000.0,6810501120.0,0.38,1900-01-01 13:06:32,529,5,0.9787234042553191,1.0
1063,68850b197b3c97d19cf78ad1,Prompt 155,True,0.74,221.5,64.0,1380000000.0,1215000000.0,6810501120.0,0.38,1900-01-01 13:06:33,530,6,0.9787234042553191,1.0
1064,68850b197b3c97d19cf78ad2,Prompt 155,True,0.74,221.5,64.0,1380000000.0,1215000000.0,6810501120.0,0.38,1900-01-01 13:06:33,530,7,0.9787234042553191,1.0
1065,68850b1a7b3c97d19cf78ad3,Prompt 155,True,0.74,221.5,64.0,1380000000.0,1215000000.0,6810501120.0,0.38,1900-01-01 13:06:34,531,8,0.9787234042553191,1.0
1066,68850b1b7b3c97d19cf78ad4,Prompt 155,True,0.74,221.5,64.0,1380000000.0,1215000000.0,6810501120.0,0.38,1900-01-01 13:06:35,531,9,0.9787234042553191,1.0
1067,68850b1b7b3c97d19cf78ad5,Prompt 155,True,0.74,221.5,64.0,1380000000.0,1215000000.0,6810501120.0,0.38,1900-01-01 13:06:35,532,10,0.9787234042553191,1.0
1068,68850b1c7b3c97d19cf78ad6,Prompt 155,True,0.74,221.5,64.0,1380000000.0,1215000000.0,6810501120.0,0.38,1900-01-01 13:06:36,533,11,0.9787234042553191,1.0
1069,68850b1c7b3c97d19cf78ad7,Prompt 155,True,0.74,221.5,64.0,1380000000.0,1215000000.0,6810501120.0,0.38,1900-01-01 13:06:36,533,12,0.9787234042553191,1.0
1070,68850b1c7b3c97d19cf78ad8,,True,,,,,,,,1900-01-01 13:06:36,,,,
1071,68850b1d7b3c97d19cf78ad9,Prompt 156,True,0.74,221.5,64.0,1380000000.0,1215000000.0,6810501120.0,0.38,1900-01-01 13:06:37,534,1,0.9787234042553191,1.0
1072,68850b1d7b3c97d19cf78ada,Prompt 156,True,0.75,248.14,64.0,1395000000.0,1215000000.0,6810501120.0,0.4,1900-01-01 13:06:37,534,2,0.9893617021276596,1.0
1073,68850b1e7b3c97d19cf78adb,Prompt 156,True,0.75,248.14,64.0,1395000000.0,1215000000.0,6810501120.0,0.4,1900-01-01 13:06:38,535,3,0.9893617021276596,1.0
1074,68850b1e7b3c97d19cf78adc,Prompt 156,True,0.75,248.14,64.0,1395000000.0,1215000000.0,6810501120.0,0.4,1900-01-01 13:06:38,535,4,0.9893617021276596,1.0
1075,68850b1f7b3c97d19cf78add,Prompt 156,True,0.75,248.14,64.0,1395000000.0,1215000000.0,6810501120.0,0.4,1900-01-01 13:06:39,536,5,0.9893617021276596,1.0
1076,68850b207b3c97d19cf78ade,Prompt 156,True,0.75,248.14,64.0,1395000000.0,1215000000.0,6810501120.0,0.4,1900-01-01 13:06:40,536,6,0.9893617021276596,1.0
1077,68850b207b3c97d19cf78adf,Prompt 156,True,0.75,248.14,64.0,1395000000.0,1215000000.0,6810501120.0,0.4,1900-01-01 13:06:40,537,7,0.9893617021276596,1.0
1078,68850b217b3c97d19cf78ae0,Prompt 156,True,0.75,248.14,64.0,1395000000.0,1215000000.0,6810501120.0,0.4,1900-01-01 13:06:41,537,8,0.9893617021276596,1.0
1079,68850b217b3c97d19cf78ae1,Prompt 156,True,0.75,248.14,64.0,1395000000.0,1215000000.0,6810501120.0,0.4,1900-01-01 13:06:41,538,9,0.9893617021276596,1.0
1080,68850b227b3c97d19cf78ae2,Prompt 156,True,0.75,248.14,64.0,1395000000.0,1215000000.0,6810501120.0,0.4,1900-01-01 13:06:42,539,10,0.9893617021276596,1.0
1081,68850b227b3c97d19cf78ae3,,True,,,,,,,,1900-01-01 13:06:41,,,,
1082,68850b227b3c97d19cf78ae4,Prompt 157,True,0.75,248.14,64.0,1395000000.0,1215000000.0,6810501120.0,0.4,1900-01-01 13:06:42,539,1,0.9893617021276596,1.0
1083,68850b237b3c97d19cf78ae5,Prompt 157,True,0.75,248.14,64.0,1395000000.0,1215000000.0,6810501120.0,0.4,1900-01-01 13:06:43,540,2,0.9893617021276596,1.0
1084,68850b237b3c97d19cf78ae6,,True,,,,,,,,1900-01-01 13:06:43,,,,
1085,68850b237b3c97d19cf78ae7,Prompt 158,True,0.75,248.14,64.0,1395000000.0,1215000000.0,6810501120.0,0.4,1900-01-01 13:06:43,540,1,0.9893617021276596,1.0
1086,68850b247b3c97d19cf78ae8,Prompt 158,True,0.75,248.14,64.0,1395000000.0,1215000000.0,6810501120.0,0.4,1900-01-01 13:06:44,541,2,0.9893617021276596,1.0
1087,68850b247b3c97d19cf78ae9,Prompt 158,True,0.75,248.14,64.0,1395000000.0,1215000000.0,6810501120.0,0.4,1900-01-01 13:06:44,541,3,0.9893617021276596,1.0
1088,68850b257b3c97d19cf78aea,,True,,,,,,,,1900-01-01 13:06:44,,,,
1089,68850b257b3c97d19cf78aeb,Prompt 159,True,0.75,248.14,64.0,1395000000.0,1215000000.0,6810501120.0,0.4,1900-01-01 13:06:45,542,1,0.9893617021276596,1.0
1090,68850b267b3c97d19cf78aec,Prompt 159,True,0.75,248.14,64.0,1395000000.0,1215000000.0,6810501120.0,0.4,1900-01-01 13:06:46,543,2,0.9893617021276596,1.0
1091,68850b267b3c97d19cf78aed,Prompt 159,True,0.75,248.14,64.0,1395000000.0,1215000000.0,6810501120.0,0.4,1900-01-01 13:06:46,543,3,0.9893617021276596,1.0
1092,68850b277b3c97d19cf78aee,Prompt 159,True,0.75,248.14,64.0,1395000000.0,1215000000.0,6810501120.0,0.4,1900-01-01 13:06:47,544,4,0.9893617021276596,1.0
1093,68850b277b3c97d19cf78aef,Prompt 159,True,0.75,248.14,64.0,1395000000.0,1215000000.0,6810501120.0,0.4,1900-01-01 13:06:47,544,5,0.9893617021276596,1.0
1094,68850b287b3c97d19cf78af0,Prompt 159,True,0.75,248.14,64.0,1395000000.0,1215000000.0,6810501120.0,0.4,1900-01-01 13:06:48,545,6,0.9893617021276596,1.0
1095,68850b287b3c97d19cf78af1,Prompt 159,True,0.75,248.14,64.0,1395000000.0,1215000000.0,6810501120.0,0.4,1900-01-01 13:06:48,545,7,0.9893617021276596,1.0
1096,68850b297b3c97d19cf78af2,Prompt 159,True,0.75,248.14,64.0,1395000000.0,1215000000.0,6810501120.0,0.4,1900-01-01 13:06:49,546,8,0.9893617021276596,1.0
1097,68850b297b3c97d19cf78af3,Prompt 159,True,0.75,248.14,64.0,1395000000.0,1215000000.0,6810501120.0,0.4,1900-01-01 13:06:49,546,9,0.9893617021276596,1.0
1098,68850b2a7b3c97d19cf78af4,Prompt 159,True,0.75,248.14,64.0,1395000000.0,1215000000.0,6810501120.0,0.4,1900-01-01 13:06:50,547,10,0.9893617021276596,1.0
1099,68850b2a7b3c97d19cf78af5,,True,,,,,,,,1900-01-01 13:06:50,,,,
1100,68850b2b7b3c97d19cf78af6,Prompt 160,True,0.75,248.14,64.0,1395000000.0,1215000000.0,6810501120.0,0.4,1900-01-01 13:06:51,548,1,0.9893617021276596,1.0
1101,68850b2b7b3c97d19cf78af7,,True,,,,,,,,1900-01-01 13:06:51,,,,
1102,68850b2b7b3c97d19cf78af8,Prompt 161,True,0.75,248.14,64.0,1395000000.0,1215000000.0,6810501120.0,0.4,1900-01-01 13:06:51,548,1,0.9893617021276596,1.0
1103,68850b2c7b3c97d19cf78af9,Prompt 161,True,0.75,248.14,64.0,1395000000.0,1215000000.0,6810501120.0,0.39,1900-01-01 13:06:52,549,2,0.9893617021276596,1.0
1104,68850b2c7b3c97d19cf78afa,Prompt 161,True,0.75,241.1,64.0,1395000000.0,1215000000.0,6810501120.0,0.39,1900-01-01 13:06:52,549,3,0.9893617021276596,1.0
1105,68850b2d7b3c97d19cf78afb,Prompt 161,True,0.75,241.1,64.0,1395000000.0,1215000000.0,6810501120.0,0.39,1900-01-01 13:06:53,550,4,0.9893617021276596,1.0
1106,68850b2d7b3c97d19cf78afc,Prompt 161,True,0.75,241.1,64.0,1395000000.0,1215000000.0,6810501120.0,0.39,1900-01-01 13:06:53,550,5,0.9893617021276596,1.0
1107,68850b2e7b3c97d19cf78afd,Prompt 161,True,0.75,241.1,64.0,1395000000.0,1215000000.0,6810501120.0,0.39,1900-01-01 13:06:54,551,6,0.9893617021276596,1.0
1108,68850b2e7b3c97d19cf78afe,Prompt 161,True,0.75,241.1,64.0,1395000000.0,1215000000.0,6810501120.0,0.39,1900-01-01 13:06:54,551,7,0.9893617021276596,1.0
1109,68850b2f7b3c97d19cf78aff,Prompt 161,True,0.75,241.1,64.0,1395000000.0,1215000000.0,6810501120.0,0.39,1900-01-01 13:06:55,552,8,0.9893617021276596,1.0
1110,68850b2f7b3c97d19cf78b00,,True,,,,,,,,1900-01-01 13:06:55,,,,
1111,68850b307b3c97d19cf78b01,Prompt 162,True,0.75,241.1,64.0,1395000000.0,1215000000.0,6810501120.0,0.39,1900-01-01 13:06:56,553,1,0.9893617021276596,1.0
1112,68850b307b3c97d19cf78b02,Prompt 162,True,0.75,241.1,64.0,1395000000.0,1215000000.0,6810501120.0,0.39,1900-01-01 13:06:56,553,2,0.9893617021276596,1.0
1113,68850b317b3c97d19cf78b03,Prompt 162,True,0.75,241.1,64.0,1395000000.0,1215000000.0,6810501120.0,0.39,1900-01-01 13:06:57,554,3,0.9893617021276596,1.0
1114,68850b317b3c97d19cf78b04,,True,,,,,,,,1900-01-01 13:06:57,,,,
1115,68850b317b3c97d19cf78b05,Prompt 163,True,0.75,241.1,64.0,1395000000.0,1215000000.0,6810501120.0,0.39,1900-01-01 13:06:57,554,1,0.9893617021276596,1.0
1116,68850b327b3c97d19cf78b06,Prompt 163,True,0.75,241.1,64.0,1395000000.0,1215000000.0,6810501120.0,0.39,1900-01-01 13:06:58,555,2,0.9893617021276596,1.0
1117,68850b327b3c97d19cf78b07,,True,,,,,,,,1900-01-01 13:06:58,,,,
1118,68850b337b3c97d19cf78b08,Prompt 164,True,0.75,241.1,64.0,1395000000.0,1215000000.0,6810501120.0,0.39,1900-01-01 13:06:59,556,1,0.9893617021276596,1.0
1119,68850b337b3c97d19cf78b09,Prompt 164,True,0.75,241.1,64.0,1395000000.0,1215000000.0,6810501120.0,0.39,1900-01-01 13:06:59,556,2,0.9893617021276596,1.0
1120,68850b337b3c97d19cf78b0a,,True,,,,,,,,1900-01-01 13:06:59,,,,
1121,68850b347b3c97d19cf78b0b,Prompt 165,True,0.75,241.1,64.0,1395000000.0,1215000000.0,6810501120.0,0.39,1900-01-01 13:07:00,557,1,0.9893617021276596,1.0
1122,68850b347b3c97d19cf78b0c,Prompt 165,True,0.75,241.1,64.0,1395000000.0,1215000000.0,6810501120.0,0.39,1900-01-01 13:07:00,557,2,0.9893617021276596,1.0
1123,68850b357b3c97d19cf78b0d,Prompt 165,True,0.75,241.1,64.0,1395000000.0,1215000000.0,6810501120.0,0.39,1900-01-01 13:07:01,558,3,0.9893617021276596,1.0
1124,68850b357b3c97d19cf78b0e,Prompt 165,True,0.75,241.1,64.0,1395000000.0,1215000000.0,6810501120.0,0.39,1900-01-01 13:07:01,558,4,0.9893617021276596,1.0
1125,68850b367b3c97d19cf78b0f,Prompt 165,True,0.75,241.1,64.0,1395000000.0,1215000000.0,6810501120.0,0.39,1900-01-01 13:07:02,559,5,0.9893617021276596,1.0
1126,68850b377b3c97d19cf78b10,Prompt 165,True,0.75,241.1,64.0,1395000000.0,1215000000.0,6810501120.0,0.39,1900-01-01 13:07:03,559,6,0.9893617021276596,1.0
1127,68850b377b3c97d19cf78b11,Prompt 165,True,0.75,241.1,64.0,1395000000.0,1215000000.0,6810501120.0,0.39,1900-01-01 13:07:03,560,7,0.9893617021276596,1.0
1128,68850b387b3c97d19cf78b12,Prompt 165,True,0.75,241.1,64.0,1395000000.0,1215000000.0,6810501120.0,0.39,1900-01-01 13:07:04,561,8,0.9893617021276596,1.0
1129,68850b387b3c97d19cf78b13,,True,,,,,,,,1900-01-01 13:07:04,,,,
1130,68850b387b3c97d19cf78b14,Prompt 166,True,0.75,241.1,64.0,1395000000.0,1215000000.0,6810501120.0,0.39,1900-01-01 13:07:04,561,1,0.9893617021276596,1.0
1131,68850b397b3c97d19cf78b15,Prompt 166,True,0.75,241.1,64.0,1395000000.0,1215000000.0,6810501120.0,0.39,1900-01-01 13:07:05,562,2,0.9893617021276596,1.0
1132,68850b397b3c97d19cf78b16,,True,,,,,,,,1900-01-01 13:07:05,,,,
1133,68850b397b3c97d19cf78b17,Prompt 167,True,0.75,241.1,64.0,1395000000.0,1215000000.0,6810501120.0,0.39,1900-01-01 13:07:05,562,1,0.9893617021276596,1.0
1134,68850b3a7b3c97d19cf78b18,Prompt 167,True,0.75,241.1,64.0,1395000000.0,1215000000.0,6810501120.0,0.39,1900-01-01 13:07:06,563,2,0.9893617021276596,1.0
1135,68850b3a7b3c97d19cf78b19,Prompt 167,True,0.75,241.1,64.0,1395000000.0,1215000000.0,6810501120.0,0.39,1900-01-01 13:07:06,563,3,0.9893617021276596,1.0
1136,68850b3b7b3c97d19cf78b1a,Prompt 167,True,0.75,241.1,64.0,1395000000.0,1215000000.0,6810501120.0,0.39,1900-01-01 13:07:07,564,4,0.9893617021276596,1.0
1137,68850b3d7b3c97d19cf78b1b,Prompt 167,True,0.74,243.48,64.0,1395000000.0,1215000000.0,6810501120.0,0.39,1900-01-01 13:07:09,566,5,0.9893617021276596,1.0
1138,68850b3d7b3c97d19cf78b1c,,True,,,,,,,,1900-01-01 13:07:08,,,,
1139,68850b3e7b3c97d19cf78b1d,Prompt 168,True,0.74,243.48,64.0,1395000000.0,1215000000.0,6810501120.0,0.39,1900-01-01 13:07:10,567,1,0.9893617021276596,1.0
1140,68850b3f7b3c97d19cf78b1e,Prompt 168,True,0.74,243.48,64.0,1395000000.0,1215000000.0,6810501120.0,0.39,1900-01-01 13:07:11,567,2,0.9893617021276596,1.0
1141,68850b3f7b3c97d19cf78b1f,Prompt 168,True,0.74,243.48,64.0,1395000000.0,1215000000.0,6810501120.0,0.39,1900-01-01 13:07:11,568,3,0.9893617021276596,1.0
1142,68850b407b3c97d19cf78b20,Prompt 168,True,0.74,243.48,64.0,1395000000.0,1215000000.0,6810501120.0,0.39,1900-01-01 13:07:12,569,4,0.9893617021276596,1.0
1143,68850b407b3c97d19cf78b21,Prompt 168,True,0.74,243.48,64.0,1395000000.0,1215000000.0,6810501120.0,0.39,1900-01-01 13:07:12,569,5,0.9893617021276596,1.0
1144,68850b417b3c97d19cf78b22,Prompt 168,True,0.74,243.48,64.0,1395000000.0,1215000000.0,6810501120.0,0.39,1900-01-01 13:07:13,570,6,0.9893617021276596,1.0
1145,68850b417b3c97d19cf78b23,Prompt 168,True,0.74,243.48,64.0,1395000000.0,1215000000.0,6810501120.0,0.39,1900-01-01 13:07:13,570,7,0.9893617021276596,1.0
1146,68850b427b3c97d19cf78b24,Prompt 168,True,0.74,243.48,64.0,1395000000.0,1215000000.0,6810501120.0,0.39,1900-01-01 13:07:14,571,8,0.9893617021276596,1.0
1147,68850b437b3c97d19cf78b25,Prompt 168,True,0.74,243.48,64.0,1395000000.0,1215000000.0,6810501120.0,0.39,1900-01-01 13:07:15,572,9,0.9893617021276596,1.0
1148,68850b437b3c97d19cf78b26,Prompt 168,True,0.74,243.48,64.0,1395000000.0,1215000000.0,6810501120.0,0.39,1900-01-01 13:07:15,572,10,0.9893617021276596,1.0
1149,68850b447b3c97d19cf78b27,Prompt 168,True,0.74,243.48,64.0,1395000000.0,1215000000.0,6810501120.0,0.39,1900-01-01 13:07:16,573,11,0.9893617021276596,1.0
1150,68850b447b3c97d19cf78b28,,True,,,,,,,,1900-01-01 13:07:15,,,,
1151,68850b447b3c97d19cf78b29,Prompt 169,True,0.74,243.48,64.0,1395000000.0,1215000000.0,6810501120.0,0.39,1900-01-01 13:07:16,573,1,0.9893617021276596,1.0
1152,68850b457b3c97d19cf78b2a,Prompt 169,True,0.74,243.48,64.0,1395000000.0,1215000000.0,6810501120.0,0.39,1900-01-01 13:07:17,574,2,0.9893617021276596,1.0
1153,68850b457b3c97d19cf78b2b,Prompt 169,True,0.74,243.48,64.0,1395000000.0,1215000000.0,6810501120.0,0.39,1900-01-01 13:07:17,574,3,0.9893617021276596,1.0
1154,68850b467b3c97d19cf78b2c,Prompt 169,True,0.74,243.48,64.0,1395000000.0,1215000000.0,6810501120.0,0.39,1900-01-01 13:07:18,575,4,0.9893617021276596,1.0
1155,68850b477b3c97d19cf78b2d,Prompt 169,True,0.74,243.48,64.0,1395000000.0,1215000000.0,6810501120.0,0.39,1900-01-01 13:07:19,576,5,0.9893617021276596,1.0
1156,68850b477b3c97d19cf78b2e,Prompt 169,True,0.74,243.48,64.0,1395000000.0,1215000000.0,6810501120.0,0.39,1900-01-01 13:07:19,576,6,0.9893617021276596,1.0
1157,68850b487b3c97d19cf78b2f,Prompt 169,True,0.74,243.48,64.0,1395000000.0,1215000000.0,6810501120.0,0.39,1900-01-01 13:07:20,577,7,0.9893617021276596,1.0
1158,68850b487b3c97d19cf78b30,Prompt 169,True,0.74,243.48,64.0,1395000000.0,1215000000.0,6810501120.0,0.39,1900-01-01 13:07:20,577,8,0.9893617021276596,1.0
1159,68850b497b3c97d19cf78b31,Prompt 169,True,0.74,243.48,64.0,1395000000.0,1215000000.0,6810501120.0,0.39,1900-01-01 13:07:21,578,9,0.9893617021276596,1.0
1160,68850b497b3c97d19cf78b32,Prompt 169,True,0.74,243.48,64.0,1395000000.0,1215000000.0,6810501120.0,0.39,1900-01-01 13:07:21,578,10,0.9893617021276596,1.0
1161,68850b497b3c97d19cf78b33,,True,,,,,,,,1900-01-01 13:07:21,,,,
1162,68850b4a7b3c97d19cf78b34,Prompt 170,True,0.74,243.48,64.0,1395000000.0,1215000000.0,6810501120.0,0.38,1900-01-01 13:07:22,579,1,0.9893617021276596,1.0
1163,68850b4a7b3c97d19cf78b35,Prompt 170,True,0.72,247.82,64.0,1380000000.0,1215000000.0,6810501120.0,0.38,1900-01-01 13:07:22,579,2,0.9787234042553191,1.0
1164,68850b4b7b3c97d19cf78b36,Prompt 170,True,0.72,247.82,64.0,1380000000.0,1215000000.0,6810501120.0,0.38,1900-01-01 13:07:23,580,3,0.9787234042553191,1.0
1165,68850b4b7b3c97d19cf78b37,,True,,,,,,,,1900-01-01 13:07:23,,,,
1166,68850b4c7b3c97d19cf78b38,Prompt 171,True,0.72,247.82,64.0,1380000000.0,1215000000.0,6810501120.0,0.38,1900-01-01 13:07:24,581,1,0.9787234042553191,1.0
1167,68850b4c7b3c97d19cf78b39,Prompt 171,True,0.72,247.82,64.0,1380000000.0,1215000000.0,6810501120.0,0.38,1900-01-01 13:07:24,581,2,0.9787234042553191,1.0
1168,68850b4c7b3c97d19cf78b3a,,True,,,,,,,,1900-01-01 13:07:24,,,,
1169,68850b4d7b3c97d19cf78b3b,Prompt 172,True,0.72,247.82,64.0,1380000000.0,1215000000.0,6810501120.0,0.38,1900-01-01 13:07:25,582,1,0.9787234042553191,1.0
1170,68850b4e7b3c97d19cf78b3c,Prompt 172,True,0.72,247.82,64.0,1380000000.0,1215000000.0,6810501120.0,0.38,1900-01-01 13:07:26,582,2,0.9787234042553191,1.0
1171,68850b4e7b3c97d19cf78b3d,Prompt 172,True,0.72,247.82,64.0,1380000000.0,1215000000.0,6810501120.0,0.38,1900-01-01 13:07:26,583,3,0.9787234042553191,1.0
1172,68850b4f7b3c97d19cf78b3e,Prompt 172,True,0.72,247.82,64.0,1380000000.0,1215000000.0,6810501120.0,0.38,1900-01-01 13:07:27,584,4,0.9787234042553191,1.0
1173,68850b4f7b3c97d19cf78b3f,Prompt 172,True,0.72,247.82,64.0,1380000000.0,1215000000.0,6810501120.0,0.38,1900-01-01 13:07:27,584,5,0.9787234042553191,1.0
1174,68850b507b3c97d19cf78b40,Prompt 172,True,0.72,247.82,64.0,1380000000.0,1215000000.0,6810501120.0,0.38,1900-01-01 13:07:28,585,6,0.9787234042553191,1.0
1175,68850b507b3c97d19cf78b41,Prompt 172,True,0.72,247.82,64.0,1380000000.0,1215000000.0,6810501120.0,0.38,1900-01-01 13:07:28,585,7,0.9787234042553191,1.0
1176,68850b517b3c97d19cf78b42,Prompt 172,True,0.72,247.82,64.0,1380000000.0,1215000000.0,6810501120.0,0.38,1900-01-01 13:07:29,586,8,0.9787234042553191,1.0
1177,68850b527b3c97d19cf78b43,Prompt 172,True,0.72,247.82,64.0,1380000000.0,1215000000.0,6810501120.0,0.38,1900-01-01 13:07:30,586,9,0.9787234042553191,1.0
1178,68850b527b3c97d19cf78b44,Prompt 172,True,0.72,247.82,64.0,1380000000.0,1215000000.0,6810501120.0,0.38,1900-01-01 13:07:30,587,10,0.9787234042553191,1.0
1179,68850b527b3c97d19cf78b45,,True,,,,,,,,1900-01-01 13:07:30,,,,
1180,68850b537b3c97d19cf78b46,Prompt 173,True,0.72,247.82,64.0,1380000000.0,1215000000.0,6810501120.0,0.38,1900-01-01 13:07:31,588,1,0.9787234042553191,1.0
1181,68850b537b3c97d19cf78b47,Prompt 173,True,0.72,247.82,64.0,1380000000.0,1215000000.0,6810501120.0,0.38,1900-01-01 13:07:31,588,2,0.9787234042553191,1.0
1182,68850b547b3c97d19cf78b48,Prompt 173,True,0.72,247.82,64.0,1380000000.0,1215000000.0,6810501120.0,0.38,1900-01-01 13:07:32,589,3,0.9787234042553191,1.0
1183,68850b547b3c97d19cf78b49,Prompt 173,True,0.72,247.82,64.0,1380000000.0,1215000000.0,6810501120.0,0.38,1900-01-01 13:07:32,589,4,0.9787234042553191,1.0
1184,68850b557b3c97d19cf78b4a,Prompt 173,True,0.72,247.82,64.0,1380000000.0,1215000000.0,6810501120.0,0.38,1900-01-01 13:07:33,590,5,0.9787234042553191,1.0
1185,68850b557b3c97d19cf78b4b,Prompt 173,True,0.72,247.82,64.0,1380000000.0,1215000000.0,6810501120.0,0.38,1900-01-01 13:07:33,590,6,0.9787234042553191,1.0
1186,68850b567b3c97d19cf78b4c,Prompt 173,True,0.72,247.82,64.0,1380000000.0,1215000000.0,6810501120.0,0.38,1900-01-01 13:07:34,591,7,0.9787234042553191,1.0
1187,68850b567b3c97d19cf78b4d,Prompt 173,True,0.72,247.82,64.0,1380000000.0,1215000000.0,6810501120.0,0.38,1900-01-01 13:07:34,591,8,0.9787234042553191,1.0
1188,68850b577b3c97d19cf78b4e,Prompt 173,True,0.72,247.82,64.0,1380000000.0,1215000000.0,6810501120.0,0.38,1900-01-01 13:07:35,592,9,0.9787234042553191,1.0
1189,68850b587b3c97d19cf78b4f,Prompt 173,True,0.72,247.82,64.0,1380000000.0,1215000000.0,6810501120.0,0.38,1900-01-01 13:07:36,592,10,0.9787234042553191,1.0
1190,68850b587b3c97d19cf78b50,,True,,,,,,,,1900-01-01 13:07:35,,,,
1191,68850b587b3c97d19cf78b51,Prompt 174,True,0.72,247.82,64.0,1380000000.0,1215000000.0,6810501120.0,0.38,1900-01-01 13:07:36,593,1,0.9787234042553191,1.0
1192,68850b597b3c97d19cf78b52,Prompt 174,True,0.72,247.82,64.0,1380000000.0,1215000000.0,6810501120.0,0.38,1900-01-01 13:07:37,594,2,0.9787234042553191,1.0
1193,68850b597b3c97d19cf78b53,Prompt 174,True,0.74,244.11,64.0,1395000000.0,1215000000.0,6810501120.0,0.39,1900-01-01 13:07:37,594,3,0.9893617021276596,1.0
1194,68850b5a7b3c97d19cf78b54,Prompt 174,True,0.74,244.11,64.0,1395000000.0,1215000000.0,6810501120.0,0.39,1900-01-01 13:07:38,595,4,0.9893617021276596,1.0
1195,68850b5a7b3c97d19cf78b55,Prompt 174,True,0.74,244.11,64.0,1395000000.0,1215000000.0,6810501120.0,0.39,1900-01-01 13:07:38,595,5,0.9893617021276596,1.0
1196,68850b5b7b3c97d19cf78b56,Prompt 174,True,0.74,244.11,64.0,1395000000.0,1215000000.0,6810501120.0,0.39,1900-01-01 13:07:39,596,6,0.9893617021276596,1.0
1197,68850b5b7b3c97d19cf78b57,Prompt 174,True,0.74,244.11,64.0,1395000000.0,1215000000.0,6810501120.0,0.39,1900-01-01 13:07:39,596,7,0.9893617021276596,1.0
1198,68850b5c7b3c97d19cf78b58,Prompt 174,True,0.74,244.11,64.0,1395000000.0,1215000000.0,6810501120.0,0.39,1900-01-01 13:07:40,597,8,0.9893617021276596,1.0
1199,68850b5d7b3c97d19cf78b59,Prompt 174,True,0.74,244.11,64.0,1395000000.0,1215000000.0,6810501120.0,0.39,1900-01-01 13:07:41,598,9,0.9893617021276596,1.0
1200,68850b5d7b3c97d19cf78b5a,Prompt 174,True,0.74,244.11,64.0,1395000000.0,1215000000.0,6810501120.0,0.39,1900-01-01 13:07:41,598,10,0.9893617021276596,1.0
1201,68850b5e7b3c97d19cf78b5b,Prompt 174,True,0.74,244.11,64.0,1395000000.0,1215000000.0,6810501120.0,0.39,1900-01-01 13:07:42,599,11,0.9893617021276596,1.0
1202,68850b5e7b3c97d19cf78b5c,,True,,,,,,,,1900-01-01 13:07:42,,,,
1203,68850b5e7b3c97d19cf78b5d,Prompt 175,True,0.74,244.11,64.0,1395000000.0,1215000000.0,6810501120.0,0.39,1900-01-01 13:07:42,599,1,0.9893617021276596,1.0
1204,68850b5f7b3c97d19cf78b5e,Prompt 175,True,0.74,244.11,64.0,1395000000.0,1215000000.0,6810501120.0,0.39,1900-01-01 13:07:43,600,2,0.9893617021276596,1.0
1205,68850b5f7b3c97d19cf78b5f,Prompt 175,True,0.74,244.11,64.0,1395000000.0,1215000000.0,6810501120.0,0.39,1900-01-01 13:07:43,600,3,0.9893617021276596,1.0
1206,68850b607b3c97d19cf78b60,Prompt 175,True,0.74,244.11,64.0,1395000000.0,1215000000.0,6810501120.0,0.39,1900-01-01 13:07:44,601,4,0.9893617021276596,1.0
1207,68850b617b3c97d19cf78b61,Prompt 175,True,0.74,244.11,64.0,1395000000.0,1215000000.0,6810501120.0,0.39,1900-01-01 13:07:45,601,5,0.9893617021276596,1.0
1208,68850b617b3c97d19cf78b62,Prompt 175,True,0.74,244.11,64.0,1395000000.0,1215000000.0,6810501120.0,0.39,1900-01-01 13:07:45,602,6,0.9893617021276596,1.0
1209,68850b627b3c97d19cf78b63,Prompt 175,True,0.74,244.11,64.0,1395000000.0,1215000000.0,6810501120.0,0.39,1900-01-01 13:07:46,603,7,0.9893617021276596,1.0
1210,68850b627b3c97d19cf78b64,Prompt 175,True,0.74,244.11,64.0,1395000000.0,1215000000.0,6810501120.0,0.39,1900-01-01 13:07:46,603,8,0.9893617021276596,1.0
1211,68850b637b3c97d19cf78b65,Prompt 175,True,0.74,244.11,64.0,1395000000.0,1215000000.0,6810501120.0,0.39,1900-01-01 13:07:47,604,9,0.9893617021276596,1.0
1212,68850b637b3c97d19cf78b66,Prompt 175,True,0.74,244.11,64.0,1395000000.0,1215000000.0,6810501120.0,0.39,1900-01-01 13:07:47,604,10,0.9893617021276596,1.0
1213,68850b637b3c97d19cf78b67,,True,,,,,,,,1900-01-01 13:07:47,,,,
1214,68850b647b3c97d19cf78b68,Prompt 176,True,0.74,244.11,64.0,1395000000.0,1215000000.0,6810501120.0,0.39,1900-01-01 13:07:48,605,1,0.9893617021276596,1.0
1215,68850b657b3c97d19cf78b69,Prompt 176,True,0.74,244.11,64.0,1395000000.0,1215000000.0,6810501120.0,0.39,1900-01-01 13:07:49,605,2,0.9893617021276596,1.0
1216,68850b657b3c97d19cf78b6a,Prompt 176,True,0.74,244.11,64.0,1395000000.0,1215000000.0,6810501120.0,0.39,1900-01-01 13:07:49,606,3,0.9893617021276596,1.0
1217,68850b667b3c97d19cf78b6b,Prompt 176,True,0.74,244.11,64.0,1395000000.0,1215000000.0,6810501120.0,0.39,1900-01-01 13:07:50,607,4,0.9893617021276596,1.0
1218,68850b667b3c97d19cf78b6c,Prompt 176,True,0.74,244.11,64.0,1395000000.0,1215000000.0,6810501120.0,0.39,1900-01-01 13:07:50,607,5,0.9893617021276596,1.0
1219,68850b677b3c97d19cf78b6d,Prompt 176,True,0.74,244.11,64.0,1395000000.0,1215000000.0,6810501120.0,0.39,1900-01-01 13:07:51,608,6,0.9893617021276596,1.0
1220,68850b677b3c97d19cf78b6e,Prompt 176,True,0.74,244.11,64.0,1395000000.0,1215000000.0,6810501120.0,0.39,1900-01-01 13:07:51,608,7,0.9893617021276596,1.0
1221,68850b687b3c97d19cf78b6f,Prompt 176,True,0.74,244.11,64.0,1395000000.0,1215000000.0,6810501120.0,0.39,1900-01-01 13:07:52,609,8,0.9893617021276596,1.0
1222,68850b697b3c97d19cf78b70,Prompt 176,True,0.79,243.38,65.0,1395000000.0,1215000000.0,6810501120.0,0.39,1900-01-01 13:07:53,609,9,0.9893617021276596,1.0
1223,68850b697b3c97d19cf78b71,,True,,,,,,,,1900-01-01 13:07:52,,,,
1224,68850b697b3c97d19cf78b72,Prompt 177,True,0.79,243.38,65.0,1395000000.0,1215000000.0,6810501120.0,0.39,1900-01-01 13:07:53,610,1,0.9893617021276596,1.0
1225,68850b6a7b3c97d19cf78b73,Prompt 177,True,0.79,243.38,65.0,1395000000.0,1215000000.0,6810501120.0,0.39,1900-01-01 13:07:54,611,2,0.9893617021276596,1.0
1226,68850b6a7b3c97d19cf78b74,Prompt 177,True,0.79,243.38,65.0,1395000000.0,1215000000.0,6810501120.0,0.39,1900-01-01 13:07:54,611,3,0.9893617021276596,1.0
1227,68850b6b7b3c97d19cf78b75,Prompt 177,True,0.79,243.38,65.0,1395000000.0,1215000000.0,6810501120.0,0.39,1900-01-01 13:07:55,612,4,0.9893617021276596,1.0
1228,68850b6b7b3c97d19cf78b76,Prompt 177,True,0.79,243.38,65.0,1395000000.0,1215000000.0,6810501120.0,0.39,1900-01-01 13:07:55,612,5,0.9893617021276596,1.0
1229,68850b6b7b3c97d19cf78b77,,True,,,,,,,,1900-01-01 13:07:55,,,,
1230,68850b6c7b3c97d19cf78b78,Prompt 178,True,0.79,243.38,65.0,1395000000.0,1215000000.0,6810501120.0,0.39,1900-01-01 13:07:56,613,1,0.9893617021276596,1.0
1231,68850b6c7b3c97d19cf78b79,Prompt 178,True,0.79,243.38,65.0,1395000000.0,1215000000.0,6810501120.0,0.39,1900-01-01 13:07:56,613,2,0.9893617021276596,1.0
1232,68850b6d7b3c97d19cf78b7a,Prompt 178,True,0.79,243.38,65.0,1395000000.0,1215000000.0,6810501120.0,0.39,1900-01-01 13:07:57,614,3,0.9893617021276596,1.0
1233,68850b6e7b3c97d19cf78b7b,Prompt 178,True,0.79,243.38,65.0,1395000000.0,1215000000.0,6810501120.0,0.39,1900-01-01 13:07:58,614,4,0.9893617021276596,1.0
1234,68850b6e7b3c97d19cf78b7c,Prompt 178,True,0.79,243.38,65.0,1395000000.0,1215000000.0,6810501120.0,0.39,1900-01-01 13:07:58,615,5,0.9893617021276596,1.0
1235,68850b6f7b3c97d19cf78b7d,Prompt 178,True,0.79,243.38,65.0,1395000000.0,1215000000.0,6810501120.0,0.39,1900-01-01 13:07:59,616,6,0.9893617021276596,1.0
1236,68850b6f7b3c97d19cf78b7e,Prompt 178,True,0.79,243.38,65.0,1395000000.0,1215000000.0,6810501120.0,0.39,1900-01-01 13:07:59,616,7,0.9893617021276596,1.0
1237,68850b707b3c97d19cf78b7f,Prompt 178,True,0.79,243.38,65.0,1395000000.0,1215000000.0,6810501120.0,0.39,1900-01-01 13:08:00,617,8,0.9893617021276596,1.0
1238,68850b707b3c97d19cf78b80,Prompt 178,True,0.79,243.38,65.0,1395000000.0,1215000000.0,6810501120.0,0.39,1900-01-01 13:08:00,617,9,0.9893617021276596,1.0
1239,68850b707b3c97d19cf78b81,,True,,,,,,,,1900-01-01 13:08:00,,,,
1240,68850b717b3c97d19cf78b82,Prompt 179,True,0.79,243.38,65.0,1395000000.0,1215000000.0,6810501120.0,0.39,1900-01-01 13:08:01,618,1,0.9893617021276596,1.0
1241,68850b717b3c97d19cf78b83,Prompt 179,True,0.79,243.38,65.0,1395000000.0,1215000000.0,6810501120.0,0.39,1900-01-01 13:08:01,618,2,0.9893617021276596,1.0
1242,68850b727b3c97d19cf78b84,Prompt 179,True,0.79,243.38,65.0,1395000000.0,1215000000.0,6810501120.0,0.39,1900-01-01 13:08:02,619,3,0.9893617021276596,1.0
1243,68850b727b3c97d19cf78b85,Prompt 179,True,0.79,243.38,65.0,1395000000.0,1215000000.0,6810501120.0,0.39,1900-01-01 13:08:02,619,4,0.9893617021276596,1.0
1244,68850b737b3c97d19cf78b86,Prompt 179,True,0.79,243.38,65.0,1395000000.0,1215000000.0,6810501120.0,0.39,1900-01-01 13:08:03,620,5,0.9893617021276596,1.0
1245,68850b737b3c97d19cf78b87,Prompt 179,True,0.79,243.38,65.0,1395000000.0,1215000000.0,6810501120.0,0.39,1900-01-01 13:08:03,620,6,0.9893617021276596,1.0
1246,68850b737b3c97d19cf78b88,,True,,,,,,,,1900-01-01 13:08:03,,,,
1247,68850b747b3c97d19cf78b89,Prompt 180,True,0.79,243.38,65.0,1395000000.0,1215000000.0,6810501120.0,0.39,1900-01-01 13:08:04,621,1,0.9893617021276596,1.0
1248,68850b757b3c97d19cf78b8a,Prompt 180,True,0.79,243.38,65.0,1395000000.0,1215000000.0,6810501120.0,0.39,1900-01-01 13:08:05,622,2,0.9893617021276596,1.0
1249,68850b757b3c97d19cf78b8b,Prompt 180,True,0.79,243.38,65.0,1395000000.0,1215000000.0,6810501120.0,0.39,1900-01-01 13:08:05,622,3,0.9893617021276596,1.0
1250,68850b767b3c97d19cf78b8c,Prompt 180,True,0.79,243.38,65.0,1395000000.0,1215000000.0,6810501120.0,0.39,1900-01-01 13:08:06,623,4,0.9893617021276596,1.0
1251,68850b777b3c97d19cf78b8d,Prompt 180,True,0.79,243.38,65.0,1395000000.0,1215000000.0,6810501120.0,0.39,1900-01-01 13:08:07,623,5,0.9893617021276596,1.0
1252,68850b777b3c97d19cf78b8e,Prompt 180,True,0.79,243.38,65.0,1380000000.0,1215000000.0,6810501120.0,0.39,1900-01-01 13:08:07,624,6,0.9787234042553191,1.0
1253,68850b787b3c97d19cf78b8f,Prompt 180,True,0.78,267.47,65.0,1380000000.0,1215000000.0,6810501120.0,0.39,1900-01-01 13:08:08,625,7,0.9787234042553191,1.0
1254,68850b787b3c97d19cf78b90,Prompt 180,True,0.78,267.47,65.0,1380000000.0,1215000000.0,6810501120.0,0.39,1900-01-01 13:08:08,625,8,0.9787234042553191,1.0
1255,68850b797b3c97d19cf78b91,Prompt 180,True,0.78,267.47,65.0,1380000000.0,1215000000.0,6810501120.0,0.39,1900-01-01 13:08:09,626,9,0.9787234042553191,1.0
1256,68850b7a7b3c97d19cf78b92,Prompt 180,True,0.78,267.47,65.0,1380000000.0,1215000000.0,6810501120.0,0.39,1900-01-01 13:08:10,626,10,0.9787234042553191,1.0
1257,68850b7a7b3c97d19cf78b93,,True,,,,,,,,1900-01-01 13:08:09,,,,
1258,68850b7a7b3c97d19cf78b94,Prompt 181,True,0.78,267.47,65.0,1380000000.0,1215000000.0,6810501120.0,0.39,1900-01-01 13:08:10,627,1,0.9787234042553191,1.0
1259,68850b7b7b3c97d19cf78b95,Prompt 181,True,0.78,267.47,65.0,1380000000.0,1215000000.0,6810501120.0,0.39,1900-01-01 13:08:11,628,2,0.9787234042553191,1.0
1260,68850b7b7b3c97d19cf78b96,Prompt 181,True,0.78,267.47,65.0,1380000000.0,1215000000.0,6810501120.0,0.39,1900-01-01 13:08:11,628,3,0.9787234042553191,1.0
1261,68850b7c7b3c97d19cf78b97,Prompt 181,True,0.78,267.47,65.0,1380000000.0,1215000000.0,6810501120.0,0.39,1900-01-01 13:08:12,629,4,0.9787234042553191,1.0
1262,68850b7c7b3c97d19cf78b98,Prompt 181,True,0.78,267.47,65.0,1380000000.0,1215000000.0,6810501120.0,0.39,1900-01-01 13:08:12,629,5,0.9787234042553191,1.0
1263,68850b7d7b3c97d19cf78b99,Prompt 181,True,0.78,267.47,65.0,1380000000.0,1215000000.0,6810501120.0,0.39,1900-01-01 13:08:13,630,6,0.9787234042553191,1.0
1264,68850b7d7b3c97d19cf78b9a,Prompt 181,True,0.78,267.47,65.0,1380000000.0,1215000000.0,6810501120.0,0.39,1900-01-01 13:08:13,630,7,0.9787234042553191,1.0
1265,68850b7e7b3c97d19cf78b9b,Prompt 181,True,0.78,267.47,65.0,1380000000.0,1215000000.0,6810501120.0,0.39,1900-01-01 13:08:14,631,8,0.9787234042553191,1.0
1266,68850b7f7b3c97d19cf78b9c,Prompt 181,True,0.78,267.47,65.0,1380000000.0,1215000000.0,6810501120.0,0.39,1900-01-01 13:08:15,631,9,0.9787234042553191,1.0
1267,68850b7f7b3c97d19cf78b9d,Prompt 181,True,0.78,267.47,65.0,1380000000.0,1215000000.0,6810501120.0,0.39,1900-01-01 13:08:15,632,10,0.9787234042553191,1.0
1268,68850b807b3c97d19cf78b9e,Prompt 181,True,0.78,267.47,65.0,1380000000.0,1215000000.0,6810501120.0,0.39,1900-01-01 13:08:16,632,11,0.9787234042553191,1.0
1269,68850b807b3c97d19cf78b9f,,True,,,,,,,,1900-01-01 13:08:15,,,,
1270,68850b807b3c97d19cf78ba0,Prompt 182,True,0.78,267.47,65.0,1380000000.0,1215000000.0,6810501120.0,0.39,1900-01-01 13:08:16,633,1,0.9787234042553191,1.0
1271,68850b817b3c97d19cf78ba1,Prompt 182,True,0.78,267.47,65.0,1380000000.0,1215000000.0,6810501120.0,0.39,1900-01-01 13:08:17,634,2,0.9787234042553191,1.0
1272,68850b817b3c97d19cf78ba2,Prompt 182,True,0.78,267.47,65.0,1380000000.0,1215000000.0,6810501120.0,0.39,1900-01-01 13:08:17,634,3,0.9787234042553191,1.0
1273,68850b827b3c97d19cf78ba3,Prompt 182,True,0.78,267.47,65.0,1380000000.0,1215000000.0,6810501120.0,0.39,1900-01-01 13:08:18,635,4,0.9787234042553191,1.0
1274,68850b837b3c97d19cf78ba4,Prompt 182,True,0.78,267.47,65.0,1380000000.0,1215000000.0,6810501120.0,0.39,1900-01-01 13:08:19,635,5,0.9787234042553191,1.0
1275,68850b837b3c97d19cf78ba5,Prompt 182,True,0.78,267.47,65.0,1380000000.0,1215000000.0,6810501120.0,0.39,1900-01-01 13:08:19,636,6,0.9787234042553191,1.0
1276,68850b847b3c97d19cf78ba6,Prompt 182,True,0.78,267.47,65.0,1380000000.0,1215000000.0,6810501120.0,0.39,1900-01-01 13:08:20,637,7,0.9787234042553191,1.0
1277,68850b847b3c97d19cf78ba7,Prompt 182,True,0.78,267.47,65.0,1380000000.0,1215000000.0,6810501120.0,0.39,1900-01-01 13:08:20,637,8,0.9787234042553191,1.0
1278,68850b857b3c97d19cf78ba8,Prompt 182,True,0.78,267.47,65.0,1380000000.0,1215000000.0,6810501120.0,0.39,1900-01-01 13:08:21,638,9,0.9787234042553191,1.0
1279,68850b857b3c97d19cf78ba9,Prompt 182,True,0.78,267.47,65.0,1380000000.0,1215000000.0,6810501120.0,0.39,1900-01-01 13:08:21,638,10,0.9787234042553191,1.0
1280,68850b857b3c97d19cf78baa,,True,,,,,,,,1900-01-01 13:08:21,,,,
1281,68850b867b3c97d19cf78bab,Prompt 183,True,0.78,267.47,65.0,1380000000.0,1215000000.0,6810501120.0,0.17,1900-01-01 13:08:22,639,1,0.9787234042553191,1.0
1282,68850b877b3c97d19cf78bac,Prompt 183,True,0.35000000000000003,258.25,64.0,1380000000.0,1215000000.0,6810501120.0,0.17,1900-01-01 13:08:23,639,2,0.9787234042553191,1.0
1283,68850b877b3c97d19cf78bad,Prompt 183,True,0.35000000000000003,258.25,64.0,1380000000.0,1215000000.0,6810501120.0,0.17,1900-01-01 13:08:23,640,3,0.9787234042553191,1.0
1284,68850b887b3c97d19cf78bae,Prompt 183,True,0.35000000000000003,258.25,64.0,1380000000.0,1215000000.0,6810501120.0,0.17,1900-01-01 13:08:24,641,4,0.9787234042553191,1.0
1285,68850b887b3c97d19cf78baf,Prompt 183,True,0.35000000000000003,258.25,64.0,1380000000.0,1215000000.0,6810501120.0,0.17,1900-01-01 13:08:24,641,5,0.9787234042553191,1.0
1286,68850b897b3c97d19cf78bb0,Prompt 183,True,0.35000000000000003,258.25,64.0,1380000000.0,1215000000.0,6810501120.0,0.17,1900-01-01 13:08:25,642,6,0.9787234042553191,1.0
1287,68850b897b3c97d19cf78bb1,Prompt 183,True,0.35000000000000003,258.25,64.0,1380000000.0,1215000000.0,6810501120.0,0.17,1900-01-01 13:08:25,642,7,0.9787234042553191,1.0
1288,68850b8a7b3c97d19cf78bb2,Prompt 183,True,0.35000000000000003,258.25,64.0,1380000000.0,1215000000.0,6810501120.0,0.17,1900-01-01 13:08:26,643,8,0.9787234042553191,1.0
1289,68850b8a7b3c97d19cf78bb3,Prompt 183,True,0.35000000000000003,258.25,64.0,1380000000.0,1215000000.0,6810501120.0,0.17,1900-01-01 13:08:26,643,9,0.9787234042553191,1.0
1290,68850b8a7b3c97d19cf78bb4,,True,,,,,,,,1900-01-01 13:08:26,,,,
1291,68850b8b7b3c97d19cf78bb5,Prompt 184,True,0.35000000000000003,258.25,64.0,1380000000.0,1215000000.0,6810501120.0,0.17,1900-01-01 13:08:27,644,1,0.9787234042553191,1.0
1292,68850b8b7b3c97d19cf78bb6,Prompt 184,True,0.35000000000000003,258.25,64.0,1380000000.0,1215000000.0,6810501120.0,0.17,1900-01-01 13:08:27,644,2,0.9787234042553191,1.0
1293,68850b8c7b3c97d19cf78bb7,Prompt 184,True,0.35000000000000003,258.25,64.0,1380000000.0,1215000000.0,6810501120.0,0.17,1900-01-01 13:08:28,645,3,0.9787234042553191,1.0
1294,68850b8d7b3c97d19cf78bb8,Prompt 184,True,0.35000000000000003,258.25,64.0,1380000000.0,1215000000.0,6810501120.0,0.17,1900-01-01 13:08:29,646,4,0.9787234042553191,1.0
1295,68850b8d7b3c97d19cf78bb9,Prompt 184,True,0.35000000000000003,258.25,64.0,1380000000.0,1215000000.0,6810501120.0,0.17,1900-01-01 13:08:29,646,5,0.9787234042553191,1.0
1296,68850b8e7b3c97d19cf78bba,Prompt 184,True,0.35000000000000003,258.25,64.0,1380000000.0,1215000000.0,6810501120.0,0.17,1900-01-01 13:08:30,647,6,0.9787234042553191,1.0
1297,68850b8e7b3c97d19cf78bbb,Prompt 184,True,0.35000000000000003,258.25,64.0,1380000000.0,1215000000.0,6810501120.0,0.17,1900-01-01 13:08:30,647,7,0.9787234042553191,1.0
1298,68850b8f7b3c97d19cf78bbc,Prompt 184,True,0.35000000000000003,258.25,64.0,1380000000.0,1215000000.0,6810501120.0,0.17,1900-01-01 13:08:31,648,8,0.9787234042553191,1.0
1299,68850b8f7b3c97d19cf78bbd,Prompt 184,True,0.35000000000000003,258.25,64.0,1380000000.0,1215000000.0,6810501120.0,0.17,1900-01-01 13:08:31,648,9,0.9787234042553191,1.0
1300,68850b907b3c97d19cf78bbe,Prompt 184,True,0.35000000000000003,258.25,64.0,1380000000.0,1215000000.0,6810501120.0,0.17,1900-01-01 13:08:32,649,10,0.9787234042553191,1.0
1301,68850b917b3c97d19cf78bbf,Prompt 184,True,0.35000000000000003,258.25,64.0,1380000000.0,1215000000.0,6810501120.0,0.17,1900-01-01 13:08:33,650,11,0.9787234042553191,1.0
1302,68850b917b3c97d19cf78bc0,,True,,,,,,,,1900-01-01 13:08:32,,,,
1303,68850b917b3c97d19cf78bc1,Prompt 185,True,0.35000000000000003,258.25,64.0,1380000000.0,1215000000.0,6810501120.0,0.17,1900-01-01 13:08:33,650,1,0.9787234042553191,1.0
1304,68850b927b3c97d19cf78bc2,Prompt 185,True,0.35000000000000003,258.25,64.0,1380000000.0,1215000000.0,6810501120.0,0.17,1900-01-01 13:08:34,651,2,0.9787234042553191,1.0
1305,68850b937b3c97d19cf78bc3,Prompt 185,True,0.35000000000000003,258.25,64.0,1380000000.0,1215000000.0,6810501120.0,0.17,1900-01-01 13:08:35,651,3,0.9787234042553191,1.0
1306,68850b937b3c97d19cf78bc4,Prompt 185,True,0.35000000000000003,258.25,64.0,1380000000.0,1215000000.0,6810501120.0,0.17,1900-01-01 13:08:35,652,4,0.9787234042553191,1.0
1307,68850b947b3c97d19cf78bc5,Prompt 185,True,0.35000000000000003,258.25,64.0,1380000000.0,1215000000.0,6810501120.0,0.17,1900-01-01 13:08:36,653,5,0.9787234042553191,1.0
1308,68850b947b3c97d19cf78bc6,Prompt 185,True,0.35000000000000003,258.25,64.0,1380000000.0,1215000000.0,6810501120.0,0.17,1900-01-01 13:08:36,653,6,0.9787234042553191,1.0
1309,68850b957b3c97d19cf78bc7,Prompt 185,True,0.35000000000000003,258.25,64.0,1380000000.0,1215000000.0,6810501120.0,0.17,1900-01-01 13:08:37,654,7,0.9787234042553191,1.0
1310,68850b957b3c97d19cf78bc8,Prompt 185,True,0.79,238.5,65.0,1380000000.0,1215000000.0,6810501120.0,0.39,1900-01-01 13:08:37,654,8,0.9787234042553191,1.0
1311,68850b967b3c97d19cf78bc9,Prompt 185,True,0.79,238.5,65.0,1380000000.0,1215000000.0,6810501120.0,0.39,1900-01-01 13:08:38,655,9,0.9787234042553191,1.0
1312,68850b967b3c97d19cf78bca,Prompt 185,True,0.79,238.5,65.0,1380000000.0,1215000000.0,6810501120.0,0.39,1900-01-01 13:08:38,655,10,0.9787234042553191,1.0
1313,68850b977b3c97d19cf78bcb,Prompt 185,True,0.79,238.5,65.0,1380000000.0,1215000000.0,6810501120.0,0.39,1900-01-01 13:08:39,656,11,0.9787234042553191,1.0
1314,68850b977b3c97d19cf78bcc,Prompt 185,True,0.79,238.5,65.0,1380000000.0,1215000000.0,6810501120.0,0.39,1900-01-01 13:08:39,656,12,0.9787234042553191,1.0
1315,68850b977b3c97d19cf78bcd,,True,,,,,,,,1900-01-01 13:08:39,,,,
1316,68850b987b3c97d19cf78bce,Prompt 186,True,0.79,238.5,65.0,1380000000.0,1215000000.0,6810501120.0,0.39,1900-01-01 13:08:40,657,1,0.9787234042553191,1.0
1317,68850b997b3c97d19cf78bcf,Prompt 186,True,0.79,238.5,65.0,1380000000.0,1215000000.0,6810501120.0,0.39,1900-01-01 13:08:41,657,2,0.9787234042553191,1.0
1318,68850b997b3c97d19cf78bd0,Prompt 186,True,0.79,238.5,65.0,1380000000.0,1215000000.0,6810501120.0,0.39,1900-01-01 13:08:41,658,3,0.9787234042553191,1.0
1319,68850b9a7b3c97d19cf78bd1,Prompt 186,True,0.79,238.5,65.0,1380000000.0,1215000000.0,6810501120.0,0.39,1900-01-01 13:08:42,659,4,0.9787234042553191,1.0
1320,68850b9a7b3c97d19cf78bd2,Prompt 186,True,0.79,238.5,65.0,1380000000.0,1215000000.0,6810501120.0,0.39,1900-01-01 13:08:42,659,5,0.9787234042553191,1.0
1321,68850b9b7b3c97d19cf78bd3,Prompt 186,True,0.79,238.5,65.0,1380000000.0,1215000000.0,6810501120.0,0.39,1900-01-01 13:08:43,660,6,0.9787234042553191,1.0
1322,68850b9b7b3c97d19cf78bd4,Prompt 186,True,0.79,238.5,65.0,1380000000.0,1215000000.0,6810501120.0,0.39,1900-01-01 13:08:43,660,7,0.9787234042553191,1.0
1323,68850b9c7b3c97d19cf78bd5,Prompt 186,True,0.79,238.5,65.0,1380000000.0,1215000000.0,6810501120.0,0.39,1900-01-01 13:08:44,661,8,0.9787234042553191,1.0
1324,68850b9d7b3c97d19cf78bd6,Prompt 186,True,0.79,238.5,65.0,1380000000.0,1215000000.0,6810501120.0,0.39,1900-01-01 13:08:45,661,9,0.9787234042553191,1.0
1325,68850b9d7b3c97d19cf78bd7,Prompt 186,True,0.79,238.5,65.0,1380000000.0,1215000000.0,6810501120.0,0.39,1900-01-01 13:08:45,662,10,0.9787234042553191,1.0
1326,68850b9e7b3c97d19cf78bd8,Prompt 186,True,0.79,238.5,65.0,1380000000.0,1215000000.0,6810501120.0,0.39,1900-01-01 13:08:46,663,11,0.9787234042553191,1.0
1327,68850b9e7b3c97d19cf78bd9,Prompt 186,True,0.79,238.5,65.0,1380000000.0,1215000000.0,6810501120.0,0.39,1900-01-01 13:08:46,663,12,0.9787234042553191,1.0
1328,68850b9e7b3c97d19cf78bda,,True,,,,,,,,1900-01-01 13:08:46,,,,
1329,68850b9f7b3c97d19cf78bdb,Prompt 187,True,0.79,238.5,65.0,1380000000.0,1215000000.0,6810501120.0,0.39,1900-01-01 13:08:47,664,1,0.9787234042553191,1.0
1330,68850b9f7b3c97d19cf78bdc,Prompt 187,True,0.79,238.5,65.0,1380000000.0,1215000000.0,6810501120.0,0.39,1900-01-01 13:08:47,664,2,0.9787234042553191,1.0
1331,68850ba07b3c97d19cf78bdd,Prompt 187,True,0.79,238.5,65.0,1380000000.0,1215000000.0,6810501120.0,0.39,1900-01-01 13:08:48,665,3,0.9787234042553191,1.0
1332,68850ba07b3c97d19cf78bde,Prompt 187,True,0.79,238.5,65.0,1380000000.0,1215000000.0,6810501120.0,0.39,1900-01-01 13:08:48,665,4,0.9787234042553191,1.0
1333,68850ba17b3c97d19cf78bdf,Prompt 187,True,0.79,238.5,65.0,1380000000.0,1215000000.0,6810501120.0,0.39,1900-01-01 13:08:49,666,5,0.9787234042553191,1.0
1334,68850ba17b3c97d19cf78be0,Prompt 187,True,0.79,238.5,65.0,1380000000.0,1215000000.0,6810501120.0,0.39,1900-01-01 13:08:49,666,6,0.9787234042553191,1.0
1335,68850ba27b3c97d19cf78be1,Prompt 187,True,0.79,238.5,65.0,1380000000.0,1215000000.0,6810501120.0,0.39,1900-01-01 13:08:50,667,7,0.9787234042553191,1.0
1336,68850ba37b3c97d19cf78be2,Prompt 187,True,0.79,238.5,65.0,1380000000.0,1215000000.0,6810501120.0,0.39,1900-01-01 13:08:51,667,8,0.9787234042553191,1.0
1337,68850ba37b3c97d19cf78be3,Prompt 187,True,0.79,238.5,65.0,1380000000.0,1215000000.0,6810501120.0,0.39,1900-01-01 13:08:51,668,9,0.9787234042553191,1.0
1338,68850ba47b3c97d19cf78be4,Prompt 187,True,0.79,238.5,65.0,1380000000.0,1215000000.0,6810501120.0,0.39,1900-01-01 13:08:52,668,10,0.9787234042553191,1.0
1339,68850ba47b3c97d19cf78be5,Prompt 187,True,0.79,238.5,65.0,1395000000.0,1215000000.0,6810501120.0,0.39,1900-01-01 13:08:52,669,11,0.9893617021276596,1.0
1340,68850ba47b3c97d19cf78be6,,True,,,,,,,,1900-01-01 13:08:52,,,,
1341,68850ba57b3c97d19cf78be7,Prompt 188,True,0.77,254.09,65.0,1395000000.0,1215000000.0,6810501120.0,0.39,1900-01-01 13:08:53,670,1,0.9893617021276596,1.0
1342,68850ba57b3c97d19cf78be8,Prompt 188,True,0.77,254.09,65.0,1395000000.0,1215000000.0,6810501120.0,0.39,1900-01-01 13:08:53,670,2,0.9893617021276596,1.0
1343,68850ba67b3c97d19cf78be9,Prompt 188,True,0.77,254.09,65.0,1395000000.0,1215000000.0,6810501120.0,0.39,1900-01-01 13:08:54,671,3,0.9893617021276596,1.0
1344,68850ba67b3c97d19cf78bea,Prompt 188,True,0.77,254.09,65.0,1395000000.0,1215000000.0,6810501120.0,0.39,1900-01-01 13:08:54,671,4,0.9893617021276596,1.0
1345,68850ba77b3c97d19cf78beb,Prompt 188,True,0.77,254.09,65.0,1395000000.0,1215000000.0,6810501120.0,0.39,1900-01-01 13:08:55,672,5,0.9893617021276596,1.0
1346,68850ba87b3c97d19cf78bec,Prompt 188,True,0.77,254.09,65.0,1395000000.0,1215000000.0,6810501120.0,0.39,1900-01-01 13:08:56,672,6,0.9893617021276596,1.0
1347,68850ba87b3c97d19cf78bed,Prompt 188,True,0.77,254.09,65.0,1395000000.0,1215000000.0,6810501120.0,0.39,1900-01-01 13:08:56,673,7,0.9893617021276596,1.0
1348,68850ba97b3c97d19cf78bee,Prompt 188,True,0.77,254.09,65.0,1395000000.0,1215000000.0,6810501120.0,0.39,1900-01-01 13:08:57,674,8,0.9893617021276596,1.0
1349,68850ba97b3c97d19cf78bef,Prompt 188,True,0.77,254.09,65.0,1395000000.0,1215000000.0,6810501120.0,0.39,1900-01-01 13:08:57,674,9,0.9893617021276596,1.0
1350,68850baa7b3c97d19cf78bf0,Prompt 188,True,0.77,254.09,65.0,1395000000.0,1215000000.0,6810501120.0,0.39,1900-01-01 13:08:58,675,10,0.9893617021276596,1.0
1351,68850baa7b3c97d19cf78bf1,Prompt 188,True,0.77,254.09,65.0,1395000000.0,1215000000.0,6810501120.0,0.39,1900-01-01 13:08:58,675,11,0.9893617021276596,1.0
1352,68850baa7b3c97d19cf78bf2,,True,,,,,,,,1900-01-01 13:08:58,,,,
1353,68850bab7b3c97d19cf78bf3,Prompt 189,True,0.77,254.09,65.0,1395000000.0,1215000000.0,6810501120.0,0.39,1900-01-01 13:08:59,676,1,0.9893617021276596,1.0
1354,68850bab7b3c97d19cf78bf4,Prompt 189,True,0.77,254.09,65.0,1395000000.0,1215000000.0,6810501120.0,0.39,1900-01-01 13:08:59,676,2,0.9893617021276596,1.0
1355,68850bac7b3c97d19cf78bf5,Prompt 189,True,0.77,254.09,65.0,1395000000.0,1215000000.0,6810501120.0,0.39,1900-01-01 13:09:00,677,3,0.9893617021276596,1.0
1356,68850bad7b3c97d19cf78bf6,Prompt 189,True,0.77,254.09,65.0,1395000000.0,1215000000.0,6810501120.0,0.39,1900-01-01 13:09:01,678,4,0.9893617021276596,1.0
1357,68850bad7b3c97d19cf78bf7,Prompt 189,True,0.77,254.09,65.0,1395000000.0,1215000000.0,6810501120.0,0.39,1900-01-01 13:09:01,678,5,0.9893617021276596,1.0
1358,68850bae7b3c97d19cf78bf8,Prompt 189,True,0.77,254.09,65.0,1395000000.0,1215000000.0,6810501120.0,0.39,1900-01-01 13:09:02,679,6,0.9893617021276596,1.0
1359,68850baf7b3c97d19cf78bf9,Prompt 189,True,0.77,254.09,65.0,1395000000.0,1215000000.0,6810501120.0,0.39,1900-01-01 13:09:03,680,7,0.9893617021276596,1.0
1360,68850baf7b3c97d19cf78bfa,Prompt 189,True,0.77,254.09,65.0,1395000000.0,1215000000.0,6810501120.0,0.39,1900-01-01 13:09:03,680,8,0.9893617021276596,1.0
1361,68850bb07b3c97d19cf78bfb,Prompt 189,True,0.77,254.09,65.0,1395000000.0,1215000000.0,6810501120.0,0.39,1900-01-01 13:09:04,681,9,0.9893617021276596,1.0
1362,68850bb07b3c97d19cf78bfc,,True,,,,,,,,1900-01-01 13:09:04,,,,
1363,68850bb17b3c97d19cf78bfd,Prompt 190,True,0.77,254.09,65.0,1395000000.0,1215000000.0,6810501120.0,0.39,1900-01-01 13:09:05,682,1,0.9893617021276596,1.0
1364,68850bb17b3c97d19cf78bfe,Prompt 190,True,0.77,254.09,65.0,1395000000.0,1215000000.0,6810501120.0,0.39,1900-01-01 13:09:05,682,2,0.9893617021276596,1.0
1365,68850bb27b3c97d19cf78bff,Prompt 190,True,0.77,254.09,65.0,1395000000.0,1215000000.0,6810501120.0,0.39,1900-01-01 13:09:06,683,3,0.9893617021276596,1.0
1366,68850bb37b3c97d19cf78c00,Prompt 190,True,0.77,254.09,65.0,1395000000.0,1215000000.0,6810501120.0,0.39,1900-01-01 13:09:07,684,4,0.9893617021276596,1.0
1367,68850bb37b3c97d19cf78c01,Prompt 190,True,0.77,238.64,65.0,1395000000.0,1215000000.0,6810501120.0,0.39,1900-01-01 13:09:07,684,5,0.9893617021276596,1.0
1368,68850bb47b3c97d19cf78c02,Prompt 190,True,0.77,238.64,65.0,1395000000.0,1215000000.0,6810501120.0,0.39,1900-01-01 13:09:08,685,6,0.9893617021276596,1.0
1369,68850bb47b3c97d19cf78c03,Prompt 190,True,0.77,238.64,65.0,1395000000.0,1215000000.0,6810501120.0,0.39,1900-01-01 13:09:08,685,7,0.9893617021276596,1.0
1370,68850bb57b3c97d19cf78c04,Prompt 190,True,0.77,238.64,65.0,1395000000.0,1215000000.0,6810501120.0,0.39,1900-01-01 13:09:09,686,8,0.9893617021276596,1.0
1371,68850bb67b3c97d19cf78c05,Prompt 190,True,0.77,238.64,65.0,1395000000.0,1215000000.0,6810501120.0,0.39,1900-01-01 13:09:10,687,9,0.9893617021276596,1.0
1372,68850bb67b3c97d19cf78c06,,True,,,,,,,,1900-01-01 13:09:09,,,,
1373,68850bb67b3c97d19cf78c07,Prompt 191,True,0.77,238.64,65.0,1395000000.0,1215000000.0,6810501120.0,0.39,1900-01-01 13:09:10,687,1,0.9893617021276596,1.0
1374,68850bb77b3c97d19cf78c08,Prompt 191,True,0.77,238.64,65.0,1395000000.0,1215000000.0,6810501120.0,0.39,1900-01-01 13:09:11,688,2,0.9893617021276596,1.0
1375,68850bb87b3c97d19cf78c09,Prompt 191,True,0.77,238.64,65.0,1395000000.0,1215000000.0,6810501120.0,0.39,1900-01-01 13:09:12,688,3,0.9893617021276596,1.0
1376,68850bb87b3c97d19cf78c0a,Prompt 191,True,0.77,238.64,65.0,1395000000.0,1215000000.0,6810501120.0,0.39,1900-01-01 13:09:12,689,4,0.9893617021276596,1.0
1377,68850bb97b3c97d19cf78c0b,Prompt 191,True,0.77,238.64,65.0,1395000000.0,1215000000.0,6810501120.0,0.39,1900-01-01 13:09:13,690,5,0.9893617021276596,1.0
1378,68850bb97b3c97d19cf78c0c,Prompt 191,True,0.77,238.64,65.0,1395000000.0,1215000000.0,6810501120.0,0.39,1900-01-01 13:09:13,690,6,0.9893617021276596,1.0
1379,68850bba7b3c97d19cf78c0d,Prompt 191,True,0.77,238.64,65.0,1395000000.0,1215000000.0,6810501120.0,0.39,1900-01-01 13:09:14,691,7,0.9893617021276596,1.0
1380,68850bba7b3c97d19cf78c0e,,True,,,,,,,,1900-01-01 13:09:14,,,,
1381,68850bbb7b3c97d19cf78c0f,Prompt 192,True,0.77,238.64,65.0,1395000000.0,1215000000.0,6810501120.0,0.39,1900-01-01 13:09:15,692,1,0.9893617021276596,1.0
1382,68850bbb7b3c97d19cf78c10,Prompt 192,True,0.77,238.64,65.0,1395000000.0,1215000000.0,6810501120.0,0.39,1900-01-01 13:09:15,692,2,0.9893617021276596,1.0
1383,68850bbc7b3c97d19cf78c11,Prompt 192,True,0.77,238.64,65.0,1395000000.0,1215000000.0,6810501120.0,0.39,1900-01-01 13:09:16,693,3,0.9893617021276596,1.0
1384,68850bbc7b3c97d19cf78c12,Prompt 192,True,0.77,238.64,65.0,1395000000.0,1215000000.0,6810501120.0,0.39,1900-01-01 13:09:16,693,4,0.9893617021276596,1.0
1385,68850bbd7b3c97d19cf78c13,Prompt 192,True,0.77,238.64,65.0,1395000000.0,1215000000.0,6810501120.0,0.39,1900-01-01 13:09:17,694,5,0.9893617021276596,1.0
1386,68850bbe7b3c97d19cf78c14,Prompt 192,True,0.77,238.64,65.0,1395000000.0,1215000000.0,6810501120.0,0.39,1900-01-01 13:09:18,695,6,0.9893617021276596,1.0
1387,68850bbe7b3c97d19cf78c15,Prompt 192,True,0.77,238.64,65.0,1395000000.0,1215000000.0,6810501120.0,0.39,1900-01-01 13:09:18,695,7,0.9893617021276596,1.0
1388,68850bbe7b3c97d19cf78c16,,True,,,,,,,,1900-01-01 13:09:18,,,,
1389,68850bbf7b3c97d19cf78c17,Prompt 193,True,0.77,238.64,65.0,1395000000.0,1215000000.0,6810501120.0,0.39,1900-01-01 13:09:19,696,1,0.9893617021276596,1.0
1390,68850bc07b3c97d19cf78c18,Prompt 193,True,0.77,238.64,65.0,1395000000.0,1215000000.0,6810501120.0,0.39,1900-01-01 13:09:20,697,2,0.9893617021276596,1.0
1391,68850bc07b3c97d19cf78c19,Prompt 193,True,0.77,238.64,65.0,1395000000.0,1215000000.0,6810501120.0,0.39,1900-01-01 13:09:20,697,3,0.9893617021276596,1.0
1392,68850bc17b3c97d19cf78c1a,Prompt 193,True,0.77,238.64,65.0,1395000000.0,1215000000.0,6810501120.0,0.39,1900-01-01 13:09:21,698,4,0.9893617021276596,1.0
1393,68850bc17b3c97d19cf78c1b,Prompt 193,True,0.77,238.64,65.0,1395000000.0,1215000000.0,6810501120.0,0.39,1900-01-01 13:09:21,698,5,0.9893617021276596,1.0
1394,68850bc27b3c97d19cf78c1c,Prompt 193,True,0.77,238.64,65.0,1395000000.0,1215000000.0,6810501120.0,0.39,1900-01-01 13:09:22,699,6,0.9893617021276596,1.0
1395,68850bc27b3c97d19cf78c1d,Prompt 193,True,0.77,258.88,65.0,1380000000.0,1215000000.0,6810501120.0,0.39,1900-01-01 13:09:22,699,7,0.9787234042553191,1.0
1396,68850bc37b3c97d19cf78c1e,Prompt 193,True,0.77,258.88,65.0,1380000000.0,1215000000.0,6810501120.0,0.39,1900-01-01 13:09:23,700,8,0.9787234042553191,1.0
1397,68850bc37b3c97d19cf78c1f,Prompt 193,True,0.77,258.88,65.0,1380000000.0,1215000000.0,6810501120.0,0.39,1900-01-01 13:09:23,700,9,0.9787234042553191,1.0
1398,68850bc37b3c97d19cf78c20,,True,,,,,,,,1900-01-01 13:09:23,,,,
1399,68850bc47b3c97d19cf78c21,Prompt 194,True,0.77,258.88,65.0,1380000000.0,1215000000.0,6810501120.0,0.39,1900-01-01 13:09:24,701,1,0.9787234042553191,1.0
1400,68850bc57b3c97d19cf78c22,Prompt 194,True,0.77,258.88,65.0,1380000000.0,1215000000.0,6810501120.0,0.39,1900-01-01 13:09:25,702,2,0.9787234042553191,1.0
1401,68850bc57b3c97d19cf78c23,Prompt 194,True,0.77,258.88,65.0,1380000000.0,1215000000.0,6810501120.0,0.39,1900-01-01 13:09:25,702,3,0.9787234042553191,1.0
1402,68850bc67b3c97d19cf78c24,Prompt 194,True,0.77,258.88,65.0,1380000000.0,1215000000.0,6810501120.0,0.39,1900-01-01 13:09:26,703,4,0.9787234042553191,1.0
1403,68850bc67b3c97d19cf78c25,Prompt 194,True,0.77,258.88,65.0,1380000000.0,1215000000.0,6810501120.0,0.39,1900-01-01 13:09:26,703,5,0.9787234042553191,1.0
1404,68850bc77b3c97d19cf78c26,Prompt 194,True,0.77,258.88,65.0,1380000000.0,1215000000.0,6810501120.0,0.39,1900-01-01 13:09:27,704,6,0.9787234042553191,1.0
1405,68850bc77b3c97d19cf78c27,Prompt 194,True,0.77,258.88,65.0,1380000000.0,1215000000.0,6810501120.0,0.39,1900-01-01 13:09:27,704,7,0.9787234042553191,1.0
1406,68850bc87b3c97d19cf78c28,Prompt 194,True,0.77,258.88,65.0,1380000000.0,1215000000.0,6810501120.0,0.39,1900-01-01 13:09:28,705,8,0.9787234042553191,1.0
1407,68850bc97b3c97d19cf78c29,Prompt 194,True,0.77,258.88,65.0,1380000000.0,1215000000.0,6810501120.0,0.39,1900-01-01 13:09:29,706,9,0.9787234042553191,1.0
1408,68850bc97b3c97d19cf78c2a,Prompt 194,True,0.77,258.88,65.0,1380000000.0,1215000000.0,6810501120.0,0.39,1900-01-01 13:09:29,706,10,0.9787234042553191,1.0
1409,68850bca7b3c97d19cf78c2b,Prompt 194,True,0.77,258.88,65.0,1380000000.0,1215000000.0,6810501120.0,0.39,1900-01-01 13:09:30,707,11,0.9787234042553191,1.0
1410,68850bca7b3c97d19cf78c2c,,True,,,,,,,,1900-01-01 13:09:30,,,,
1411,68850bca7b3c97d19cf78c2d,Prompt 195,True,0.77,258.88,65.0,1380000000.0,1215000000.0,6810501120.0,0.39,1900-01-01 13:09:30,707,1,0.9787234042553191,1.0
1412,68850bcb7b3c97d19cf78c2e,Prompt 195,True,0.77,258.88,65.0,1380000000.0,1215000000.0,6810501120.0,0.39,1900-01-01 13:09:31,708,2,0.9787234042553191,1.0
1413,68850bcb7b3c97d19cf78c2f,Prompt 195,True,0.77,258.88,65.0,1380000000.0,1215000000.0,6810501120.0,0.39,1900-01-01 13:09:31,708,3,0.9787234042553191,1.0
1414,68850bcc7b3c97d19cf78c30,Prompt 195,True,0.77,258.88,65.0,1380000000.0,1215000000.0,6810501120.0,0.39,1900-01-01 13:09:32,709,4,0.9787234042553191,1.0
1415,68850bcd7b3c97d19cf78c31,Prompt 195,True,0.77,258.88,65.0,1380000000.0,1215000000.0,6810501120.0,0.39,1900-01-01 13:09:33,709,5,0.9787234042553191,1.0
1416,68850bcd7b3c97d19cf78c32,Prompt 195,True,0.77,258.88,65.0,1380000000.0,1215000000.0,6810501120.0,0.39,1900-01-01 13:09:33,710,6,0.9787234042553191,1.0
1417,68850bce7b3c97d19cf78c33,Prompt 195,True,0.77,258.88,65.0,1380000000.0,1215000000.0,6810501120.0,0.39,1900-01-01 13:09:34,711,7,0.9787234042553191,1.0
1418,68850bce7b3c97d19cf78c34,Prompt 195,True,0.77,258.88,65.0,1380000000.0,1215000000.0,6810501120.0,0.39,1900-01-01 13:09:34,711,8,0.9787234042553191,1.0
1419,68850bcf7b3c97d19cf78c35,Prompt 195,True,0.77,258.88,65.0,1380000000.0,1215000000.0,6810501120.0,0.39,1900-01-01 13:09:35,712,9,0.9787234042553191,1.0
1420,68850bcf7b3c97d19cf78c36,Prompt 195,True,0.77,258.88,65.0,1380000000.0,1215000000.0,6810501120.0,0.39,1900-01-01 13:09:35,712,10,0.9787234042553191,1.0
1421,68850bd07b3c97d19cf78c37,Prompt 195,True,0.77,258.88,65.0,1380000000.0,1215000000.0,6810501120.0,0.39,1900-01-01 13:09:36,713,11,0.9787234042553191,1.0
1422,68850bd07b3c97d19cf78c38,Prompt 195,True,0.77,258.88,65.0,1380000000.0,1215000000.0,6810501120.0,0.39,1900-01-01 13:09:36,713,12,0.9787234042553191,1.0
1423,68850bd07b3c97d19cf78c39,,True,,,,,,,,1900-01-01 13:09:36,,,,
1424,68850bd17b3c97d19cf78c3a,Prompt 196,True,0.77,258.88,65.0,1380000000.0,1215000000.0,6810501120.0,0.09,1900-01-01 13:09:37,714,1,0.9787234042553191,1.0
1425,68850bd17b3c97d19cf78c3b,Prompt 196,True,0.19,248.03,63.0,1395000000.0,1215000000.0,6810501120.0,0.09,1900-01-01 13:09:37,714,2,0.9893617021276596,1.0
1426,68850bd27b3c97d19cf78c3c,Prompt 196,True,0.19,248.03,63.0,1395000000.0,1215000000.0,6810501120.0,0.09,1900-01-01 13:09:38,715,3,0.9893617021276596,1.0
1427,68850bd37b3c97d19cf78c3d,Prompt 196,True,0.19,248.03,63.0,1395000000.0,1215000000.0,6810501120.0,0.09,1900-01-01 13:09:39,716,4,0.9893617021276596,1.0
1428,68850bd37b3c97d19cf78c3e,Prompt 196,True,0.19,248.03,63.0,1395000000.0,1215000000.0,6810501120.0,0.09,1900-01-01 13:09:39,716,5,0.9893617021276596,1.0
1429,68850bd47b3c97d19cf78c3f,Prompt 196,True,0.19,248.03,63.0,1395000000.0,1215000000.0,6810501120.0,0.09,1900-01-01 13:09:40,717,6,0.9893617021276596,1.0
1430,68850bd47b3c97d19cf78c40,Prompt 196,True,0.19,248.03,63.0,1395000000.0,1215000000.0,6810501120.0,0.09,1900-01-01 13:09:40,717,7,0.9893617021276596,1.0
1431,68850bd57b3c97d19cf78c41,Prompt 196,True,0.19,248.03,63.0,1395000000.0,1215000000.0,6810501120.0,0.09,1900-01-01 13:09:41,718,8,0.9893617021276596,1.0
1432,68850bd57b3c97d19cf78c42,Prompt 196,True,0.19,248.03,63.0,1395000000.0,1215000000.0,6810501120.0,0.09,1900-01-01 13:09:41,718,9,0.9893617021276596,1.0
1433,68850bd67b3c97d19cf78c43,Prompt 196,True,0.19,248.03,63.0,1395000000.0,1215000000.0,6810501120.0,0.09,1900-01-01 13:09:42,719,10,0.9893617021276596,1.0
1434,68850bd67b3c97d19cf78c44,Prompt 196,True,0.19,248.03,63.0,1395000000.0,1215000000.0,6810501120.0,0.09,1900-01-01 13:09:42,719,11,0.9893617021276596,1.0
1435,68850bd77b3c97d19cf78c45,Prompt 196,True,0.19,248.03,63.0,1395000000.0,1215000000.0,6810501120.0,0.09,1900-01-01 13:09:43,720,12,0.9893617021276596,1.0
1436,68850bd77b3c97d19cf78c46,,True,,,,,,,,1900-01-01 13:09:43,,,,
1437,68850bd87b3c97d19cf78c47,Prompt 197,True,0.19,248.03,63.0,1395000000.0,1215000000.0,6810501120.0,0.09,1900-01-01 13:09:44,721,1,0.9893617021276596,1.0
1438,68850bd87b3c97d19cf78c48,Prompt 197,True,0.19,248.03,63.0,1395000000.0,1215000000.0,6810501120.0,0.09,1900-01-01 13:09:44,721,2,0.9893617021276596,1.0
1439,68850bd97b3c97d19cf78c49,Prompt 197,True,0.19,248.03,63.0,1395000000.0,1215000000.0,6810501120.0,0.09,1900-01-01 13:09:45,722,3,0.9893617021276596,1.0
1440,68850bda7b3c97d19cf78c4a,Prompt 197,True,0.19,248.03,63.0,1395000000.0,1215000000.0,6810501120.0,0.09,1900-01-01 13:09:46,723,4,0.9893617021276596,1.0
1441,68850bda7b3c97d19cf78c4b,Prompt 197,True,0.19,248.03,63.0,1395000000.0,1215000000.0,6810501120.0,0.09,1900-01-01 13:09:46,723,5,0.9893617021276596,1.0
1442,68850bdb7b3c97d19cf78c4c,Prompt 197,True,0.19,248.03,63.0,1395000000.0,1215000000.0,6810501120.0,0.09,1900-01-01 13:09:47,724,6,0.9893617021276596,1.0
1443,68850bdb7b3c97d19cf78c4d,Prompt 197,True,0.19,248.03,63.0,1395000000.0,1215000000.0,6810501120.0,0.09,1900-01-01 13:09:47,724,7,0.9893617021276596,1.0
1444,68850bdc7b3c97d19cf78c4e,Prompt 197,True,0.19,248.03,63.0,1395000000.0,1215000000.0,6810501120.0,0.09,1900-01-01 13:09:48,725,8,0.9893617021276596,1.0
1445,68850bdd7b3c97d19cf78c4f,Prompt 197,True,0.19,248.03,63.0,1395000000.0,1215000000.0,6810501120.0,0.09,1900-01-01 13:09:49,726,9,0.9893617021276596,1.0
1446,68850bdd7b3c97d19cf78c50,,True,,,,,,,,1900-01-01 13:09:49,,,,
1447,68850bde7b3c97d19cf78c51,Prompt 198,True,0.19,248.03,63.0,1395000000.0,1215000000.0,6810501120.0,0.09,1900-01-01 13:09:50,727,1,0.9893617021276596,1.0
1448,68850bde7b3c97d19cf78c52,Prompt 198,True,0.19,248.03,63.0,1395000000.0,1215000000.0,6810501120.0,0.09,1900-01-01 13:09:50,727,2,0.9893617021276596,1.0
1449,68850bdf7b3c97d19cf78c53,Prompt 198,True,0.19,248.03,63.0,1395000000.0,1215000000.0,6810501120.0,0.09,1900-01-01 13:09:51,728,3,0.9893617021276596,1.0
1450,68850be07b3c97d19cf78c54,Prompt 198,True,0.19,248.03,63.0,1395000000.0,1215000000.0,6810501120.0,0.09,1900-01-01 13:09:52,729,4,0.9893617021276596,1.0
1451,68850be07b3c97d19cf78c55,Prompt 198,True,0.77,246.92,65.0,1380000000.0,1215000000.0,6810501120.0,0.39,1900-01-01 13:09:52,729,5,0.9787234042553191,1.0
1452,68850be17b3c97d19cf78c56,Prompt 198,True,0.77,246.92,65.0,1380000000.0,1215000000.0,6810501120.0,0.39,1900-01-01 13:09:53,730,6,0.9787234042553191,1.0
1453,68850be27b3c97d19cf78c57,Prompt 198,True,0.77,246.92,65.0,1380000000.0,1215000000.0,6810501120.0,0.39,1900-01-01 13:09:54,731,7,0.9787234042553191,1.0
1454,68850be27b3c97d19cf78c58,Prompt 198,True,0.77,246.92,65.0,1380000000.0,1215000000.0,6810501120.0,0.39,1900-01-01 13:09:54,731,8,0.9787234042553191,1.0
1455,68850be37b3c97d19cf78c59,Prompt 198,True,0.77,246.92,65.0,1380000000.0,1215000000.0,6810501120.0,0.39,1900-01-01 13:09:55,732,9,0.9787234042553191,1.0
1456,68850be37b3c97d19cf78c5a,,True,,,,,,,,1900-01-01 13:09:54,,,,
1457,68850be37b3c97d19cf78c5b,Prompt 199,True,0.77,246.92,65.0,1380000000.0,1215000000.0,6810501120.0,0.39,1900-01-01 13:09:55,732,1,0.9787234042553191,1.0
1458,68850be47b3c97d19cf78c5c,Prompt 199,True,0.77,246.92,65.0,1380000000.0,1215000000.0,6810501120.0,0.39,1900-01-01 13:09:56,733,2,0.9787234042553191,1.0
1459,68850be57b3c97d19cf78c5d,Prompt 199,True,0.77,246.92,65.0,1380000000.0,1215000000.0,6810501120.0,0.39,1900-01-01 13:09:57,734,3,0.9787234042553191,1.0
1460,68850be57b3c97d19cf78c5e,Prompt 199,True,0.77,246.92,65.0,1380000000.0,1215000000.0,6810501120.0,0.39,1900-01-01 13:09:57,734,4,0.9787234042553191,1.0
1461,68850be67b3c97d19cf78c5f,Prompt 199,True,0.77,246.92,65.0,1380000000.0,1215000000.0,6810501120.0,0.39,1900-01-01 13:09:58,735,5,0.9787234042553191,1.0
1462,68850be67b3c97d19cf78c60,Prompt 199,True,0.77,246.92,65.0,1380000000.0,1215000000.0,6810501120.0,0.39,1900-01-01 13:09:58,735,6,0.9787234042553191,1.0
1463,68850be77b3c97d19cf78c61,Prompt 199,True,0.77,246.92,65.0,1380000000.0,1215000000.0,6810501120.0,0.39,1900-01-01 13:09:59,736,7,0.9787234042553191,1.0
1464,68850be77b3c97d19cf78c62,Prompt 199,True,0.77,246.92,65.0,1380000000.0,1215000000.0,6810501120.0,0.39,1900-01-01 13:09:59,736,8,0.9787234042553191,1.0
1465,68850be87b3c97d19cf78c63,Prompt 199,True,0.77,246.92,65.0,1380000000.0,1215000000.0,6810501120.0,0.39,1900-01-01 13:10:00,737,9,0.9787234042553191,1.0
1466,68850be87b3c97d19cf78c64,,True,,,,,,,,1900-01-01 13:10:00,,,,
1467,68850be97b3c97d19cf78c65,Prompt 200,True,0.77,246.92,65.0,1380000000.0,1215000000.0,6810501120.0,0.39,1900-01-01 13:10:01,738,1,0.9787234042553191,1.0
1468,68850be97b3c97d19cf78c66,Prompt 200,True,0.77,246.92,65.0,1380000000.0,1215000000.0,6810501120.0,0.39,1900-01-01 13:10:01,738,2,0.9787234042553191,1.0
1469,68850bea7b3c97d19cf78c67,Prompt 200,True,0.77,246.92,65.0,1380000000.0,1215000000.0,6810501120.0,0.39,1900-01-01 13:10:02,739,3,0.9787234042553191,1.0
1470,68850bea7b3c97d19cf78c68,Prompt 200,True,0.77,246.92,65.0,1380000000.0,1215000000.0,6810501120.0,0.39,1900-01-01 13:10:02,739,4,0.9787234042553191,1.0
1471,68850beb7b3c97d19cf78c69,Prompt 200,True,0.77,246.92,65.0,1380000000.0,1215000000.0,6810501120.0,0.39,1900-01-01 13:10:03,740,5,0.9787234042553191,1.0
1472,68850beb7b3c97d19cf78c6a,Prompt 200,True,0.77,246.92,65.0,1380000000.0,1215000000.0,6810501120.0,0.39,1900-01-01 13:10:03,740,6,0.9787234042553191,1.0
1473,68850bec7b3c97d19cf78c6b,Prompt 200,True,0.77,246.92,65.0,1380000000.0,1215000000.0,6810501120.0,0.39,1900-01-01 13:10:04,741,7,0.9787234042553191,1.0
1474,68850bec7b3c97d19cf78c6c,Prompt 200,True,0.77,246.92,65.0,1380000000.0,1215000000.0,6810501120.0,0.39,1900-01-01 13:10:04,741,8,0.9787234042553191,1.0
1475,68850bed7b3c97d19cf78c6d,Prompt 200,True,0.77,246.92,65.0,1380000000.0,1215000000.0,6810501120.0,0.39,1900-01-01 13:10:05,742,9,0.9787234042553191,1.0
1476,68850bee7b3c97d19cf78c6e,Prompt 200,True,0.77,246.92,65.0,1380000000.0,1215000000.0,6810501120.0,0.39,1900-01-01 13:10:06,742,10,0.9787234042553191,1.0
1477,68850bee7b3c97d19cf78c6f,,True,,,,,,,,1900-01-01 13:10:05,,,,
1478,68850bee7b3c97d19cf78c70,Prompt 201,True,0.77,246.92,65.0,1380000000.0,1215000000.0,6810501120.0,0.39,1900-01-01 13:10:06,743,1,0.9787234042553191,1.0
1479,68850bef7b3c97d19cf78c71,Prompt 201,True,0.77,246.92,65.0,1380000000.0,1215000000.0,6810501120.0,0.39,1900-01-01 13:10:07,744,2,0.9787234042553191,1.0
1480,68850bef7b3c97d19cf78c72,Prompt 201,True,0.77,245.3,64.0,1380000000.0,1215000000.0,6810501120.0,0.39,1900-01-01 13:10:07,744,3,0.9787234042553191,1.0
1481,68850bf07b3c97d19cf78c73,Prompt 201,True,0.74,245.3,64.0,1380000000.0,1215000000.0,6810501120.0,0.39,1900-01-01 13:10:08,745,4,0.9787234042553191,1.0
1482,68850bf07b3c97d19cf78c74,Prompt 201,True,0.74,245.3,64.0,1380000000.0,1215000000.0,6810501120.0,0.39,1900-01-01 13:10:08,745,5,0.9787234042553191,1.0
1483,68850bf17b3c97d19cf78c75,Prompt 201,True,0.74,245.3,64.0,1380000000.0,1215000000.0,6810501120.0,0.39,1900-01-01 13:10:09,746,6,0.9787234042553191,1.0
1484,68850bf17b3c97d19cf78c76,Prompt 201,True,0.74,245.3,64.0,1380000000.0,1215000000.0,6810501120.0,0.39,1900-01-01 13:10:09,746,7,0.9787234042553191,1.0
1485,68850bf27b3c97d19cf78c77,Prompt 201,True,0.74,245.3,64.0,1380000000.0,1215000000.0,6810501120.0,0.39,1900-01-01 13:10:10,747,8,0.9787234042553191,1.0
1486,68850bf27b3c97d19cf78c78,Prompt 201,True,0.74,245.3,64.0,1380000000.0,1215000000.0,6810501120.0,0.39,1900-01-01 13:10:10,747,9,0.9787234042553191,1.0
1487,68850bf37b3c97d19cf78c79,Prompt 201,True,0.74,245.3,64.0,1380000000.0,1215000000.0,6810501120.0,0.39,1900-01-01 13:10:11,748,10,0.9787234042553191,1.0
1488,68850bf47b3c97d19cf78c7a,Prompt 201,True,0.74,245.3,64.0,1380000000.0,1215000000.0,6810501120.0,0.39,1900-01-01 13:10:12,748,11,0.9787234042553191,1.0
1489,68850bf47b3c97d19cf78c7b,Prompt 201,True,0.74,245.3,64.0,1380000000.0,1215000000.0,6810501120.0,0.39,1900-01-01 13:10:12,749,12,0.9787234042553191,1.0
1490,68850bf57b3c97d19cf78c7c,Prompt 201,True,0.74,245.3,64.0,1380000000.0,1215000000.0,6810501120.0,0.39,1900-01-01 13:10:13,750,13,0.9787234042553191,1.0
1491,68850bf57b3c97d19cf78c7d,,True,,,,,,,,1900-01-01 13:10:12,,,,
1492,68850bf57b3c97d19cf78c7e,Prompt 202,True,0.74,245.3,64.0,1380000000.0,1215000000.0,6810501120.0,0.39,1900-01-01 13:10:13,750,1,0.9787234042553191,1.0
1493,68850bf67b3c97d19cf78c7f,Prompt 202,True,0.74,245.3,64.0,1380000000.0,1215000000.0,6810501120.0,0.39,1900-01-01 13:10:14,751,2,0.9787234042553191,1.0
1494,68850bf67b3c97d19cf78c80,Prompt 202,True,0.74,245.3,64.0,1380000000.0,1215000000.0,6810501120.0,0.39,1900-01-01 13:10:14,751,3,0.9787234042553191,1.0
1495,68850bf77b3c97d19cf78c81,Prompt 202,True,0.74,245.3,64.0,1380000000.0,1215000000.0,6810501120.0,0.39,1900-01-01 13:10:15,752,4,0.9787234042553191,1.0
1496,68850bf77b3c97d19cf78c82,Prompt 202,True,0.74,245.3,64.0,1380000000.0,1215000000.0,6810501120.0,0.39,1900-01-01 13:10:15,752,5,0.9787234042553191,1.0
1497,68850bf87b3c97d19cf78c83,Prompt 202,True,0.74,245.3,64.0,1380000000.0,1215000000.0,6810501120.0,0.39,1900-01-01 13:10:16,753,6,0.9787234042553191,1.0
1498,68850bf97b3c97d19cf78c84,Prompt 202,True,0.74,245.3,64.0,1380000000.0,1215000000.0,6810501120.0,0.39,1900-01-01 13:10:17,753,7,0.9787234042553191,1.0
1499,68850bf97b3c97d19cf78c85,Prompt 202,True,0.74,245.3,64.0,1380000000.0,1215000000.0,6810501120.0,0.39,1900-01-01 13:10:17,754,8,0.9787234042553191,1.0
1500,68850bfa7b3c97d19cf78c86,Prompt 202,True,0.74,245.3,64.0,1380000000.0,1215000000.0,6810501120.0,0.39,1900-01-01 13:10:18,755,9,0.9787234042553191,1.0
1501,68850bfa7b3c97d19cf78c87,Prompt 202,True,0.74,245.3,64.0,1380000000.0,1215000000.0,6810501120.0,0.39,1900-01-01 13:10:18,755,10,0.9787234042553191,1.0
1502,68850bfb7b3c97d19cf78c88,Prompt 202,True,0.74,245.3,64.0,1380000000.0,1215000000.0,6810501120.0,0.39,1900-01-01 13:10:19,756,11,0.9787234042553191,1.0
1503,68850bfb7b3c97d19cf78c89,Prompt 202,True,0.74,245.3,64.0,1380000000.0,1215000000.0,6810501120.0,0.39,1900-01-01 13:10:19,756,12,0.9787234042553191,1.0
1504,68850bfb7b3c97d19cf78c8a,,True,,,,,,,,1900-01-01 13:10:19,,,,
1505,68850bfc7b3c97d19cf78c8b,Prompt 203,True,0.74,245.3,64.0,1380000000.0,1215000000.0,6810501120.0,0.39,1900-01-01 13:10:20,757,1,0.9787234042553191,1.0
1506,68850bfc7b3c97d19cf78c8c,Prompt 203,True,0.74,245.3,64.0,1380000000.0,1215000000.0,6810501120.0,0.39,1900-01-01 13:10:20,757,2,0.9787234042553191,1.0
1507,68850bfd7b3c97d19cf78c8d,Prompt 203,True,0.74,245.3,64.0,1380000000.0,1215000000.0,6810501120.0,0.39,1900-01-01 13:10:21,758,3,0.9787234042553191,1.0
1508,68850bfd7b3c97d19cf78c8e,Prompt 203,True,0.74,245.3,64.0,1380000000.0,1215000000.0,6810501120.0,0.39,1900-01-01 13:10:21,758,4,0.9787234042553191,1.0
1509,68850bfd7b3c97d19cf78c8f,,True,,,,,,,,1900-01-01 13:10:21,,,,
1510,68850bfe7b3c97d19cf78c90,Prompt 204,True,0.74,245.3,64.0,1380000000.0,1215000000.0,6810501120.0,0.05,1900-01-01 13:10:22,759,1,0.9787234042553191,1.0
1511,68850bfe7b3c97d19cf78c91,Prompt 204,True,0.13,246.72,63.0,1380000000.0,1215000000.0,6810501120.0,0.05,1900-01-01 13:10:22,759,2,0.9787234042553191,1.0
1512,68850bff7b3c97d19cf78c92,Prompt 204,True,0.13,246.72,63.0,1380000000.0,1215000000.0,6810501120.0,0.05,1900-01-01 13:10:23,760,3,0.9787234042553191,1.0
1513,68850bff7b3c97d19cf78c93,Prompt 204,True,0.13,246.72,63.0,1380000000.0,1215000000.0,6810501120.0,0.05,1900-01-01 13:10:23,760,4,0.9787234042553191,1.0
1514,68850c007b3c97d19cf78c94,Prompt 204,True,0.13,246.72,63.0,1380000000.0,1215000000.0,6810501120.0,0.05,1900-01-01 13:10:24,761,5,0.9787234042553191,1.0
1515,68850c017b3c97d19cf78c95,Prompt 204,True,0.13,246.72,63.0,1380000000.0,1215000000.0,6810501120.0,0.05,1900-01-01 13:10:25,762,6,0.9787234042553191,1.0
1516,68850c017b3c97d19cf78c96,,True,,,,,,,,1900-01-01 13:10:24,,,,
1517,68850c017b3c97d19cf78c97,Prompt 205,True,0.13,246.72,63.0,1380000000.0,1215000000.0,6810501120.0,0.05,1900-01-01 13:10:25,762,1,0.9787234042553191,1.0
1518,68850c027b3c97d19cf78c98,Prompt 205,True,0.13,246.72,63.0,1380000000.0,1215000000.0,6810501120.0,0.05,1900-01-01 13:10:26,763,2,0.9787234042553191,1.0
1519,68850c027b3c97d19cf78c99,Prompt 205,True,0.13,246.72,63.0,1380000000.0,1215000000.0,6810501120.0,0.05,1900-01-01 13:10:26,763,3,0.9787234042553191,1.0
1520,68850c037b3c97d19cf78c9a,Prompt 205,True,0.13,246.72,63.0,1380000000.0,1215000000.0,6810501120.0,0.05,1900-01-01 13:10:27,764,4,0.9787234042553191,1.0
1521,68850c037b3c97d19cf78c9b,Prompt 205,True,0.13,246.72,63.0,1380000000.0,1215000000.0,6810501120.0,0.05,1900-01-01 13:10:27,764,5,0.9787234042553191,1.0
1522,68850c047b3c97d19cf78c9c,Prompt 205,True,0.13,246.72,63.0,1380000000.0,1215000000.0,6810501120.0,0.05,1900-01-01 13:10:28,765,6,0.9787234042553191,1.0
1523,68850c047b3c97d19cf78c9d,Prompt 205,True,0.13,246.72,63.0,1380000000.0,1215000000.0,6810501120.0,0.05,1900-01-01 13:10:28,765,7,0.9787234042553191,1.0
1524,68850c047b3c97d19cf78c9e,,True,,,,,,,,1900-01-01 13:10:28,,,,
1525,68850c057b3c97d19cf78c9f,Prompt 206,True,0.13,246.72,63.0,1380000000.0,1215000000.0,6810501120.0,0.05,1900-01-01 13:10:29,766,1,0.9787234042553191,1.0
1526,68850c067b3c97d19cf78ca0,Prompt 206,True,0.13,246.72,63.0,1380000000.0,1215000000.0,6810501120.0,0.05,1900-01-01 13:10:30,766,2,0.9787234042553191,1.0
1527,68850c067b3c97d19cf78ca1,Prompt 206,True,0.13,246.72,63.0,1380000000.0,1215000000.0,6810501120.0,0.05,1900-01-01 13:10:30,767,3,0.9787234042553191,1.0
1528,68850c077b3c97d19cf78ca2,Prompt 206,True,0.13,246.72,63.0,1380000000.0,1215000000.0,6810501120.0,0.05,1900-01-01 13:10:31,768,4,0.9787234042553191,1.0
1529,68850c077b3c97d19cf78ca3,Prompt 206,True,0.13,246.72,63.0,1380000000.0,1215000000.0,6810501120.0,0.05,1900-01-01 13:10:31,768,5,0.9787234042553191,1.0
1530,68850c087b3c97d19cf78ca4,Prompt 206,True,0.13,246.72,63.0,1380000000.0,1215000000.0,6810501120.0,0.05,1900-01-01 13:10:32,769,6,0.9787234042553191,1.0
1531,68850c087b3c97d19cf78ca5,Prompt 206,True,0.13,246.72,63.0,1380000000.0,1215000000.0,6810501120.0,0.05,1900-01-01 13:10:32,769,7,0.9787234042553191,1.0
1532,68850c097b3c97d19cf78ca6,Prompt 206,True,0.13,246.72,63.0,1380000000.0,1215000000.0,6810501120.0,0.05,1900-01-01 13:10:33,770,8,0.9787234042553191,1.0
1533,68850c097b3c97d19cf78ca7,Prompt 206,True,0.13,246.72,63.0,1380000000.0,1215000000.0,6810501120.0,0.05,1900-01-01 13:10:33,770,9,0.9787234042553191,1.0
1534,68850c097b3c97d19cf78ca8,,True,,,,,,,,1900-01-01 13:10:33,,,,
1535,68850c0a7b3c97d19cf78ca9,Prompt 207,True,0.13,246.72,63.0,1380000000.0,1215000000.0,6810501120.0,0.05,1900-01-01 13:10:34,771,1,0.9787234042553191,1.0
1536,68850c0b7b3c97d19cf78caa,Prompt 207,True,0.13,246.72,63.0,1380000000.0,1215000000.0,6810501120.0,0.05,1900-01-01 13:10:35,772,2,0.9787234042553191,1.0
1537,68850c0b7b3c97d19cf78cab,Prompt 207,True,0.13,246.72,63.0,1380000000.0,1215000000.0,6810501120.0,0.05,1900-01-01 13:10:35,772,3,0.9787234042553191,1.0
1538,68850c0c7b3c97d19cf78cac,Prompt 207,True,0.13,246.72,63.0,1380000000.0,1215000000.0,6810501120.0,0.05,1900-01-01 13:10:36,773,4,0.9787234042553191,1.0
1539,68850c0c7b3c97d19cf78cad,Prompt 207,True,0.13,246.72,63.0,1380000000.0,1215000000.0,6810501120.0,0.05,1900-01-01 13:10:36,773,5,0.9787234042553191,1.0
1540,68850c0d7b3c97d19cf78cae,Prompt 207,True,0.13,246.72,63.0,1380000000.0,1215000000.0,6810501120.0,0.38,1900-01-01 13:10:37,774,6,0.9787234042553191,1.0
1541,68850c0d7b3c97d19cf78caf,Prompt 207,True,0.76,249.27,64.0,1395000000.0,1215000000.0,6810501120.0,0.38,1900-01-01 13:10:37,774,7,0.9893617021276596,1.0
1542,68850c0e7b3c97d19cf78cb0,Prompt 207,True,0.76,249.27,64.0,1395000000.0,1215000000.0,6810501120.0,0.38,1900-01-01 13:10:38,775,8,0.9893617021276596,1.0
1543,68850c0e7b3c97d19cf78cb1,Prompt 207,True,0.76,249.27,64.0,1395000000.0,1215000000.0,6810501120.0,0.38,1900-01-01 13:10:38,775,9,0.9893617021276596,1.0
1544,68850c0e7b3c97d19cf78cb2,,True,,,,,,,,1900-01-01 13:10:38,,,,
1545,68850c0f7b3c97d19cf78cb3,Prompt 208,True,0.76,249.27,64.0,1395000000.0,1215000000.0,6810501120.0,0.38,1900-01-01 13:10:39,776,1,0.9893617021276596,1.0
1546,68850c107b3c97d19cf78cb4,Prompt 208,True,0.76,249.27,64.0,1395000000.0,1215000000.0,6810501120.0,0.38,1900-01-01 13:10:40,777,2,0.9893617021276596,1.0
1547,68850c107b3c97d19cf78cb5,Prompt 208,True,0.76,249.27,64.0,1395000000.0,1215000000.0,6810501120.0,0.38,1900-01-01 13:10:40,777,3,0.9893617021276596,1.0
1548,68850c117b3c97d19cf78cb6,Prompt 208,True,0.76,249.27,64.0,1395000000.0,1215000000.0,6810501120.0,0.38,1900-01-01 13:10:41,778,4,0.9893617021276596,1.0
1549,68850c117b3c97d19cf78cb7,Prompt 208,True,0.76,249.27,64.0,1395000000.0,1215000000.0,6810501120.0,0.38,1900-01-01 13:10:41,778,5,0.9893617021276596,1.0
1550,68850c127b3c97d19cf78cb8,Prompt 208,True,0.76,249.27,64.0,1395000000.0,1215000000.0,6810501120.0,0.38,1900-01-01 13:10:42,779,6,0.9893617021276596,1.0
1551,68850c127b3c97d19cf78cb9,Prompt 208,True,0.76,249.27,64.0,1395000000.0,1215000000.0,6810501120.0,0.38,1900-01-01 13:10:42,779,7,0.9893617021276596,1.0
1552,68850c137b3c97d19cf78cba,Prompt 208,True,0.76,249.27,64.0,1395000000.0,1215000000.0,6810501120.0,0.38,1900-01-01 13:10:43,780,8,0.9893617021276596,1.0
1553,68850c137b3c97d19cf78cbb,Prompt 208,True,0.76,249.27,64.0,1395000000.0,1215000000.0,6810501120.0,0.38,1900-01-01 13:10:43,780,9,0.9893617021276596,1.0
1554,68850c137b3c97d19cf78cbc,,True,,,,,,,,1900-01-01 13:10:43,,,,
1555,68850c147b3c97d19cf78cbd,Prompt 209,True,0.76,249.27,64.0,1395000000.0,1215000000.0,6810501120.0,0.38,1900-01-01 13:10:44,781,1,0.9893617021276596,1.0
1556,68850c157b3c97d19cf78cbe,Prompt 209,True,0.76,249.27,64.0,1395000000.0,1215000000.0,6810501120.0,0.38,1900-01-01 13:10:45,782,2,0.9893617021276596,1.0
1557,68850c157b3c97d19cf78cbf,Prompt 209,True,0.76,249.27,64.0,1395000000.0,1215000000.0,6810501120.0,0.38,1900-01-01 13:10:45,782,3,0.9893617021276596,1.0
1558,68850c167b3c97d19cf78cc0,Prompt 209,True,0.76,249.27,64.0,1395000000.0,1215000000.0,6810501120.0,0.38,1900-01-01 13:10:46,783,4,0.9893617021276596,1.0
1559,68850c167b3c97d19cf78cc1,Prompt 209,True,0.76,249.27,64.0,1395000000.0,1215000000.0,6810501120.0,0.38,1900-01-01 13:10:46,783,5,0.9893617021276596,1.0
1560,68850c177b3c97d19cf78cc2,Prompt 209,True,0.76,249.27,64.0,1395000000.0,1215000000.0,6810501120.0,0.38,1900-01-01 13:10:47,784,6,0.9893617021276596,1.0
1561,68850c177b3c97d19cf78cc3,Prompt 209,True,0.76,249.27,64.0,1395000000.0,1215000000.0,6810501120.0,0.38,1900-01-01 13:10:47,784,7,0.9893617021276596,1.0
1562,68850c187b3c97d19cf78cc4,Prompt 209,True,0.76,249.27,64.0,1395000000.0,1215000000.0,6810501120.0,0.38,1900-01-01 13:10:48,785,8,0.9893617021276596,1.0
1563,68850c187b3c97d19cf78cc5,Prompt 209,True,0.76,249.27,64.0,1395000000.0,1215000000.0,6810501120.0,0.38,1900-01-01 13:10:48,785,9,0.9893617021276596,1.0
1564,68850c197b3c97d19cf78cc6,Prompt 209,True,0.76,249.27,64.0,1395000000.0,1215000000.0,6810501120.0,0.38,1900-01-01 13:10:49,786,10,0.9893617021276596,1.0
1565,68850c197b3c97d19cf78cc7,,True,,,,,,,,1900-01-01 13:10:48,,,,
1566,68850c1a7b3c97d19cf78cc8,Prompt 210,True,0.76,249.27,64.0,1395000000.0,1215000000.0,6810501120.0,0.38,1900-01-01 13:10:50,787,1,0.9893617021276596,1.0
1567,68850c1a7b3c97d19cf78cc9,Prompt 210,True,0.76,249.27,64.0,1395000000.0,1215000000.0,6810501120.0,0.38,1900-01-01 13:10:50,787,2,0.9893617021276596,1.0
1568,68850c1b7b3c97d19cf78cca,Prompt 210,True,0.76,249.27,64.0,1395000000.0,1215000000.0,6810501120.0,0.38,1900-01-01 13:10:51,788,3,0.9893617021276596,1.0
1569,68850c1b7b3c97d19cf78ccb,Prompt 210,True,0.76,249.27,64.0,1395000000.0,1215000000.0,6810501120.0,0.38,1900-01-01 13:10:51,788,4,0.9893617021276596,1.0
1570,68850c1c7b3c97d19cf78ccc,Prompt 210,True,0.76,249.27,64.0,1395000000.0,1215000000.0,6810501120.0,0.39,1900-01-01 13:10:52,789,5,0.9893617021276596,1.0
1571,68850c1d7b3c97d19cf78ccd,Prompt 210,True,0.75,258.3,64.0,1395000000.0,1215000000.0,6810501120.0,0.39,1900-01-01 13:10:53,789,6,0.9893617021276596,1.0
1572,68850c1d7b3c97d19cf78cce,Prompt 210,True,0.75,258.3,64.0,1395000000.0,1215000000.0,6810501120.0,0.39,1900-01-01 13:10:53,790,7,0.9893617021276596,1.0
1573,68850c1e7b3c97d19cf78ccf,Prompt 210,True,0.75,258.3,64.0,1395000000.0,1215000000.0,6810501120.0,0.39,1900-01-01 13:10:54,791,8,0.9893617021276596,1.0
1574,68850c1e7b3c97d19cf78cd0,Prompt 210,True,0.75,258.3,64.0,1395000000.0,1215000000.0,6810501120.0,0.39,1900-01-01 13:10:54,791,9,0.9893617021276596,1.0
1575,68850c1f7b3c97d19cf78cd1,Prompt 210,True,0.75,258.3,64.0,1395000000.0,1215000000.0,6810501120.0,0.39,1900-01-01 13:10:55,792,10,0.9893617021276596,1.0
1576,68850c1f7b3c97d19cf78cd2,Prompt 210,True,0.75,258.3,64.0,1395000000.0,1215000000.0,6810501120.0,0.39,1900-01-01 13:10:55,792,11,0.9893617021276596,1.0
1577,68850c207b3c97d19cf78cd3,Prompt 210,True,0.75,258.3,64.0,1395000000.0,1215000000.0,6810501120.0,0.39,1900-01-01 13:10:56,793,12,0.9893617021276596,1.0
1578,68850c207b3c97d19cf78cd4,,True,,,,,,,,1900-01-01 13:10:55,,,,
1579,68850c207b3c97d19cf78cd5,Prompt 211,True,0.75,258.3,64.0,1395000000.0,1215000000.0,6810501120.0,0.39,1900-01-01 13:10:56,793,1,0.9893617021276596,1.0
1580,68850c217b3c97d19cf78cd6,Prompt 211,True,0.75,258.3,64.0,1395000000.0,1215000000.0,6810501120.0,0.39,1900-01-01 13:10:57,794,2,0.9893617021276596,1.0
1581,68850c227b3c97d19cf78cd7,Prompt 211,True,0.75,258.3,64.0,1395000000.0,1215000000.0,6810501120.0,0.39,1900-01-01 13:10:58,794,3,0.9893617021276596,1.0
1582,68850c227b3c97d19cf78cd8,Prompt 211,True,0.75,258.3,64.0,1395000000.0,1215000000.0,6810501120.0,0.39,1900-01-01 13:10:58,795,4,0.9893617021276596,1.0
1583,68850c237b3c97d19cf78cd9,Prompt 211,True,0.75,258.3,64.0,1395000000.0,1215000000.0,6810501120.0,0.39,1900-01-01 13:10:59,796,5,0.9893617021276596,1.0
1584,68850c237b3c97d19cf78cda,Prompt 211,True,0.75,258.3,64.0,1395000000.0,1215000000.0,6810501120.0,0.39,1900-01-01 13:10:59,796,6,0.9893617021276596,1.0
1585,68850c247b3c97d19cf78cdb,Prompt 211,True,0.75,258.3,64.0,1395000000.0,1215000000.0,6810501120.0,0.39,1900-01-01 13:11:00,797,7,0.9893617021276596,1.0
1586,68850c247b3c97d19cf78cdc,Prompt 211,True,0.75,258.3,64.0,1395000000.0,1215000000.0,6810501120.0,0.39,1900-01-01 13:11:00,797,8,0.9893617021276596,1.0
1587,68850c257b3c97d19cf78cdd,Prompt 211,True,0.75,258.3,64.0,1395000000.0,1215000000.0,6810501120.0,0.39,1900-01-01 13:11:01,798,9,0.9893617021276596,1.0
1588,68850c257b3c97d19cf78cde,Prompt 211,True,0.75,258.3,64.0,1395000000.0,1215000000.0,6810501120.0,0.39,1900-01-01 13:11:01,798,10,0.9893617021276596,1.0
1589,68850c267b3c97d19cf78cdf,Prompt 211,True,0.75,258.3,64.0,1395000000.0,1215000000.0,6810501120.0,0.39,1900-01-01 13:11:02,799,11,0.9893617021276596,1.0
1590,68850c267b3c97d19cf78ce0,Prompt 211,True,0.75,258.3,64.0,1395000000.0,1215000000.0,6810501120.0,0.39,1900-01-01 13:11:02,799,12,0.9893617021276596,1.0
1591,68850c267b3c97d19cf78ce1,,True,,,,,,,,1900-01-01 13:11:02,,,,
1592,68850c277b3c97d19cf78ce2,Prompt 212,True,0.75,258.3,64.0,1395000000.0,1215000000.0,6810501120.0,0.39,1900-01-01 13:11:03,800,1,0.9893617021276596,1.0
1593,68850c287b3c97d19cf78ce3,Prompt 212,True,0.75,258.3,64.0,1395000000.0,1215000000.0,6810501120.0,0.39,1900-01-01 13:11:04,800,2,0.9893617021276596,1.0
1594,68850c287b3c97d19cf78ce4,Prompt 212,True,0.75,258.3,64.0,1395000000.0,1215000000.0,6810501120.0,0.39,1900-01-01 13:11:04,801,3,0.9893617021276596,1.0
1595,68850c297b3c97d19cf78ce5,Prompt 212,True,0.75,258.3,64.0,1395000000.0,1215000000.0,6810501120.0,0.39,1900-01-01 13:11:05,802,4,0.9893617021276596,1.0
1596,68850c297b3c97d19cf78ce6,Prompt 212,True,0.75,258.3,64.0,1395000000.0,1215000000.0,6810501120.0,0.39,1900-01-01 13:11:05,802,5,0.9893617021276596,1.0
1597,68850c2a7b3c97d19cf78ce7,Prompt 212,True,0.75,258.3,64.0,1395000000.0,1215000000.0,6810501120.0,0.39,1900-01-01 13:11:06,803,6,0.9893617021276596,1.0
1598,68850c2a7b3c97d19cf78ce8,Prompt 212,True,0.75,258.3,64.0,1395000000.0,1215000000.0,6810501120.0,0.39,1900-01-01 13:11:06,803,7,0.9893617021276596,1.0
1599,68850c2b7b3c97d19cf78ce9,Prompt 212,True,0.75,258.3,64.0,1395000000.0,1215000000.0,6810501120.0,0.38,1900-01-01 13:11:07,804,8,0.9893617021276596,1.0
1600,68850c2b7b3c97d19cf78cea,Prompt 212,True,0.76,234.8,64.0,1395000000.0,1215000000.0,6810501120.0,0.38,1900-01-01 13:11:07,804,9,0.9893617021276596,1.0
1601,68850c2c7b3c97d19cf78ceb,Prompt 212,True,0.76,234.8,64.0,1395000000.0,1215000000.0,6810501120.0,0.38,1900-01-01 13:11:08,805,10,0.9893617021276596,1.0
1602,68850c2d7b3c97d19cf78cec,Prompt 212,True,0.76,234.8,64.0,1395000000.0,1215000000.0,6810501120.0,0.38,1900-01-01 13:11:09,805,11,0.9893617021276596,1.0
1603,68850c2d7b3c97d19cf78ced,,True,,,,,,,,1900-01-01 13:11:08,,,,
1604,68850c2d7b3c97d19cf78cee,Prompt 213,True,0.76,234.8,64.0,1395000000.0,1215000000.0,6810501120.0,0.38,1900-01-01 13:11:09,806,1,0.9893617021276596,1.0
1605,68850c2e7b3c97d19cf78cef,Prompt 213,True,0.76,234.8,64.0,1395000000.0,1215000000.0,6810501120.0,0.38,1900-01-01 13:11:10,807,2,0.9893617021276596,1.0
1606,68850c2e7b3c97d19cf78cf0,Prompt 213,True,0.76,234.8,64.0,1395000000.0,1215000000.0,6810501120.0,0.38,1900-01-01 13:11:10,807,3,0.9893617021276596,1.0
1607,68850c2f7b3c97d19cf78cf1,Prompt 213,True,0.76,234.8,64.0,1395000000.0,1215000000.0,6810501120.0,0.38,1900-01-01 13:11:11,808,4,0.9893617021276596,1.0
1608,68850c307b3c97d19cf78cf2,Prompt 213,True,0.76,234.8,64.0,1395000000.0,1215000000.0,6810501120.0,0.38,1900-01-01 13:11:12,809,5,0.9893617021276596,1.0
1609,68850c307b3c97d19cf78cf3,Prompt 213,True,0.76,234.8,64.0,1395000000.0,1215000000.0,6810501120.0,0.38,1900-01-01 13:11:12,809,6,0.9893617021276596,1.0
1610,68850c317b3c97d19cf78cf4,Prompt 213,True,0.76,234.8,64.0,1395000000.0,1215000000.0,6810501120.0,0.38,1900-01-01 13:11:13,810,7,0.9893617021276596,1.0
1611,68850c317b3c97d19cf78cf5,Prompt 213,True,0.76,234.8,64.0,1395000000.0,1215000000.0,6810501120.0,0.38,1900-01-01 13:11:13,810,8,0.9893617021276596,1.0
1612,68850c327b3c97d19cf78cf6,Prompt 213,True,0.76,234.8,64.0,1395000000.0,1215000000.0,6810501120.0,0.38,1900-01-01 13:11:14,811,9,0.9893617021276596,1.0
1613,68850c327b3c97d19cf78cf7,Prompt 213,True,0.76,234.8,64.0,1395000000.0,1215000000.0,6810501120.0,0.38,1900-01-01 13:11:14,811,10,0.9893617021276596,1.0
1614,68850c337b3c97d19cf78cf8,Prompt 213,True,0.76,234.8,64.0,1395000000.0,1215000000.0,6810501120.0,0.38,1900-01-01 13:11:15,812,11,0.9893617021276596,1.0
1615,68850c337b3c97d19cf78cf9,,True,,,,,,,,1900-01-01 13:11:15,,,,
1616,68850c347b3c97d19cf78cfa,Prompt 214,True,0.76,234.8,64.0,1395000000.0,1215000000.0,6810501120.0,0.38,1900-01-01 13:11:16,813,1,0.9893617021276596,1.0
1617,68850c347b3c97d19cf78cfb,Prompt 214,True,0.76,234.8,64.0,1395000000.0,1215000000.0,6810501120.0,0.38,1900-01-01 13:11:16,813,2,0.9893617021276596,1.0
1618,68850c357b3c97d19cf78cfc,Prompt 214,True,0.76,234.8,64.0,1395000000.0,1215000000.0,6810501120.0,0.38,1900-01-01 13:11:17,814,3,0.9893617021276596,1.0
1619,68850c357b3c97d19cf78cfd,Prompt 214,True,0.76,234.8,64.0,1395000000.0,1215000000.0,6810501120.0,0.38,1900-01-01 13:11:17,814,4,0.9893617021276596,1.0
1620,68850c367b3c97d19cf78cfe,Prompt 214,True,0.76,234.8,64.0,1395000000.0,1215000000.0,6810501120.0,0.38,1900-01-01 13:11:18,815,5,0.9893617021276596,1.0
1621,68850c367b3c97d19cf78cff,Prompt 214,True,0.76,234.8,64.0,1395000000.0,1215000000.0,6810501120.0,0.38,1900-01-01 13:11:18,815,6,0.9893617021276596,1.0
1622,68850c377b3c97d19cf78d00,Prompt 214,True,0.76,234.8,64.0,1395000000.0,1215000000.0,6810501120.0,0.38,1900-01-01 13:11:19,816,7,0.9893617021276596,1.0
1623,68850c377b3c97d19cf78d01,Prompt 214,True,0.76,234.8,64.0,1395000000.0,1215000000.0,6810501120.0,0.38,1900-01-01 13:11:19,816,8,0.9893617021276596,1.0
1624,68850c387b3c97d19cf78d02,Prompt 214,True,0.76,234.8,64.0,1395000000.0,1215000000.0,6810501120.0,0.38,1900-01-01 13:11:20,817,9,0.9893617021276596,1.0
1625,68850c387b3c97d19cf78d03,Prompt 214,True,0.76,234.8,64.0,1395000000.0,1215000000.0,6810501120.0,0.38,1900-01-01 13:11:20,817,10,0.9893617021276596,1.0
1626,68850c397b3c97d19cf78d04,,True,,,,,,,,1900-01-01 13:11:20,,,,
1627,68850c397b3c97d19cf78d05,Prompt 215,True,0.76,234.8,64.0,1395000000.0,1215000000.0,6810501120.0,0.38,1900-01-01 13:11:21,818,1,0.9893617021276596,1.0
1628,68850c3a7b3c97d19cf78d06,Prompt 215,True,0.76,234.8,64.0,1395000000.0,1215000000.0,6810501120.0,0.38,1900-01-01 13:11:22,819,2,0.9893617021276596,1.0
1629,68850c3a7b3c97d19cf78d07,Prompt 215,True,0.76,258.72,64.0,1410000000.0,1215000000.0,6810501120.0,0.39,1900-01-01 13:11:22,819,3,1.0,1.0
1630,68850c3b7b3c97d19cf78d08,Prompt 215,True,0.75,258.72,64.0,1410000000.0,1215000000.0,6810501120.0,0.39,1900-01-01 13:11:23,819,4,1.0,1.0
1631,68850c3b7b3c97d19cf78d09,Prompt 215,True,0.75,258.72,64.0,1410000000.0,1215000000.0,6810501120.0,0.39,1900-01-01 13:11:23,820,5,1.0,1.0
1632,68850c3c7b3c97d19cf78d0a,Prompt 215,True,0.75,258.72,64.0,1410000000.0,1215000000.0,6810501120.0,0.39,1900-01-01 13:11:24,821,6,1.0,1.0
1633,68850c3c7b3c97d19cf78d0b,Prompt 215,True,0.75,258.72,64.0,1410000000.0,1215000000.0,6810501120.0,0.39,1900-01-01 13:11:24,821,7,1.0,1.0
1634,68850c3d7b3c97d19cf78d0c,Prompt 215,True,0.75,258.72,64.0,1410000000.0,1215000000.0,6810501120.0,0.39,1900-01-01 13:11:25,822,8,1.0,1.0
1635,68850c3d7b3c97d19cf78d0d,Prompt 215,True,0.75,258.72,64.0,1410000000.0,1215000000.0,6810501120.0,0.39,1900-01-01 13:11:25,822,9,1.0,1.0
1636,68850c3e7b3c97d19cf78d0e,Prompt 215,True,0.75,258.72,64.0,1410000000.0,1215000000.0,6810501120.0,0.39,1900-01-01 13:11:26,823,10,1.0,1.0
1637,68850c3e7b3c97d19cf78d0f,Prompt 215,True,0.75,258.72,64.0,1410000000.0,1215000000.0,6810501120.0,0.39,1900-01-01 13:11:26,823,11,1.0,1.0
1638,68850c3f7b3c97d19cf78d10,Prompt 215,True,0.75,258.72,64.0,1410000000.0,1215000000.0,6810501120.0,0.39,1900-01-01 13:11:27,824,12,1.0,1.0
1639,68850c3f7b3c97d19cf78d11,,True,,,,,,,,1900-01-01 13:11:27,,,,
1640,68850c407b3c97d19cf78d12,Prompt 216,True,0.75,258.72,64.0,1410000000.0,1215000000.0,6810501120.0,0.39,1900-01-01 13:11:28,824,1,1.0,1.0
1641,68850c407b3c97d19cf78d13,Prompt 216,True,0.75,258.72,64.0,1410000000.0,1215000000.0,6810501120.0,0.39,1900-01-01 13:11:28,825,2,1.0,1.0
1642,68850c417b3c97d19cf78d14,Prompt 216,True,0.75,258.72,64.0,1410000000.0,1215000000.0,6810501120.0,0.39,1900-01-01 13:11:29,826,3,1.0,1.0
1643,68850c417b3c97d19cf78d15,Prompt 216,True,0.75,258.72,64.0,1410000000.0,1215000000.0,6810501120.0,0.39,1900-01-01 13:11:29,826,4,1.0,1.0
1644,68850c427b3c97d19cf78d16,Prompt 216,True,0.75,258.72,64.0,1410000000.0,1215000000.0,6810501120.0,0.39,1900-01-01 13:11:30,827,5,1.0,1.0
1645,68850c427b3c97d19cf78d17,Prompt 216,True,0.75,258.72,64.0,1410000000.0,1215000000.0,6810501120.0,0.39,1900-01-01 13:11:30,827,6,1.0,1.0
1646,68850c437b3c97d19cf78d18,Prompt 216,True,0.75,258.72,64.0,1410000000.0,1215000000.0,6810501120.0,0.39,1900-01-01 13:11:31,828,7,1.0,1.0
1647,68850c437b3c97d19cf78d19,Prompt 216,True,0.75,258.72,64.0,1410000000.0,1215000000.0,6810501120.0,0.39,1900-01-01 13:11:31,828,8,1.0,1.0
1648,68850c447b3c97d19cf78d1a,Prompt 216,True,0.75,258.72,64.0,1410000000.0,1215000000.0,6810501120.0,0.39,1900-01-01 13:11:32,829,9,1.0,1.0
1649,68850c457b3c97d19cf78d1b,Prompt 216,True,0.75,258.72,64.0,1410000000.0,1215000000.0,6810501120.0,0.39,1900-01-01 13:11:33,829,10,1.0,1.0
1650,68850c457b3c97d19cf78d1c,Prompt 216,True,0.75,258.72,64.0,1410000000.0,1215000000.0,6810501120.0,0.39,1900-01-01 13:11:33,830,11,1.0,1.0
1651,68850c457b3c97d19cf78d1d,,True,,,,,,,,1900-01-01 13:11:33,,,,
1652,68850c467b3c97d19cf78d1e,Prompt 217,True,0.75,258.72,64.0,1410000000.0,1215000000.0,6810501120.0,0.39,1900-01-01 13:11:34,831,1,1.0,1.0
1653,68850c467b3c97d19cf78d1f,Prompt 217,True,0.75,258.72,64.0,1410000000.0,1215000000.0,6810501120.0,0.39,1900-01-01 13:11:34,831,2,1.0,1.0
1654,68850c477b3c97d19cf78d20,Prompt 217,True,0.75,258.72,64.0,1410000000.0,1215000000.0,6810501120.0,0.39,1900-01-01 13:11:35,832,3,1.0,1.0
1655,68850c477b3c97d19cf78d21,Prompt 217,True,0.75,258.72,64.0,1410000000.0,1215000000.0,6810501120.0,0.39,1900-01-01 13:11:35,832,4,1.0,1.0
1656,68850c487b3c97d19cf78d22,Prompt 217,True,0.75,258.72,64.0,1410000000.0,1215000000.0,6810501120.0,0.39,1900-01-01 13:11:36,833,5,1.0,1.0
1657,68850c487b3c97d19cf78d23,Prompt 217,True,0.75,258.72,64.0,1410000000.0,1215000000.0,6810501120.0,0.39,1900-01-01 13:11:36,833,6,1.0,1.0
1658,68850c497b3c97d19cf78d24,Prompt 217,True,0.75,258.72,64.0,1410000000.0,1215000000.0,6810501120.0,0.38,1900-01-01 13:11:37,834,7,1.0,1.0
1659,68850c4a7b3c97d19cf78d25,Prompt 217,True,0.76,249.49,64.0,1380000000.0,1215000000.0,6810501120.0,0.38,1900-01-01 13:11:38,834,8,0.9787234042553191,1.0
1660,68850c4a7b3c97d19cf78d26,Prompt 217,True,0.76,249.49,64.0,1380000000.0,1215000000.0,6810501120.0,0.38,1900-01-01 13:11:38,835,9,0.9787234042553191,1.0
1661,68850c4b7b3c97d19cf78d27,Prompt 217,True,0.76,249.49,64.0,1380000000.0,1215000000.0,6810501120.0,0.38,1900-01-01 13:11:39,835,10,0.9787234042553191,1.0
1662,68850c4b7b3c97d19cf78d28,Prompt 217,True,0.76,249.49,64.0,1380000000.0,1215000000.0,6810501120.0,0.38,1900-01-01 13:11:39,836,11,0.9787234042553191,1.0
1663,68850c4c7b3c97d19cf78d29,Prompt 217,True,0.76,249.49,64.0,1380000000.0,1215000000.0,6810501120.0,0.38,1900-01-01 13:11:40,836,12,0.9787234042553191,1.0
1664,68850c4c7b3c97d19cf78d2a,Prompt 217,True,0.76,249.49,64.0,1380000000.0,1215000000.0,6810501120.0,0.38,1900-01-01 13:11:40,837,13,0.9787234042553191,1.0
1665,68850c4d7b3c97d19cf78d2b,Prompt 217,True,0.76,249.49,64.0,1380000000.0,1215000000.0,6810501120.0,0.38,1900-01-01 13:11:41,838,14,0.9787234042553191,1.0
1666,68850c4d7b3c97d19cf78d2c,Prompt 217,True,0.76,249.49,64.0,1380000000.0,1215000000.0,6810501120.0,0.38,1900-01-01 13:11:41,838,15,0.9787234042553191,1.0
1667,68850c4e7b3c97d19cf78d2d,Prompt 217,True,0.76,249.49,64.0,1380000000.0,1215000000.0,6810501120.0,0.38,1900-01-01 13:11:42,839,16,0.9787234042553191,1.0
1668,68850c4e7b3c97d19cf78d2e,Prompt 217,True,0.76,249.49,64.0,1380000000.0,1215000000.0,6810501120.0,0.38,1900-01-01 13:11:42,839,17,0.9787234042553191,1.0
1669,68850c4f7b3c97d19cf78d2f,Prompt 217,True,0.76,249.49,64.0,1380000000.0,1215000000.0,6810501120.0,0.38,1900-01-01 13:11:43,840,18,0.9787234042553191,1.0
1670,68850c4f7b3c97d19cf78d30,Prompt 217,True,0.76,249.49,64.0,1380000000.0,1215000000.0,6810501120.0,0.38,1900-01-01 13:11:43,840,19,0.9787234042553191,1.0
1671,68850c507b3c97d19cf78d31,Prompt 217,True,0.76,249.49,64.0,1380000000.0,1215000000.0,6810501120.0,0.38,1900-01-01 13:11:44,841,20,0.9787234042553191,1.0
1672,68850c507b3c97d19cf78d32,,True,,,,,,,,1900-01-01 13:11:43,,,,
1673,68850c517b3c97d19cf78d33,Prompt 218,True,0.76,249.49,64.0,1380000000.0,1215000000.0,6810501120.0,0.38,1900-01-01 13:11:45,841,1,0.9787234042553191,1.0
1674,68850c517b3c97d19cf78d34,Prompt 218,True,0.76,249.49,64.0,1380000000.0,1215000000.0,6810501120.0,0.38,1900-01-01 13:11:45,842,2,0.9787234042553191,1.0
1675,68850c527b3c97d19cf78d35,Prompt 218,True,0.76,249.49,64.0,1380000000.0,1215000000.0,6810501120.0,0.38,1900-01-01 13:11:46,843,3,0.9787234042553191,1.0
1676,68850c537b3c97d19cf78d36,Prompt 218,True,0.76,249.49,64.0,1380000000.0,1215000000.0,6810501120.0,0.38,1900-01-01 13:11:47,844,4,0.9787234042553191,1.0
1677,68850c537b3c97d19cf78d37,Prompt 218,True,0.76,249.49,64.0,1380000000.0,1215000000.0,6810501120.0,0.38,1900-01-01 13:11:47,844,5,0.9787234042553191,1.0
1678,68850c547b3c97d19cf78d38,Prompt 218,True,0.76,249.49,64.0,1380000000.0,1215000000.0,6810501120.0,0.38,1900-01-01 13:11:48,845,6,0.9787234042553191,1.0
1679,68850c547b3c97d19cf78d39,Prompt 218,True,0.76,249.49,64.0,1380000000.0,1215000000.0,6810501120.0,0.38,1900-01-01 13:11:48,845,7,0.9787234042553191,1.0
1680,68850c557b3c97d19cf78d3a,Prompt 218,True,0.76,249.49,64.0,1380000000.0,1215000000.0,6810501120.0,0.38,1900-01-01 13:11:49,846,8,0.9787234042553191,1.0
1681,68850c557b3c97d19cf78d3b,Prompt 218,True,0.76,249.49,64.0,1380000000.0,1215000000.0,6810501120.0,0.38,1900-01-01 13:11:49,846,9,0.9787234042553191,1.0
1682,68850c567b3c97d19cf78d3c,Prompt 218,True,0.76,249.49,64.0,1380000000.0,1215000000.0,6810501120.0,0.38,1900-01-01 13:11:50,847,10,0.9787234042553191,1.0
1683,68850c567b3c97d19cf78d3d,Prompt 218,True,0.76,249.49,64.0,1380000000.0,1215000000.0,6810501120.0,0.38,1900-01-01 13:11:50,847,11,0.9787234042553191,1.0
1684,68850c577b3c97d19cf78d3e,Prompt 218,True,0.76,249.49,64.0,1380000000.0,1215000000.0,6810501120.0,0.38,1900-01-01 13:11:51,848,12,0.9787234042553191,1.0
1685,68850c577b3c97d19cf78d3f,Prompt 218,True,0.76,249.49,64.0,1380000000.0,1215000000.0,6810501120.0,0.38,1900-01-01 13:11:51,848,13,0.9787234042553191,1.0
1686,68850c587b3c97d19cf78d40,Prompt 218,True,0.76,249.49,64.0,1380000000.0,1215000000.0,6810501120.0,0.39,1900-01-01 13:11:52,849,14,0.9787234042553191,1.0
1687,68850c587b3c97d19cf78d41,,True,,,,,,,,1900-01-01 13:11:52,,,,
1688,68850c597b3c97d19cf78d42,Prompt 219,True,0.78,235.58,65.0,1365000000.0,1215000000.0,6810501120.0,0.39,1900-01-01 13:11:53,849,1,0.9680851063829787,1.0
1689,68850c597b3c97d19cf78d43,Prompt 219,True,0.78,235.58,65.0,1365000000.0,1215000000.0,6810501120.0,0.39,1900-01-01 13:11:53,850,2,0.9680851063829787,1.0
1690,68850c5a7b3c97d19cf78d44,Prompt 219,True,0.78,235.58,65.0,1365000000.0,1215000000.0,6810501120.0,0.39,1900-01-01 13:11:54,851,3,0.9680851063829787,1.0
1691,68850c5a7b3c97d19cf78d45,Prompt 219,True,0.78,235.58,65.0,1365000000.0,1215000000.0,6810501120.0,0.39,1900-01-01 13:11:54,851,4,0.9680851063829787,1.0
1692,68850c5b7b3c97d19cf78d46,Prompt 219,True,0.78,235.58,65.0,1365000000.0,1215000000.0,6810501120.0,0.39,1900-01-01 13:11:55,852,5,0.9680851063829787,1.0
1693,68850c5b7b3c97d19cf78d47,Prompt 219,True,0.78,235.58,65.0,1365000000.0,1215000000.0,6810501120.0,0.39,1900-01-01 13:11:55,852,6,0.9680851063829787,1.0
1694,68850c5c7b3c97d19cf78d48,Prompt 219,True,0.78,235.58,65.0,1365000000.0,1215000000.0,6810501120.0,0.39,1900-01-01 13:11:56,853,7,0.9680851063829787,1.0
1695,68850c5c7b3c97d19cf78d49,Prompt 219,True,0.78,235.58,65.0,1365000000.0,1215000000.0,6810501120.0,0.39,1900-01-01 13:11:56,853,8,0.9680851063829787,1.0
1696,68850c5d7b3c97d19cf78d4a,Prompt 219,True,0.78,235.58,65.0,1365000000.0,1215000000.0,6810501120.0,0.39,1900-01-01 13:11:57,854,9,0.9680851063829787,1.0
1697,68850c5d7b3c97d19cf78d4b,Prompt 219,True,0.78,235.58,65.0,1365000000.0,1215000000.0,6810501120.0,0.39,1900-01-01 13:11:57,854,10,0.9680851063829787,1.0
1698,68850c5d7b3c97d19cf78d4c,,True,,,,,,,,1900-01-01 13:11:57,,,,
1699,68850c5e7b3c97d19cf78d4d,Prompt 220,True,0.78,235.58,65.0,1365000000.0,1215000000.0,6810501120.0,0.39,1900-01-01 13:11:58,855,1,0.9680851063829787,1.0
1700,68850c5e7b3c97d19cf78d4e,Prompt 220,True,0.78,235.58,65.0,1365000000.0,1215000000.0,6810501120.0,0.39,1900-01-01 13:11:58,855,2,0.9680851063829787,1.0
1701,68850c5f7b3c97d19cf78d4f,Prompt 220,True,0.78,235.58,65.0,1365000000.0,1215000000.0,6810501120.0,0.39,1900-01-01 13:11:59,856,3,0.9680851063829787,1.0
1702,68850c607b3c97d19cf78d50,Prompt 220,True,0.78,235.58,65.0,1365000000.0,1215000000.0,6810501120.0,0.39,1900-01-01 13:12:00,856,4,0.9680851063829787,1.0
1703,68850c607b3c97d19cf78d51,Prompt 220,True,0.78,235.58,65.0,1365000000.0,1215000000.0,6810501120.0,0.39,1900-01-01 13:12:00,857,5,0.9680851063829787,1.0
1704,68850c617b3c97d19cf78d52,Prompt 220,True,0.78,235.58,65.0,1365000000.0,1215000000.0,6810501120.0,0.39,1900-01-01 13:12:01,857,6,0.9680851063829787,1.0
1705,68850c617b3c97d19cf78d53,Prompt 220,True,0.78,235.58,65.0,1365000000.0,1215000000.0,6810501120.0,0.39,1900-01-01 13:12:01,858,7,0.9680851063829787,1.0
1706,68850c627b3c97d19cf78d54,Prompt 220,True,0.78,235.58,65.0,1365000000.0,1215000000.0,6810501120.0,0.39,1900-01-01 13:12:02,859,8,0.9680851063829787,1.0
1707,68850c627b3c97d19cf78d55,Prompt 220,True,0.78,235.58,65.0,1365000000.0,1215000000.0,6810501120.0,0.39,1900-01-01 13:12:02,859,9,0.9680851063829787,1.0
1708,68850c637b3c97d19cf78d56,Prompt 220,True,0.78,235.58,65.0,1365000000.0,1215000000.0,6810501120.0,0.39,1900-01-01 13:12:03,860,10,0.9680851063829787,1.0
1709,68850c637b3c97d19cf78d57,Prompt 220,True,0.78,235.58,65.0,1365000000.0,1215000000.0,6810501120.0,0.39,1900-01-01 13:12:03,860,11,0.9680851063829787,1.0
1710,68850c637b3c97d19cf78d58,,True,,,,,,,,1900-01-01 13:12:03,,,,
1711,68850c647b3c97d19cf78d59,Prompt 221,True,0.78,235.58,65.0,1365000000.0,1215000000.0,6810501120.0,0.39,1900-01-01 13:12:04,861,1,0.9680851063829787,1.0
1712,68850c647b3c97d19cf78d5a,Prompt 221,True,0.78,235.58,65.0,1365000000.0,1215000000.0,6810501120.0,0.39,1900-01-01 13:12:04,861,2,0.9680851063829787,1.0
1713,68850c657b3c97d19cf78d5b,Prompt 221,True,0.78,235.58,65.0,1365000000.0,1215000000.0,6810501120.0,0.39,1900-01-01 13:12:05,862,3,0.9680851063829787,1.0
1714,68850c667b3c97d19cf78d5c,Prompt 221,True,0.78,235.58,65.0,1365000000.0,1215000000.0,6810501120.0,0.39,1900-01-01 13:12:06,862,4,0.9680851063829787,1.0
1715,68850c667b3c97d19cf78d5d,Prompt 221,True,0.78,235.58,65.0,1365000000.0,1215000000.0,6810501120.0,0.39,1900-01-01 13:12:06,863,5,0.9680851063829787,1.0
1716,68850c677b3c97d19cf78d5e,Prompt 221,True,0.78,235.58,65.0,1365000000.0,1215000000.0,6810501120.0,0.39,1900-01-01 13:12:07,864,6,0.9680851063829787,1.0
1717,68850c677b3c97d19cf78d5f,Prompt 221,True,0.78,259.08,64.0,1380000000.0,1215000000.0,6810501120.0,0.38,1900-01-01 13:12:07,864,7,0.9787234042553191,1.0
1718,68850c687b3c97d19cf78d60,Prompt 221,True,0.75,259.08,64.0,1380000000.0,1215000000.0,6810501120.0,0.38,1900-01-01 13:12:08,865,8,0.9787234042553191,1.0
1719,68850c687b3c97d19cf78d61,Prompt 221,True,0.75,259.08,64.0,1380000000.0,1215000000.0,6810501120.0,0.38,1900-01-01 13:12:08,865,9,0.9787234042553191,1.0
1720,68850c697b3c97d19cf78d62,Prompt 221,True,0.75,259.08,64.0,1380000000.0,1215000000.0,6810501120.0,0.38,1900-01-01 13:12:09,866,10,0.9787234042553191,1.0
1721,68850c697b3c97d19cf78d63,Prompt 221,True,0.75,259.08,64.0,1380000000.0,1215000000.0,6810501120.0,0.38,1900-01-01 13:12:09,866,11,0.9787234042553191,1.0
1722,68850c6a7b3c97d19cf78d64,Prompt 221,True,0.75,259.08,64.0,1380000000.0,1215000000.0,6810501120.0,0.38,1900-01-01 13:12:10,867,12,0.9787234042553191,1.0
1723,68850c6a7b3c97d19cf78d65,,True,,,,,,,,1900-01-01 13:12:10,,,,
1724,68850c6b7b3c97d19cf78d66,Prompt 222,True,0.75,259.08,64.0,1380000000.0,1215000000.0,6810501120.0,0.38,1900-01-01 13:12:11,868,1,0.9787234042553191,1.0
1725,68850c6b7b3c97d19cf78d67,Prompt 222,True,0.75,259.08,64.0,1380000000.0,1215000000.0,6810501120.0,0.38,1900-01-01 13:12:11,868,2,0.9787234042553191,1.0
1726,68850c6c7b3c97d19cf78d68,Prompt 222,True,0.75,259.08,64.0,1380000000.0,1215000000.0,6810501120.0,0.38,1900-01-01 13:12:12,869,3,0.9787234042553191,1.0
1727,68850c6c7b3c97d19cf78d69,Prompt 222,True,0.75,259.08,64.0,1380000000.0,1215000000.0,6810501120.0,0.38,1900-01-01 13:12:12,869,4,0.9787234042553191,1.0
1728,68850c6d7b3c97d19cf78d6a,Prompt 222,True,0.75,259.08,64.0,1380000000.0,1215000000.0,6810501120.0,0.38,1900-01-01 13:12:13,870,5,0.9787234042553191,1.0
1729,68850c6d7b3c97d19cf78d6b,Prompt 222,True,0.75,259.08,64.0,1380000000.0,1215000000.0,6810501120.0,0.38,1900-01-01 13:12:13,870,6,0.9787234042553191,1.0
1730,68850c6e7b3c97d19cf78d6c,Prompt 222,True,0.75,259.08,64.0,1380000000.0,1215000000.0,6810501120.0,0.38,1900-01-01 13:12:14,871,7,0.9787234042553191,1.0
1731,68850c6e7b3c97d19cf78d6d,,True,,,,,,,,1900-01-01 13:12:14,,,,
1732,68850c6f7b3c97d19cf78d6e,Prompt 223,True,0.75,259.08,64.0,1380000000.0,1215000000.0,6810501120.0,0.38,1900-01-01 13:12:15,871,1,0.9787234042553191,1.0
1733,68850c6f7b3c97d19cf78d6f,Prompt 223,True,0.75,259.08,64.0,1380000000.0,1215000000.0,6810501120.0,0.38,1900-01-01 13:12:15,872,2,0.9787234042553191,1.0
1734,68850c707b3c97d19cf78d70,Prompt 223,True,0.75,259.08,64.0,1380000000.0,1215000000.0,6810501120.0,0.38,1900-01-01 13:12:16,873,3,0.9787234042553191,1.0
1735,68850c707b3c97d19cf78d71,Prompt 223,True,0.75,259.08,64.0,1380000000.0,1215000000.0,6810501120.0,0.38,1900-01-01 13:12:16,873,4,0.9787234042553191,1.0
1736,68850c717b3c97d19cf78d72,Prompt 223,True,0.75,259.08,64.0,1380000000.0,1215000000.0,6810501120.0,0.38,1900-01-01 13:12:17,874,5,0.9787234042553191,1.0
1737,68850c727b3c97d19cf78d73,Prompt 223,True,0.75,259.08,64.0,1380000000.0,1215000000.0,6810501120.0,0.38,1900-01-01 13:12:18,874,6,0.9787234042553191,1.0
1738,68850c727b3c97d19cf78d74,Prompt 223,True,0.75,259.08,64.0,1380000000.0,1215000000.0,6810501120.0,0.38,1900-01-01 13:12:18,875,7,0.9787234042553191,1.0
1739,68850c737b3c97d19cf78d75,Prompt 223,True,0.75,259.08,64.0,1380000000.0,1215000000.0,6810501120.0,0.38,1900-01-01 13:12:19,875,8,0.9787234042553191,1.0
1740,68850c737b3c97d19cf78d76,,True,,,,,,,,1900-01-01 13:12:18,,,,
1741,68850c737b3c97d19cf78d77,Prompt 224,True,0.75,259.08,64.0,1380000000.0,1215000000.0,6810501120.0,0.38,1900-01-01 13:12:19,876,1,0.9787234042553191,1.0
1742,68850c747b3c97d19cf78d78,Prompt 224,True,0.75,259.08,64.0,1380000000.0,1215000000.0,6810501120.0,0.38,1900-01-01 13:12:20,877,2,0.9787234042553191,1.0
1743,68850c747b3c97d19cf78d79,Prompt 224,True,0.75,259.08,64.0,1380000000.0,1215000000.0,6810501120.0,0.38,1900-01-01 13:12:20,877,3,0.9787234042553191,1.0
1744,68850c757b3c97d19cf78d7a,Prompt 224,True,0.75,259.08,64.0,1380000000.0,1215000000.0,6810501120.0,0.38,1900-01-01 13:12:21,878,4,0.9787234042553191,1.0
1745,68850c757b3c97d19cf78d7b,Prompt 224,True,0.75,259.08,64.0,1380000000.0,1215000000.0,6810501120.0,0.38,1900-01-01 13:12:21,878,5,0.9787234042553191,1.0
1746,68850c767b3c97d19cf78d7c,Prompt 224,True,0.75,259.08,64.0,1380000000.0,1215000000.0,6810501120.0,0.39,1900-01-01 13:12:22,879,6,0.9787234042553191,1.0
1747,68850c777b3c97d19cf78d7d,Prompt 224,True,0.76,242.55,65.0,1380000000.0,1215000000.0,6810501120.0,0.39,1900-01-01 13:12:23,879,7,0.9787234042553191,1.0
1748,68850c777b3c97d19cf78d7e,Prompt 224,True,0.76,242.55,65.0,1380000000.0,1215000000.0,6810501120.0,0.39,1900-01-01 13:12:23,880,8,0.9787234042553191,1.0
1749,68850c787b3c97d19cf78d7f,Prompt 224,True,0.76,242.55,65.0,1380000000.0,1215000000.0,6810501120.0,0.39,1900-01-01 13:12:24,880,9,0.9787234042553191,1.0
1750,68850c787b3c97d19cf78d80,Prompt 224,True,0.76,242.55,65.0,1380000000.0,1215000000.0,6810501120.0,0.39,1900-01-01 13:12:24,881,10,0.9787234042553191,1.0
1751,68850c797b3c97d19cf78d81,Prompt 224,True,0.76,242.55,65.0,1380000000.0,1215000000.0,6810501120.0,0.39,1900-01-01 13:12:25,882,11,0.9787234042553191,1.0
1752,68850c797b3c97d19cf78d82,Prompt 224,True,0.76,242.55,65.0,1380000000.0,1215000000.0,6810501120.0,0.39,1900-01-01 13:12:25,882,12,0.9787234042553191,1.0
1753,68850c7a7b3c97d19cf78d83,Prompt 224,True,0.76,242.55,65.0,1380000000.0,1215000000.0,6810501120.0,0.39,1900-01-01 13:12:26,883,13,0.9787234042553191,1.0
1754,68850c7a7b3c97d19cf78d84,,True,,,,,,,,1900-01-01 13:12:25,,,,
1755,68850c7a7b3c97d19cf78d85,Prompt 225,True,0.76,242.55,65.0,1380000000.0,1215000000.0,6810501120.0,0.39,1900-01-01 13:12:26,883,1,0.9787234042553191,1.0
1756,68850c7b7b3c97d19cf78d86,Prompt 225,True,0.76,242.55,65.0,1380000000.0,1215000000.0,6810501120.0,0.39,1900-01-01 13:12:27,884,2,0.9787234042553191,1.0
1757,68850c7b7b3c97d19cf78d87,Prompt 225,True,0.76,242.55,65.0,1380000000.0,1215000000.0,6810501120.0,0.39,1900-01-01 13:12:27,884,3,0.9787234042553191,1.0
1758,68850c7c7b3c97d19cf78d88,Prompt 225,True,0.76,242.55,65.0,1380000000.0,1215000000.0,6810501120.0,0.39,1900-01-01 13:12:28,885,4,0.9787234042553191,1.0
1759,68850c7d7b3c97d19cf78d89,Prompt 225,True,0.76,242.55,65.0,1380000000.0,1215000000.0,6810501120.0,0.39,1900-01-01 13:12:29,885,5,0.9787234042553191,1.0
1760,68850c7d7b3c97d19cf78d8a,Prompt 225,True,0.76,242.55,65.0,1380000000.0,1215000000.0,6810501120.0,0.39,1900-01-01 13:12:29,886,6,0.9787234042553191,1.0
1761,68850c7e7b3c97d19cf78d8b,Prompt 225,True,0.76,242.55,65.0,1380000000.0,1215000000.0,6810501120.0,0.39,1900-01-01 13:12:30,886,7,0.9787234042553191,1.0
1762,68850c7e7b3c97d19cf78d8c,Prompt 225,True,0.76,242.55,65.0,1380000000.0,1215000000.0,6810501120.0,0.39,1900-01-01 13:12:30,887,8,0.9787234042553191,1.0
1763,68850c7f7b3c97d19cf78d8d,Prompt 225,True,0.76,242.55,65.0,1380000000.0,1215000000.0,6810501120.0,0.39,1900-01-01 13:12:31,888,9,0.9787234042553191,1.0
1764,68850c7f7b3c97d19cf78d8e,Prompt 225,True,0.76,242.55,65.0,1380000000.0,1215000000.0,6810501120.0,0.39,1900-01-01 13:12:31,888,10,0.9787234042553191,1.0
1765,68850c807b3c97d19cf78d8f,Prompt 225,True,0.76,242.55,65.0,1380000000.0,1215000000.0,6810501120.0,0.39,1900-01-01 13:12:32,889,11,0.9787234042553191,1.0
1766,68850c807b3c97d19cf78d90,Prompt 225,True,0.76,242.55,65.0,1380000000.0,1215000000.0,6810501120.0,0.39,1900-01-01 13:12:32,889,12,0.9787234042553191,1.0
1767,68850c817b3c97d19cf78d91,Prompt 225,True,0.76,242.55,65.0,1380000000.0,1215000000.0,6810501120.0,0.39,1900-01-01 13:12:33,890,13,0.9787234042553191,1.0
1768,68850c817b3c97d19cf78d92,Prompt 225,True,0.76,242.55,65.0,1380000000.0,1215000000.0,6810501120.0,0.39,1900-01-01 13:12:33,890,14,0.9787234042553191,1.0
1769,68850c817b3c97d19cf78d93,,True,,,,,,,,1900-01-01 13:12:33,,,,
1770,68850c827b3c97d19cf78d94,Prompt 226,True,0.76,242.55,65.0,1380000000.0,1215000000.0,6810501120.0,0.39,1900-01-01 13:12:34,891,1,0.9787234042553191,1.0
1771,68850c837b3c97d19cf78d95,Prompt 226,True,0.76,242.55,65.0,1380000000.0,1215000000.0,6810501120.0,0.39,1900-01-01 13:12:35,892,2,0.9787234042553191,1.0
1772,68850c837b3c97d19cf78d96,Prompt 226,True,0.76,242.55,65.0,1380000000.0,1215000000.0,6810501120.0,0.39,1900-01-01 13:12:35,892,3,0.9787234042553191,1.0
1773,68850c847b3c97d19cf78d97,Prompt 226,True,0.76,242.55,65.0,1380000000.0,1215000000.0,6810501120.0,0.39,1900-01-01 13:12:36,893,4,0.9787234042553191,1.0
1774,68850c847b3c97d19cf78d98,Prompt 226,True,0.76,242.55,65.0,1380000000.0,1215000000.0,6810501120.0,0.39,1900-01-01 13:12:36,893,5,0.9787234042553191,1.0
1775,68850c857b3c97d19cf78d99,Prompt 226,True,0.76,242.55,65.0,1380000000.0,1215000000.0,6810501120.0,0.39,1900-01-01 13:12:37,894,6,0.9787234042553191,1.0
1776,68850c857b3c97d19cf78d9a,Prompt 226,True,0.77,255.22,65.0,1365000000.0,1215000000.0,6810501120.0,0.39,1900-01-01 13:12:37,894,7,0.9680851063829787,1.0
1777,68850c867b3c97d19cf78d9b,Prompt 226,True,0.77,255.22,65.0,1365000000.0,1215000000.0,6810501120.0,0.39,1900-01-01 13:12:38,895,8,0.9680851063829787,1.0
1778,68850c867b3c97d19cf78d9c,Prompt 226,True,0.77,255.22,65.0,1365000000.0,1215000000.0,6810501120.0,0.39,1900-01-01 13:12:38,895,9,0.9680851063829787,1.0
1779,68850c867b3c97d19cf78d9d,,True,,,,,,,,1900-01-01 13:12:38,,,,
1780,68850c877b3c97d19cf78d9e,Prompt 227,True,0.77,255.22,65.0,1365000000.0,1215000000.0,6810501120.0,0.39,1900-01-01 13:12:39,896,1,0.9680851063829787,1.0
1781,68850c887b3c97d19cf78d9f,Prompt 227,True,0.77,255.22,65.0,1365000000.0,1215000000.0,6810501120.0,0.39,1900-01-01 13:12:40,896,2,0.9680851063829787,1.0
1782,68850c887b3c97d19cf78da0,Prompt 227,True,0.77,255.22,65.0,1365000000.0,1215000000.0,6810501120.0,0.39,1900-01-01 13:12:40,897,3,0.9680851063829787,1.0
1783,68850c897b3c97d19cf78da1,Prompt 227,True,0.77,255.22,65.0,1365000000.0,1215000000.0,6810501120.0,0.39,1900-01-01 13:12:41,897,4,0.9680851063829787,1.0
1784,68850c897b3c97d19cf78da2,Prompt 227,True,0.77,255.22,65.0,1365000000.0,1215000000.0,6810501120.0,0.39,1900-01-01 13:12:41,898,5,0.9680851063829787,1.0
1785,68850c8a7b3c97d19cf78da3,Prompt 227,True,0.77,255.22,65.0,1365000000.0,1215000000.0,6810501120.0,0.39,1900-01-01 13:12:42,899,6,0.9680851063829787,1.0
1786,68850c8a7b3c97d19cf78da4,Prompt 227,True,0.77,255.22,65.0,1365000000.0,1215000000.0,6810501120.0,0.39,1900-01-01 13:12:42,899,7,0.9680851063829787,1.0
1787,68850c8b7b3c97d19cf78da5,Prompt 227,True,0.77,255.22,65.0,1365000000.0,1215000000.0,6810501120.0,0.39,1900-01-01 13:12:43,900,8,0.9680851063829787,1.0
1788,68850c8b7b3c97d19cf78da6,,True,,,,,,,,1900-01-01 13:12:43,,,,
1789,68850c8b7b3c97d19cf78da7,Prompt 228,True,0.77,255.22,65.0,1365000000.0,1215000000.0,6810501120.0,0.39,1900-01-01 13:12:43,900,1,0.9680851063829787,1.0
1790,68850c8c7b3c97d19cf78da8,Prompt 228,True,0.77,255.22,65.0,1365000000.0,1215000000.0,6810501120.0,0.39,1900-01-01 13:12:44,901,2,0.9680851063829787,1.0
1791,68850c8d7b3c97d19cf78da9,Prompt 228,True,0.77,255.22,65.0,1365000000.0,1215000000.0,6810501120.0,0.39,1900-01-01 13:12:45,902,3,0.9680851063829787,1.0
1792,68850c8d7b3c97d19cf78daa,Prompt 228,True,0.77,255.22,65.0,1365000000.0,1215000000.0,6810501120.0,0.39,1900-01-01 13:12:45,902,4,0.9680851063829787,1.0
1793,68850c8e7b3c97d19cf78dab,Prompt 228,True,0.77,255.22,65.0,1365000000.0,1215000000.0,6810501120.0,0.39,1900-01-01 13:12:46,903,5,0.9680851063829787,1.0
1794,68850c8e7b3c97d19cf78dac,Prompt 228,True,0.77,255.22,65.0,1365000000.0,1215000000.0,6810501120.0,0.39,1900-01-01 13:12:46,903,6,0.9680851063829787,1.0
1795,68850c8f7b3c97d19cf78dad,Prompt 228,True,0.77,255.22,65.0,1365000000.0,1215000000.0,6810501120.0,0.39,1900-01-01 13:12:47,904,7,0.9680851063829787,1.0
1796,68850c8f7b3c97d19cf78dae,Prompt 228,True,0.77,255.22,65.0,1365000000.0,1215000000.0,6810501120.0,0.39,1900-01-01 13:12:47,904,8,0.9680851063829787,1.0
1797,68850c907b3c97d19cf78daf,Prompt 228,True,0.77,255.22,65.0,1365000000.0,1215000000.0,6810501120.0,0.39,1900-01-01 13:12:48,905,9,0.9680851063829787,1.0
1798,68850c907b3c97d19cf78db0,Prompt 228,True,0.77,255.22,65.0,1365000000.0,1215000000.0,6810501120.0,0.39,1900-01-01 13:12:48,905,10,0.9680851063829787,1.0
1799,68850c917b3c97d19cf78db1,Prompt 228,True,0.77,255.22,65.0,1365000000.0,1215000000.0,6810501120.0,0.39,1900-01-01 13:12:49,906,11,0.9680851063829787,1.0
1800,68850c927b3c97d19cf78db2,Prompt 228,True,0.77,255.22,65.0,1365000000.0,1215000000.0,6810501120.0,0.39,1900-01-01 13:12:50,906,12,0.9680851063829787,1.0
1801,68850c927b3c97d19cf78db3,Prompt 228,True,0.77,255.22,65.0,1365000000.0,1215000000.0,6810501120.0,0.39,1900-01-01 13:12:50,907,13,0.9680851063829787,1.0
1802,68850c937b3c97d19cf78db4,Prompt 228,True,0.77,255.22,65.0,1365000000.0,1215000000.0,6810501120.0,0.39,1900-01-01 13:12:51,907,14,0.9680851063829787,1.0
1803,68850c937b3c97d19cf78db5,,True,,,,,,,,1900-01-01 13:12:50,,,,
1804,68850c937b3c97d19cf78db6,Prompt 229,True,0.77,255.22,65.0,1365000000.0,1215000000.0,6810501120.0,0.39,1900-01-01 13:12:51,908,1,0.9680851063829787,1.0
1805,68850c947b3c97d19cf78db7,Prompt 229,True,0.77,255.22,65.0,1365000000.0,1215000000.0,6810501120.0,0.39,1900-01-01 13:12:52,909,2,0.9680851063829787,1.0
1806,68850c947b3c97d19cf78db8,Prompt 229,True,0.77,256.85,64.0,1395000000.0,1215000000.0,6810501120.0,0.39,1900-01-01 13:12:52,909,3,0.9893617021276596,1.0
1807,68850c957b3c97d19cf78db9,Prompt 229,True,0.74,256.85,64.0,1395000000.0,1215000000.0,6810501120.0,0.39,1900-01-01 13:12:53,910,4,0.9893617021276596,1.0
1808,68850c957b3c97d19cf78dba,Prompt 229,True,0.74,256.85,64.0,1395000000.0,1215000000.0,6810501120.0,0.39,1900-01-01 13:12:53,910,5,0.9893617021276596,1.0
1809,68850c967b3c97d19cf78dbb,Prompt 229,True,0.74,256.85,64.0,1395000000.0,1215000000.0,6810501120.0,0.39,1900-01-01 13:12:54,911,6,0.9893617021276596,1.0
1810,68850c967b3c97d19cf78dbc,Prompt 229,True,0.74,256.85,64.0,1395000000.0,1215000000.0,6810501120.0,0.39,1900-01-01 13:12:54,911,7,0.9893617021276596,1.0
1811,68850c977b3c97d19cf78dbd,Prompt 229,True,0.74,256.85,64.0,1395000000.0,1215000000.0,6810501120.0,0.39,1900-01-01 13:12:55,912,8,0.9893617021276596,1.0
1812,68850c977b3c97d19cf78dbe,Prompt 229,True,0.74,256.85,64.0,1395000000.0,1215000000.0,6810501120.0,0.39,1900-01-01 13:12:55,912,9,0.9893617021276596,1.0
1813,68850c987b3c97d19cf78dbf,Prompt 229,True,0.74,256.85,64.0,1395000000.0,1215000000.0,6810501120.0,0.39,1900-01-01 13:12:56,913,10,0.9893617021276596,1.0
1814,68850c997b3c97d19cf78dc0,Prompt 229,True,0.74,256.85,64.0,1395000000.0,1215000000.0,6810501120.0,0.39,1900-01-01 13:12:57,914,11,0.9893617021276596,1.0
1815,68850c997b3c97d19cf78dc1,Prompt 229,True,0.74,256.85,64.0,1395000000.0,1215000000.0,6810501120.0,0.39,1900-01-01 13:12:57,914,12,0.9893617021276596,1.0
1816,68850c9a7b3c97d19cf78dc2,Prompt 229,True,0.74,256.85,64.0,1395000000.0,1215000000.0,6810501120.0,0.39,1900-01-01 13:12:58,915,13,0.9893617021276596,1.0
1817,68850c9a7b3c97d19cf78dc3,Prompt 229,True,0.74,256.85,64.0,1395000000.0,1215000000.0,6810501120.0,0.39,1900-01-01 13:12:58,915,14,0.9893617021276596,1.0
1818,68850c9b7b3c97d19cf78dc4,Prompt 229,True,0.74,256.85,64.0,1395000000.0,1215000000.0,6810501120.0,0.39,1900-01-01 13:12:59,916,15,0.9893617021276596,1.0
1819,68850c9b7b3c97d19cf78dc5,Prompt 229,True,0.74,256.85,64.0,1395000000.0,1215000000.0,6810501120.0,0.39,1900-01-01 13:12:59,916,16,0.9893617021276596,1.0
1820,68850c9c7b3c97d19cf78dc6,Prompt 229,True,0.74,256.85,64.0,1395000000.0,1215000000.0,6810501120.0,0.39,1900-01-01 13:13:00,917,17,0.9893617021276596,1.0
1821,68850c9d7b3c97d19cf78dc7,Prompt 229,True,0.74,256.85,64.0,1395000000.0,1215000000.0,6810501120.0,0.39,1900-01-01 13:13:01,917,18,0.9893617021276596,1.0
1822,68850c9d7b3c97d19cf78dc8,Prompt 229,True,0.74,256.85,64.0,1395000000.0,1215000000.0,6810501120.0,0.39,1900-01-01 13:13:01,918,19,0.9893617021276596,1.0
1823,68850c9e7b3c97d19cf78dc9,Prompt 229,True,0.74,256.85,64.0,1395000000.0,1215000000.0,6810501120.0,0.39,1900-01-01 13:13:02,919,20,0.9893617021276596,1.0
1824,68850c9e7b3c97d19cf78dca,Prompt 229,True,0.74,256.85,64.0,1395000000.0,1215000000.0,6810501120.0,0.39,1900-01-01 13:13:02,919,21,0.9893617021276596,1.0
1825,68850c9f7b3c97d19cf78dcb,Prompt 229,True,0.74,256.85,64.0,1395000000.0,1215000000.0,6810501120.0,0.39,1900-01-01 13:13:03,920,22,0.9893617021276596,1.0
1826,68850c9f7b3c97d19cf78dcc,Prompt 229,True,0.74,256.85,64.0,1395000000.0,1215000000.0,6810501120.0,0.39,1900-01-01 13:13:03,920,23,0.9893617021276596,1.0
1827,68850c9f7b3c97d19cf78dcd,,True,,,,,,,,1900-01-01 13:13:03,,,,
1828,68850ca07b3c97d19cf78dce,Prompt 230,True,0.74,256.85,64.0,1395000000.0,1215000000.0,6810501120.0,0.39,1900-01-01 13:13:04,921,1,0.9893617021276596,1.0
1829,68850ca07b3c97d19cf78dcf,Prompt 230,True,0.74,256.85,64.0,1395000000.0,1215000000.0,6810501120.0,0.39,1900-01-01 13:13:04,921,2,0.9893617021276596,1.0
1830,68850ca17b3c97d19cf78dd0,Prompt 230,True,0.74,256.85,64.0,1395000000.0,1215000000.0,6810501120.0,0.39,1900-01-01 13:13:05,922,3,0.9893617021276596,1.0
1831,68850ca17b3c97d19cf78dd1,Prompt 230,True,0.74,256.85,64.0,1395000000.0,1215000000.0,6810501120.0,0.39,1900-01-01 13:13:05,922,4,0.9893617021276596,1.0
1832,68850ca27b3c97d19cf78dd2,Prompt 230,True,0.74,256.85,64.0,1395000000.0,1215000000.0,6810501120.0,0.39,1900-01-01 13:13:06,923,5,0.9893617021276596,1.0
1833,68850ca27b3c97d19cf78dd3,Prompt 230,True,0.74,256.85,64.0,1395000000.0,1215000000.0,6810501120.0,0.39,1900-01-01 13:13:06,923,6,0.9893617021276596,1.0
1834,68850ca37b3c97d19cf78dd4,Prompt 230,True,0.74,256.85,64.0,1395000000.0,1215000000.0,6810501120.0,0.39,1900-01-01 13:13:07,924,7,0.9893617021276596,1.0
1835,68850ca37b3c97d19cf78dd5,Prompt 230,True,0.74,258.49,65.0,1410000000.0,1215000000.0,6810501120.0,0.38,1900-01-01 13:13:07,924,8,1.0,1.0
1836,68850ca37b3c97d19cf78dd6,,True,,,,,,,,1900-01-01 13:13:07,,,,
1837,68850ca47b3c97d19cf78dd7,Prompt 231,True,0.74,258.49,65.0,1410000000.0,1215000000.0,6810501120.0,0.38,1900-01-01 13:13:08,925,1,1.0,1.0
1838,68850ca47b3c97d19cf78dd8,Prompt 231,True,0.74,258.49,65.0,1410000000.0,1215000000.0,6810501120.0,0.38,1900-01-01 13:13:08,925,2,1.0,1.0
1839,68850ca57b3c97d19cf78dd9,Prompt 231,True,0.74,258.49,65.0,1410000000.0,1215000000.0,6810501120.0,0.38,1900-01-01 13:13:09,926,3,1.0,1.0
1840,68850ca67b3c97d19cf78dda,Prompt 231,True,0.74,258.49,65.0,1410000000.0,1215000000.0,6810501120.0,0.38,1900-01-01 13:13:10,927,4,1.0,1.0
1841,68850ca67b3c97d19cf78ddb,Prompt 231,True,0.74,258.49,65.0,1410000000.0,1215000000.0,6810501120.0,0.38,1900-01-01 13:13:10,927,5,1.0,1.0
1842,68850ca77b3c97d19cf78ddc,Prompt 231,True,0.74,258.49,65.0,1410000000.0,1215000000.0,6810501120.0,0.38,1900-01-01 13:13:11,928,6,1.0,1.0
1843,68850ca77b3c97d19cf78ddd,Prompt 231,True,0.74,258.49,65.0,1410000000.0,1215000000.0,6810501120.0,0.38,1900-01-01 13:13:11,928,7,1.0,1.0
1844,68850ca87b3c97d19cf78dde,Prompt 231,True,0.74,258.49,65.0,1410000000.0,1215000000.0,6810501120.0,0.38,1900-01-01 13:13:12,929,8,1.0,1.0
1845,68850ca87b3c97d19cf78ddf,,True,,,,,,,,1900-01-01 13:13:11,,,,
1846,68850ca87b3c97d19cf78de0,Prompt 232,True,0.74,258.49,65.0,1410000000.0,1215000000.0,6810501120.0,0.38,1900-01-01 13:13:12,929,1,1.0,1.0
1847,68850ca97b3c97d19cf78de1,Prompt 232,True,0.74,258.49,65.0,1410000000.0,1215000000.0,6810501120.0,0.38,1900-01-01 13:13:13,930,2,1.0,1.0
1848,68850caa7b3c97d19cf78de2,Prompt 232,True,0.74,258.49,65.0,1410000000.0,1215000000.0,6810501120.0,0.38,1900-01-01 13:13:14,931,3,1.0,1.0
1849,68850caa7b3c97d19cf78de3,Prompt 232,True,0.74,258.49,65.0,1410000000.0,1215000000.0,6810501120.0,0.38,1900-01-01 13:13:14,931,4,1.0,1.0
1850,68850cab7b3c97d19cf78de4,Prompt 232,True,0.74,258.49,65.0,1410000000.0,1215000000.0,6810501120.0,0.38,1900-01-01 13:13:15,932,5,1.0,1.0
1851,68850cab7b3c97d19cf78de5,Prompt 232,True,0.74,258.49,65.0,1410000000.0,1215000000.0,6810501120.0,0.38,1900-01-01 13:13:15,932,6,1.0,1.0
1852,68850cac7b3c97d19cf78de6,Prompt 232,True,0.74,258.49,65.0,1410000000.0,1215000000.0,6810501120.0,0.38,1900-01-01 13:13:16,933,7,1.0,1.0
1853,68850cac7b3c97d19cf78de7,Prompt 232,True,0.74,258.49,65.0,1410000000.0,1215000000.0,6810501120.0,0.38,1900-01-01 13:13:16,933,8,1.0,1.0
1854,68850cac7b3c97d19cf78de8,,True,,,,,,,,1900-01-01 13:13:16,,,,
1855,68850cad7b3c97d19cf78de9,Prompt 233,True,0.74,258.49,65.0,1410000000.0,1215000000.0,6810501120.0,0.38,1900-01-01 13:13:17,934,1,1.0,1.0
1856,68850cad7b3c97d19cf78dea,Prompt 233,True,0.74,258.49,65.0,1410000000.0,1215000000.0,6810501120.0,0.38,1900-01-01 13:13:17,934,2,1.0,1.0
1857,68850cae7b3c97d19cf78deb,Prompt 233,True,0.74,258.49,65.0,1410000000.0,1215000000.0,6810501120.0,0.38,1900-01-01 13:13:18,935,3,1.0,1.0
1858,68850cae7b3c97d19cf78dec,Prompt 233,True,0.74,258.49,65.0,1410000000.0,1215000000.0,6810501120.0,0.38,1900-01-01 13:13:18,935,4,1.0,1.0
1859,68850caf7b3c97d19cf78ded,Prompt 233,True,0.74,258.49,65.0,1410000000.0,1215000000.0,6810501120.0,0.38,1900-01-01 13:13:19,936,5,1.0,1.0
1860,68850cb07b3c97d19cf78dee,Prompt 233,True,0.74,258.49,65.0,1410000000.0,1215000000.0,6810501120.0,0.38,1900-01-01 13:13:20,937,6,1.0,1.0
1861,68850cb07b3c97d19cf78def,Prompt 233,True,0.74,258.49,65.0,1410000000.0,1215000000.0,6810501120.0,0.38,1900-01-01 13:13:20,937,7,1.0,1.0
1862,68850cb17b3c97d19cf78df0,Prompt 233,True,0.74,258.49,65.0,1410000000.0,1215000000.0,6810501120.0,0.38,1900-01-01 13:13:21,938,8,1.0,1.0
1863,68850cb17b3c97d19cf78df1,Prompt 233,True,0.74,258.49,65.0,1410000000.0,1215000000.0,6810501120.0,0.38,1900-01-01 13:13:21,938,9,1.0,1.0
1864,68850cb27b3c97d19cf78df2,Prompt 233,True,0.74,258.49,65.0,1410000000.0,1215000000.0,6810501120.0,0.02,1900-01-01 13:13:22,939,10,1.0,1.0
1865,68850cb27b3c97d19cf78df3,,True,,,,,,,,1900-01-01 13:13:21,,,,
1866,68850cb27b3c97d19cf78df4,Prompt 234,True,0.03,77.11,60.0,1410000000.0,1215000000.0,6810501120.0,0.02,1900-01-01 13:13:22,939,1,1.0,1.0
1867,68850cb37b3c97d19cf78df5,Prompt 234,True,0.03,77.11,60.0,1410000000.0,1215000000.0,6810501120.0,0.02,1900-01-01 13:13:23,940,2,1.0,1.0
1868,68850cb37b3c97d19cf78df6,Prompt 234,True,0.03,77.11,60.0,1410000000.0,1215000000.0,6810501120.0,0.02,1900-01-01 13:13:23,940,3,1.0,1.0
1869,68850cb47b3c97d19cf78df7,Prompt 234,True,0.03,77.11,60.0,1410000000.0,1215000000.0,6810501120.0,0.02,1900-01-01 13:13:24,941,4,1.0,1.0
1870,68850cb47b3c97d19cf78df8,Prompt 234,True,0.03,77.11,60.0,1410000000.0,1215000000.0,6810501120.0,0.02,1900-01-01 13:13:24,941,5,1.0,1.0
1871,68850cb57b3c97d19cf78df9,Prompt 234,True,0.03,77.11,60.0,1410000000.0,1215000000.0,6810501120.0,0.02,1900-01-01 13:13:25,942,6,1.0,1.0
1872,68850cb57b3c97d19cf78dfa,Prompt 234,True,0.03,77.11,60.0,1410000000.0,1215000000.0,6810501120.0,0.02,1900-01-01 13:13:25,942,7,1.0,1.0
1873,68850cb67b3c97d19cf78dfb,Prompt 234,True,0.03,77.11,60.0,1410000000.0,1215000000.0,6810501120.0,0.02,1900-01-01 13:13:26,943,8,1.0,1.0
1874,68850cb67b3c97d19cf78dfc,Prompt 234,True,0.03,77.11,60.0,1410000000.0,1215000000.0,6810501120.0,0.02,1900-01-01 13:13:26,943,9,1.0,1.0
1875,68850cb67b3c97d19cf78dfd,,True,,,,,,,,1900-01-01 13:13:26,,,,
1876,68850cb77b3c97d19cf78dfe,Prompt 235,True,0.03,77.11,60.0,1410000000.0,1215000000.0,6810501120.0,0.02,1900-01-01 13:13:27,944,1,1.0,1.0
1877,68850cb77b3c97d19cf78dff,Prompt 235,True,0.03,77.11,60.0,1410000000.0,1215000000.0,6810501120.0,0.02,1900-01-01 13:13:27,944,2,1.0,1.0
1878,68850cb87b3c97d19cf78e00,Prompt 235,True,0.03,77.11,60.0,1410000000.0,1215000000.0,6810501120.0,0.02,1900-01-01 13:13:28,945,3,1.0,1.0
1879,68850cb97b3c97d19cf78e01,Prompt 235,True,0.03,77.11,60.0,1410000000.0,1215000000.0,6810501120.0,0.02,1900-01-01 13:13:29,946,4,1.0,1.0
1880,68850cb97b3c97d19cf78e02,Prompt 235,True,0.03,77.11,60.0,1410000000.0,1215000000.0,6810501120.0,0.02,1900-01-01 13:13:29,946,5,1.0,1.0
1881,68850cba7b3c97d19cf78e03,Prompt 235,True,0.03,77.11,60.0,1410000000.0,1215000000.0,6810501120.0,0.02,1900-01-01 13:13:30,947,6,1.0,1.0
1882,68850cba7b3c97d19cf78e04,Prompt 235,True,0.03,77.11,60.0,1410000000.0,1215000000.0,6810501120.0,0.02,1900-01-01 13:13:30,947,7,1.0,1.0
1883,68850cbb7b3c97d19cf78e05,Prompt 235,True,0.03,77.11,60.0,1410000000.0,1215000000.0,6810501120.0,0.02,1900-01-01 13:13:31,948,8,1.0,1.0
1884,68850cbb7b3c97d19cf78e06,Prompt 235,True,0.03,77.11,60.0,1410000000.0,1215000000.0,6810501120.0,0.02,1900-01-01 13:13:31,948,9,1.0,1.0
1885,68850cbc7b3c97d19cf78e07,Prompt 235,True,0.03,77.11,60.0,1410000000.0,1215000000.0,6810501120.0,0.02,1900-01-01 13:13:32,949,10,1.0,1.0
1886,68850cbc7b3c97d19cf78e08,,True,,,,,,,,1900-01-01 13:13:32,,,,
1887,68850cbd7b3c97d19cf78e09,Prompt 236,True,0.03,77.11,60.0,1410000000.0,1215000000.0,6810501120.0,0.02,1900-01-01 13:13:33,949,1,1.0,1.0
1888,68850cbd7b3c97d19cf78e0a,Prompt 236,True,0.03,77.11,60.0,1410000000.0,1215000000.0,6810501120.0,0.02,1900-01-01 13:13:33,950,2,1.0,1.0
1889,68850cbe7b3c97d19cf78e0b,Prompt 236,True,0.03,77.11,60.0,1410000000.0,1215000000.0,6810501120.0,0.02,1900-01-01 13:13:34,951,3,1.0,1.0
1890,68850cbe7b3c97d19cf78e0c,Prompt 236,True,0.03,77.11,60.0,1410000000.0,1215000000.0,6810501120.0,0.02,1900-01-01 13:13:34,951,4,1.0,1.0
1891,68850cbf7b3c97d19cf78e0d,Prompt 236,True,0.03,77.11,60.0,1410000000.0,1215000000.0,6810501120.0,0.02,1900-01-01 13:13:35,952,5,1.0,1.0
1892,68850cbf7b3c97d19cf78e0e,Prompt 236,True,0.03,77.11,60.0,1410000000.0,1215000000.0,6810501120.0,0.02,1900-01-01 13:13:35,952,6,1.0,1.0
1893,68850cc07b3c97d19cf78e0f,Prompt 236,True,0.03,77.11,60.0,1410000000.0,1215000000.0,6810501120.0,0.02,1900-01-01 13:13:36,953,7,1.0,1.0
1894,68850cc07b3c97d19cf78e10,Prompt 236,True,0.03,77.11,60.0,1410000000.0,1215000000.0,6810501120.0,0.02,1900-01-01 13:13:36,953,8,1.0,1.0
1895,68850cc17b3c97d19cf78e11,Prompt 236,True,0.03,77.11,60.0,1410000000.0,1215000000.0,6810501120.0,0.38,1900-01-01 13:13:37,954,9,1.0,1.0
1896,68850cc17b3c97d19cf78e12,Prompt 236,True,0.76,247.85,64.0,1410000000.0,1215000000.0,6810501120.0,0.38,1900-01-01 13:13:37,954,10,1.0,1.0
1897,68850cc27b3c97d19cf78e13,Prompt 236,True,0.76,247.85,64.0,1410000000.0,1215000000.0,6810501120.0,0.38,1900-01-01 13:13:38,955,11,1.0,1.0
1898,68850cc27b3c97d19cf78e14,,True,,,,,,,,1900-01-01 13:13:38,,,,
1899,68850cc37b3c97d19cf78e15,Prompt 237,True,0.76,247.85,64.0,1410000000.0,1215000000.0,6810501120.0,0.38,1900-01-01 13:13:39,956,1,1.0,1.0
1900,68850cc37b3c97d19cf78e16,Prompt 237,True,0.76,247.85,64.0,1410000000.0,1215000000.0,6810501120.0,0.38,1900-01-01 13:13:39,956,2,1.0,1.0
1901,68850cc47b3c97d19cf78e17,Prompt 237,True,0.76,247.85,64.0,1410000000.0,1215000000.0,6810501120.0,0.38,1900-01-01 13:13:40,957,3,1.0,1.0
1902,68850cc47b3c97d19cf78e18,Prompt 237,True,0.76,247.85,64.0,1410000000.0,1215000000.0,6810501120.0,0.38,1900-01-01 13:13:40,957,4,1.0,1.0
1903,68850cc57b3c97d19cf78e19,Prompt 237,True,0.76,247.85,64.0,1410000000.0,1215000000.0,6810501120.0,0.38,1900-01-01 13:13:41,958,5,1.0,1.0
1904,68850cc57b3c97d19cf78e1a,Prompt 237,True,0.76,247.85,64.0,1410000000.0,1215000000.0,6810501120.0,0.38,1900-01-01 13:13:41,958,6,1.0,1.0
1905,68850cc67b3c97d19cf78e1b,Prompt 237,True,0.76,247.85,64.0,1410000000.0,1215000000.0,6810501120.0,0.38,1900-01-01 13:13:42,959,7,1.0,1.0
1906,68850cc77b3c97d19cf78e1c,Prompt 237,True,0.76,247.85,64.0,1410000000.0,1215000000.0,6810501120.0,0.38,1900-01-01 13:13:43,960,8,1.0,1.0
1907,68850cc77b3c97d19cf78e1d,Prompt 237,True,0.76,247.85,64.0,1410000000.0,1215000000.0,6810501120.0,0.38,1900-01-01 13:13:43,960,9,1.0,1.0
1908,68850cc77b3c97d19cf78e1e,,True,,,,,,,,1900-01-01 13:13:43,,,,
1909,68850cc87b3c97d19cf78e1f,Prompt 238,True,0.76,247.85,64.0,1410000000.0,1215000000.0,6810501120.0,0.38,1900-01-01 13:13:44,961,1,1.0,1.0
1910,68850cc87b3c97d19cf78e20,Prompt 238,True,0.76,247.85,64.0,1410000000.0,1215000000.0,6810501120.0,0.38,1900-01-01 13:13:44,961,2,1.0,1.0
1911,68850cc97b3c97d19cf78e21,Prompt 238,True,0.76,247.85,64.0,1410000000.0,1215000000.0,6810501120.0,0.38,1900-01-01 13:13:45,962,3,1.0,1.0
1912,68850cc97b3c97d19cf78e22,Prompt 238,True,0.76,247.85,64.0,1410000000.0,1215000000.0,6810501120.0,0.38,1900-01-01 13:13:45,962,4,1.0,1.0
1913,68850cca7b3c97d19cf78e23,Prompt 238,True,0.76,247.85,64.0,1410000000.0,1215000000.0,6810501120.0,0.38,1900-01-01 13:13:46,963,5,1.0,1.0
1914,68850cca7b3c97d19cf78e24,Prompt 238,True,0.76,247.85,64.0,1410000000.0,1215000000.0,6810501120.0,0.38,1900-01-01 13:13:46,963,6,1.0,1.0
1915,68850ccb7b3c97d19cf78e25,Prompt 238,True,0.76,247.85,64.0,1410000000.0,1215000000.0,6810501120.0,0.38,1900-01-01 13:13:47,964,7,1.0,1.0
1916,68850ccc7b3c97d19cf78e26,Prompt 238,True,0.76,247.85,64.0,1410000000.0,1215000000.0,6810501120.0,0.38,1900-01-01 13:13:48,964,8,1.0,1.0
1917,68850ccc7b3c97d19cf78e27,Prompt 238,True,0.76,247.85,64.0,1410000000.0,1215000000.0,6810501120.0,0.38,1900-01-01 13:13:48,965,9,1.0,1.0
1918,68850ccd7b3c97d19cf78e28,Prompt 238,True,0.76,247.85,64.0,1410000000.0,1215000000.0,6810501120.0,0.38,1900-01-01 13:13:49,966,10,1.0,1.0
1919,68850ccd7b3c97d19cf78e29,Prompt 238,True,0.76,247.85,64.0,1410000000.0,1215000000.0,6810501120.0,0.38,1900-01-01 13:13:49,966,11,1.0,1.0
1920,68850ccd7b3c97d19cf78e2a,,True,,,,,,,,1900-01-01 13:13:49,,,,
1921,68850cce7b3c97d19cf78e2b,Prompt 239,True,0.76,247.85,64.0,1410000000.0,1215000000.0,6810501120.0,0.38,1900-01-01 13:13:50,967,1,1.0,1.0
1922,68850cce7b3c97d19cf78e2c,Prompt 239,True,0.76,247.85,64.0,1410000000.0,1215000000.0,6810501120.0,0.38,1900-01-01 13:13:50,967,2,1.0,1.0
1923,68850ccf7b3c97d19cf78e2d,Prompt 239,True,0.76,247.85,64.0,1410000000.0,1215000000.0,6810501120.0,0.38,1900-01-01 13:13:51,968,3,1.0,1.0
1924,68850cd07b3c97d19cf78e2e,Prompt 239,True,0.76,247.85,64.0,1410000000.0,1215000000.0,6810501120.0,0.38,1900-01-01 13:13:52,968,4,1.0,1.0
1925,68850cd07b3c97d19cf78e2f,Prompt 239,True,0.76,247.85,64.0,1395000000.0,1215000000.0,6810501120.0,0.39,1900-01-01 13:13:52,969,5,0.9893617021276596,1.0
1926,68850cd17b3c97d19cf78e30,Prompt 239,True,0.75,248.38,63.0,1395000000.0,1215000000.0,6810501120.0,0.39,1900-01-01 13:13:53,969,6,0.9893617021276596,1.0
1927,68850cd17b3c97d19cf78e31,Prompt 239,True,0.75,248.38,63.0,1395000000.0,1215000000.0,6810501120.0,0.39,1900-01-01 13:13:53,970,7,0.9893617021276596,1.0
1928,68850cd27b3c97d19cf78e32,Prompt 239,True,0.75,248.38,63.0,1395000000.0,1215000000.0,6810501120.0,0.39,1900-01-01 13:13:54,971,8,0.9893617021276596,1.0
1929,68850cd27b3c97d19cf78e33,,True,,,,,,,,1900-01-01 13:13:54,,,,
1930,68850cd27b3c97d19cf78e34,Prompt 240,True,0.75,248.38,63.0,1395000000.0,1215000000.0,6810501120.0,0.39,1900-01-01 13:13:54,971,1,0.9893617021276596,1.0
1931,68850cd37b3c97d19cf78e35,Prompt 240,True,0.75,248.38,63.0,1395000000.0,1215000000.0,6810501120.0,0.39,1900-01-01 13:13:55,972,2,0.9893617021276596,1.0
1932,68850cd37b3c97d19cf78e36,Prompt 240,True,0.75,248.38,63.0,1395000000.0,1215000000.0,6810501120.0,0.39,1900-01-01 13:13:55,972,3,0.9893617021276596,1.0
1933,68850cd47b3c97d19cf78e37,Prompt 240,True,0.75,248.38,63.0,1395000000.0,1215000000.0,6810501120.0,0.39,1900-01-01 13:13:56,973,4,0.9893617021276596,1.0
1934,68850cd57b3c97d19cf78e38,Prompt 240,True,0.75,248.38,63.0,1395000000.0,1215000000.0,6810501120.0,0.39,1900-01-01 13:13:57,973,5,0.9893617021276596,1.0
1935,68850cd57b3c97d19cf78e39,Prompt 240,True,0.75,248.38,63.0,1395000000.0,1215000000.0,6810501120.0,0.39,1900-01-01 13:13:57,974,6,0.9893617021276596,1.0
1936,68850cd67b3c97d19cf78e3a,Prompt 240,True,0.75,248.38,63.0,1395000000.0,1215000000.0,6810501120.0,0.39,1900-01-01 13:13:58,974,7,0.9893617021276596,1.0
1937,68850cd67b3c97d19cf78e3b,Prompt 240,True,0.75,248.38,63.0,1395000000.0,1215000000.0,6810501120.0,0.39,1900-01-01 13:13:58,975,8,0.9893617021276596,1.0
1938,68850cd77b3c97d19cf78e3c,Prompt 240,True,0.75,248.38,63.0,1395000000.0,1215000000.0,6810501120.0,0.39,1900-01-01 13:13:59,975,9,0.9893617021276596,1.0
1939,68850cd77b3c97d19cf78e3d,Prompt 240,True,0.75,248.38,63.0,1395000000.0,1215000000.0,6810501120.0,0.39,1900-01-01 13:13:59,976,10,0.9893617021276596,1.0
1940,68850cd87b3c97d19cf78e3e,Prompt 240,True,0.75,248.38,63.0,1395000000.0,1215000000.0,6810501120.0,0.39,1900-01-01 13:14:00,977,11,0.9893617021276596,1.0
1941,68850cd87b3c97d19cf78e3f,Prompt 240,True,0.75,248.38,63.0,1395000000.0,1215000000.0,6810501120.0,0.39,1900-01-01 13:14:00,977,12,0.9893617021276596,1.0
1942,68850cd97b3c97d19cf78e40,Prompt 240,True,0.75,248.38,63.0,1395000000.0,1215000000.0,6810501120.0,0.39,1900-01-01 13:14:01,978,13,0.9893617021276596,1.0
1943,68850cd97b3c97d19cf78e41,,True,,,,,,,,1900-01-01 13:14:00,,,,
1944,68850cd97b3c97d19cf78e42,Prompt 241,True,0.75,248.38,63.0,1395000000.0,1215000000.0,6810501120.0,0.39,1900-01-01 13:14:01,978,1,0.9893617021276596,1.0
1945,68850cda7b3c97d19cf78e43,Prompt 241,True,0.75,248.38,63.0,1395000000.0,1215000000.0,6810501120.0,0.39,1900-01-01 13:14:02,979,2,0.9893617021276596,1.0
1946,68850cdb7b3c97d19cf78e44,Prompt 241,True,0.75,248.38,63.0,1395000000.0,1215000000.0,6810501120.0,0.39,1900-01-01 13:14:03,979,3,0.9893617021276596,1.0
1947,68850cdb7b3c97d19cf78e45,Prompt 241,True,0.75,248.38,63.0,1395000000.0,1215000000.0,6810501120.0,0.39,1900-01-01 13:14:03,980,4,0.9893617021276596,1.0
1948,68850cdc7b3c97d19cf78e46,Prompt 241,True,0.75,248.38,63.0,1395000000.0,1215000000.0,6810501120.0,0.39,1900-01-01 13:14:04,981,5,0.9893617021276596,1.0
1949,68850cdc7b3c97d19cf78e47,Prompt 241,True,0.75,248.38,63.0,1395000000.0,1215000000.0,6810501120.0,0.39,1900-01-01 13:14:04,981,6,0.9893617021276596,1.0
1950,68850cdd7b3c97d19cf78e48,Prompt 241,True,0.75,248.38,63.0,1395000000.0,1215000000.0,6810501120.0,0.39,1900-01-01 13:14:05,982,7,0.9893617021276596,1.0
1951,68850cdd7b3c97d19cf78e49,Prompt 241,True,0.75,248.38,63.0,1395000000.0,1215000000.0,6810501120.0,0.39,1900-01-01 13:14:05,982,8,0.9893617021276596,1.0
1952,68850cde7b3c97d19cf78e4a,Prompt 241,True,0.75,248.38,63.0,1395000000.0,1215000000.0,6810501120.0,0.39,1900-01-01 13:14:06,983,9,0.9893617021276596,1.0
1953,68850cde7b3c97d19cf78e4b,Prompt 241,True,0.75,248.38,63.0,1395000000.0,1215000000.0,6810501120.0,0.39,1900-01-01 13:14:06,983,10,0.9893617021276596,1.0
1954,68850cdf7b3c97d19cf78e4c,Prompt 241,True,0.75,248.38,63.0,1395000000.0,1215000000.0,6810501120.0,0.38,1900-01-01 13:14:07,984,11,0.9893617021276596,1.0
1955,68850ce07b3c97d19cf78e4d,Prompt 241,True,0.74,252.09,63.0,1380000000.0,1215000000.0,6810501120.0,0.38,1900-01-01 13:14:08,984,12,0.9787234042553191,1.0
1956,68850ce07b3c97d19cf78e4e,Prompt 241,True,0.74,252.09,63.0,1380000000.0,1215000000.0,6810501120.0,0.38,1900-01-01 13:14:08,985,13,0.9787234042553191,1.0
1957,68850ce17b3c97d19cf78e4f,Prompt 241,True,0.74,252.09,63.0,1380000000.0,1215000000.0,6810501120.0,0.38,1900-01-01 13:14:09,986,14,0.9787234042553191,1.0
1958,68850ce17b3c97d19cf78e50,,True,,,,,,,,1900-01-01 13:14:08,,,,
1959,68850ce17b3c97d19cf78e51,Prompt 242,True,0.74,252.09,63.0,1380000000.0,1215000000.0,6810501120.0,0.38,1900-01-01 13:14:09,986,1,0.9787234042553191,1.0
1960,68850ce27b3c97d19cf78e52,Prompt 242,True,0.74,252.09,63.0,1380000000.0,1215000000.0,6810501120.0,0.38,1900-01-01 13:14:10,987,2,0.9787234042553191,1.0
1961,68850ce37b3c97d19cf78e53,Prompt 242,True,0.74,252.09,63.0,1380000000.0,1215000000.0,6810501120.0,0.38,1900-01-01 13:14:11,988,3,0.9787234042553191,1.0
1962,68850ce37b3c97d19cf78e54,Prompt 242,True,0.74,252.09,63.0,1380000000.0,1215000000.0,6810501120.0,0.38,1900-01-01 13:14:11,988,4,0.9787234042553191,1.0
1963,68850ce47b3c97d19cf78e55,Prompt 242,True,0.74,252.09,63.0,1380000000.0,1215000000.0,6810501120.0,0.38,1900-01-01 13:14:12,989,5,0.9787234042553191,1.0
1964,68850ce47b3c97d19cf78e56,Prompt 242,True,0.74,252.09,63.0,1380000000.0,1215000000.0,6810501120.0,0.38,1900-01-01 13:14:12,989,6,0.9787234042553191,1.0
1965,68850ce57b3c97d19cf78e57,Prompt 242,True,0.74,252.09,63.0,1380000000.0,1215000000.0,6810501120.0,0.38,1900-01-01 13:14:13,990,7,0.9787234042553191,1.0
1966,68850ce57b3c97d19cf78e58,Prompt 242,True,0.74,252.09,63.0,1380000000.0,1215000000.0,6810501120.0,0.38,1900-01-01 13:14:13,990,8,0.9787234042553191,1.0
1967,68850ce67b3c97d19cf78e59,Prompt 242,True,0.74,252.09,63.0,1380000000.0,1215000000.0,6810501120.0,0.38,1900-01-01 13:14:14,991,9,0.9787234042553191,1.0
1968,68850ce67b3c97d19cf78e5a,,True,,,,,,,,1900-01-01 13:14:14,,,,
1969,68850ce77b3c97d19cf78e5b,Prompt 243,True,0.74,252.09,63.0,1380000000.0,1215000000.0,6810501120.0,0.38,1900-01-01 13:14:15,991,1,0.9787234042553191,1.0
1970,68850ce77b3c97d19cf78e5c,Prompt 243,True,0.74,252.09,63.0,1380000000.0,1215000000.0,6810501120.0,0.38,1900-01-01 13:14:15,992,2,0.9787234042553191,1.0
1971,68850ce87b3c97d19cf78e5d,Prompt 243,True,0.74,252.09,63.0,1380000000.0,1215000000.0,6810501120.0,0.38,1900-01-01 13:14:16,992,3,0.9787234042553191,1.0
1972,68850ce87b3c97d19cf78e5e,Prompt 243,True,0.74,252.09,63.0,1380000000.0,1215000000.0,6810501120.0,0.38,1900-01-01 13:14:16,993,4,0.9787234042553191,1.0
1973,68850ce97b3c97d19cf78e5f,Prompt 243,True,0.74,252.09,63.0,1380000000.0,1215000000.0,6810501120.0,0.38,1900-01-01 13:14:17,994,5,0.9787234042553191,1.0
1974,68850ce97b3c97d19cf78e60,Prompt 243,True,0.74,252.09,63.0,1380000000.0,1215000000.0,6810501120.0,0.38,1900-01-01 13:14:17,994,6,0.9787234042553191,1.0
1975,68850cea7b3c97d19cf78e61,Prompt 243,True,0.74,252.09,63.0,1380000000.0,1215000000.0,6810501120.0,0.38,1900-01-01 13:14:18,995,7,0.9787234042553191,1.0
1976,68850cea7b3c97d19cf78e62,Prompt 243,True,0.74,252.09,63.0,1380000000.0,1215000000.0,6810501120.0,0.38,1900-01-01 13:14:18,995,8,0.9787234042553191,1.0
1977,68850cea7b3c97d19cf78e63,,True,,,,,,,,1900-01-01 13:14:18,,,,
1978,68850ceb7b3c97d19cf78e64,Prompt 244,True,0.74,252.09,63.0,1380000000.0,1215000000.0,6810501120.0,0.38,1900-01-01 13:14:19,996,1,0.9787234042553191,1.0
1979,68850ceb7b3c97d19cf78e65,Prompt 244,True,0.74,252.09,63.0,1380000000.0,1215000000.0,6810501120.0,0.38,1900-01-01 13:14:19,996,2,0.9787234042553191,1.0
1980,68850cec7b3c97d19cf78e66,Prompt 244,True,0.74,252.09,63.0,1380000000.0,1215000000.0,6810501120.0,0.38,1900-01-01 13:14:20,997,3,0.9787234042553191,1.0
1981,68850cec7b3c97d19cf78e67,Prompt 244,True,0.74,252.09,63.0,1380000000.0,1215000000.0,6810501120.0,0.38,1900-01-01 13:14:20,997,4,0.9787234042553191,1.0
1982,68850ced7b3c97d19cf78e68,Prompt 244,True,0.74,252.09,63.0,1380000000.0,1215000000.0,6810501120.0,0.38,1900-01-01 13:14:21,998,5,0.9787234042553191,1.0
1983,68850cee7b3c97d19cf78e69,Prompt 244,True,0.74,252.09,63.0,1380000000.0,1215000000.0,6810501120.0,0.38,1900-01-01 13:14:22,998,6,0.9787234042553191,1.0
1984,68850cee7b3c97d19cf78e6a,Prompt 244,True,0.74,252.09,63.0,1380000000.0,1215000000.0,6810501120.0,0.38,1900-01-01 13:14:22,999,7,0.9787234042553191,1.0
1985,68850cef7b3c97d19cf78e6b,Prompt 244,True,0.75,244.36,63.0,1380000000.0,1215000000.0,6810501120.0,0.38,1900-01-01 13:14:23,1000,8,0.9787234042553191,1.0
1986,68850cef7b3c97d19cf78e6c,Prompt 244,True,0.75,244.36,63.0,1380000000.0,1215000000.0,6810501120.0,0.38,1900-01-01 13:14:23,1000,9,0.9787234042553191,1.0
1987,68850cf07b3c97d19cf78e6d,Prompt 244,True,0.75,244.36,63.0,1380000000.0,1215000000.0,6810501120.0,0.38,1900-01-01 13:14:24,1001,10,0.9787234042553191,1.0
1988,68850cf07b3c97d19cf78e6e,Prompt 244,True,0.75,244.36,63.0,1380000000.0,1215000000.0,6810501120.0,0.38,1900-01-01 13:14:24,1001,11,0.9787234042553191,1.0
1989,68850cf17b3c97d19cf78e6f,Prompt 244,True,0.75,244.36,63.0,1380000000.0,1215000000.0,6810501120.0,0.38,1900-01-01 13:14:25,1002,12,0.9787234042553191,1.0
1990,68850cf17b3c97d19cf78e70,Prompt 244,True,0.75,244.36,63.0,1380000000.0,1215000000.0,6810501120.0,0.38,1900-01-01 13:14:25,1002,13,0.9787234042553191,1.0
1991,68850cf17b3c97d19cf78e71,,True,,,,,,,,1900-01-01 13:14:25,,,,
1992,68850cf27b3c97d19cf78e72,Prompt 245,True,0.75,244.36,63.0,1380000000.0,1215000000.0,6810501120.0,0.38,1900-01-01 13:14:26,1003,1,0.9787234042553191,1.0
1993,68850cf27b3c97d19cf78e73,Prompt 245,True,0.75,244.36,63.0,1380000000.0,1215000000.0,6810501120.0,0.38,1900-01-01 13:14:26,1003,2,0.9787234042553191,1.0
1994,68850cf37b3c97d19cf78e74,Prompt 245,True,0.75,244.36,63.0,1380000000.0,1215000000.0,6810501120.0,0.38,1900-01-01 13:14:27,1004,3,0.9787234042553191,1.0
1995,68850cf47b3c97d19cf78e75,Prompt 245,True,0.75,244.36,63.0,1380000000.0,1215000000.0,6810501120.0,0.38,1900-01-01 13:14:28,1004,4,0.9787234042553191,1.0
1996,68850cf47b3c97d19cf78e76,Prompt 245,True,0.75,244.36,63.0,1380000000.0,1215000000.0,6810501120.0,0.38,1900-01-01 13:14:28,1005,5,0.9787234042553191,1.0
1997,68850cf57b3c97d19cf78e77,Prompt 245,True,0.75,244.36,63.0,1380000000.0,1215000000.0,6810501120.0,0.38,1900-01-01 13:14:29,1006,6,0.9787234042553191,1.0
1998,68850cf57b3c97d19cf78e78,Prompt 245,True,0.75,244.36,63.0,1380000000.0,1215000000.0,6810501120.0,0.38,1900-01-01 13:14:29,1006,7,0.9787234042553191,1.0
1999,68850cf67b3c97d19cf78e79,Prompt 245,True,0.75,244.36,63.0,1380000000.0,1215000000.0,6810501120.0,0.38,1900-01-01 13:14:30,1007,8,0.9787234042553191,1.0
2000,68850cf77b3c97d19cf78e7a,Prompt 245,True,0.75,244.36,63.0,1380000000.0,1215000000.0,6810501120.0,0.38,1900-01-01 13:14:31,1007,9,0.9787234042553191,1.0
2001,68850cf77b3c97d19cf78e7b,,True,,,,,,,,1900-01-01 13:14:30,,,,
2002,68850cf77b3c97d19cf78e7c,Prompt 246,True,0.75,244.36,63.0,1380000000.0,1215000000.0,6810501120.0,0.38,1900-01-01 13:14:31,1008,1,0.9787234042553191,1.0
2003,68850cf87b3c97d19cf78e7d,Prompt 246,True,0.75,244.36,63.0,1380000000.0,1215000000.0,6810501120.0,0.38,1900-01-01 13:14:32,1009,2,0.9787234042553191,1.0
2004,68850cf87b3c97d19cf78e7e,Prompt 246,True,0.75,244.36,63.0,1380000000.0,1215000000.0,6810501120.0,0.38,1900-01-01 13:14:32,1009,3,0.9787234042553191,1.0
2005,68850cf97b3c97d19cf78e7f,Prompt 246,True,0.75,244.36,63.0,1380000000.0,1215000000.0,6810501120.0,0.38,1900-01-01 13:14:33,1010,4,0.9787234042553191,1.0
2006,68850cf97b3c97d19cf78e80,Prompt 246,True,0.75,244.36,63.0,1380000000.0,1215000000.0,6810501120.0,0.38,1900-01-01 13:14:33,1010,5,0.9787234042553191,1.0
2007,68850cfa7b3c97d19cf78e81,Prompt 246,True,0.75,244.36,63.0,1380000000.0,1215000000.0,6810501120.0,0.38,1900-01-01 13:14:34,1011,6,0.9787234042553191,1.0
2008,68850cfa7b3c97d19cf78e82,Prompt 246,True,0.75,244.36,63.0,1380000000.0,1215000000.0,6810501120.0,0.38,1900-01-01 13:14:34,1011,7,0.9787234042553191,1.0
2009,68850cfa7b3c97d19cf78e83,,True,,,,,,,,1900-01-01 13:14:34,,,,
2010,68850cfb7b3c97d19cf78e84,Prompt 247,True,0.75,244.36,63.0,1380000000.0,1215000000.0,6810501120.0,0.38,1900-01-01 13:14:35,1012,1,0.9787234042553191,1.0
2011,68850cfc7b3c97d19cf78e85,Prompt 247,True,0.75,244.36,63.0,1380000000.0,1215000000.0,6810501120.0,0.38,1900-01-01 13:14:36,1013,2,0.9787234042553191,1.0
2012,68850cfc7b3c97d19cf78e86,Prompt 247,True,0.75,244.36,63.0,1380000000.0,1215000000.0,6810501120.0,0.38,1900-01-01 13:14:36,1013,3,0.9787234042553191,1.0
2013,68850cfd7b3c97d19cf78e87,Prompt 247,True,0.75,244.36,63.0,1380000000.0,1215000000.0,6810501120.0,0.39,1900-01-01 13:14:37,1014,4,0.9787234042553191,1.0
2014,68850cfd7b3c97d19cf78e88,Prompt 247,True,0.75,248.2,63.0,1380000000.0,1215000000.0,6810501120.0,0.39,1900-01-01 13:14:37,1014,5,0.9787234042553191,1.0
2015,68850cfe7b3c97d19cf78e89,Prompt 247,True,0.75,248.2,63.0,1380000000.0,1215000000.0,6810501120.0,0.39,1900-01-01 13:14:38,1015,6,0.9787234042553191,1.0
2016,68850cfe7b3c97d19cf78e8a,Prompt 247,True,0.75,248.2,63.0,1380000000.0,1215000000.0,6810501120.0,0.39,1900-01-01 13:14:38,1015,7,0.9787234042553191,1.0
2017,68850cff7b3c97d19cf78e8b,Prompt 247,True,0.75,248.2,63.0,1380000000.0,1215000000.0,6810501120.0,0.39,1900-01-01 13:14:39,1016,8,0.9787234042553191,1.0
2018,68850cff7b3c97d19cf78e8c,Prompt 247,True,0.75,248.2,63.0,1380000000.0,1215000000.0,6810501120.0,0.39,1900-01-01 13:14:39,1016,9,0.9787234042553191,1.0
2019,68850d007b3c97d19cf78e8d,Prompt 247,True,0.75,248.2,63.0,1380000000.0,1215000000.0,6810501120.0,0.39,1900-01-01 13:14:40,1017,10,0.9787234042553191,1.0
2020,68850d017b3c97d19cf78e8e,Prompt 247,True,0.75,248.2,63.0,1380000000.0,1215000000.0,6810501120.0,0.39,1900-01-01 13:14:41,1017,11,0.9787234042553191,1.0
2021,68850d017b3c97d19cf78e8f,Prompt 247,True,0.75,248.2,63.0,1380000000.0,1215000000.0,6810501120.0,0.39,1900-01-01 13:14:41,1018,12,0.9787234042553191,1.0
2022,68850d027b3c97d19cf78e90,Prompt 247,True,0.75,248.2,63.0,1380000000.0,1215000000.0,6810501120.0,0.39,1900-01-01 13:14:42,1018,13,0.9787234042553191,1.0
2023,68850d027b3c97d19cf78e91,Prompt 247,True,0.75,248.2,63.0,1380000000.0,1215000000.0,6810501120.0,0.39,1900-01-01 13:14:42,1019,14,0.9787234042553191,1.0
2024,68850d027b3c97d19cf78e92,,True,,,,,,,,1900-01-01 13:14:42,,,,
2025,68850d037b3c97d19cf78e93,Prompt 248,True,0.75,248.2,63.0,1380000000.0,1215000000.0,6810501120.0,0.39,1900-01-01 13:14:43,1020,1,0.9787234042553191,1.0
2026,68850d037b3c97d19cf78e94,Prompt 248,True,0.75,248.2,63.0,1380000000.0,1215000000.0,6810501120.0,0.39,1900-01-01 13:14:43,1020,2,0.9787234042553191,1.0
2027,68850d047b3c97d19cf78e95,Prompt 248,True,0.75,248.2,63.0,1380000000.0,1215000000.0,6810501120.0,0.39,1900-01-01 13:14:44,1021,3,0.9787234042553191,1.0
2028,68850d047b3c97d19cf78e96,Prompt 248,True,0.75,248.2,63.0,1380000000.0,1215000000.0,6810501120.0,0.39,1900-01-01 13:14:44,1021,4,0.9787234042553191,1.0
2029,68850d057b3c97d19cf78e97,Prompt 248,True,0.75,248.2,63.0,1380000000.0,1215000000.0,6810501120.0,0.39,1900-01-01 13:14:45,1022,5,0.9787234042553191,1.0
2030,68850d057b3c97d19cf78e98,Prompt 248,True,0.75,248.2,63.0,1380000000.0,1215000000.0,6810501120.0,0.39,1900-01-01 13:14:45,1022,6,0.9787234042553191,1.0
2031,68850d067b3c97d19cf78e99,Prompt 248,True,0.75,248.2,63.0,1380000000.0,1215000000.0,6810501120.0,0.39,1900-01-01 13:14:46,1023,7,0.9787234042553191,1.0
2032,68850d067b3c97d19cf78e9a,Prompt 248,True,0.75,248.2,63.0,1380000000.0,1215000000.0,6810501120.0,0.39,1900-01-01 13:14:46,1023,8,0.9787234042553191,1.0
2033,68850d067b3c97d19cf78e9b,,True,,,,,,,,1900-01-01 13:14:46,,,,
2034,68850d077b3c97d19cf78e9c,Prompt 249,True,0.75,248.2,63.0,1380000000.0,1215000000.0,6810501120.0,0.39,1900-01-01 13:14:47,1024,1,0.9787234042553191,1.0
2035,68850d087b3c97d19cf78e9d,Prompt 249,True,0.75,248.2,63.0,1380000000.0,1215000000.0,6810501120.0,0.39,1900-01-01 13:14:48,1024,2,0.9787234042553191,1.0
2036,68850d087b3c97d19cf78e9e,Prompt 249,True,0.75,248.2,63.0,1380000000.0,1215000000.0,6810501120.0,0.39,1900-01-01 13:14:48,1025,3,0.9787234042553191,1.0
2037,68850d097b3c97d19cf78e9f,Prompt 249,True,0.75,248.2,63.0,1380000000.0,1215000000.0,6810501120.0,0.39,1900-01-01 13:14:49,1025,4,0.9787234042553191,1.0
2038,68850d097b3c97d19cf78ea0,Prompt 249,True,0.75,248.2,63.0,1380000000.0,1215000000.0,6810501120.0,0.39,1900-01-01 13:14:49,1026,5,0.9787234042553191,1.0
2039,68850d0a7b3c97d19cf78ea1,Prompt 249,True,0.75,248.2,63.0,1380000000.0,1215000000.0,6810501120.0,0.39,1900-01-01 13:14:50,1027,6,0.9787234042553191,1.0
2040,68850d0a7b3c97d19cf78ea2,Prompt 249,True,0.75,248.2,63.0,1380000000.0,1215000000.0,6810501120.0,0.39,1900-01-01 13:14:50,1027,7,0.9787234042553191,1.0
2041,68850d0b7b3c97d19cf78ea3,Prompt 249,True,0.75,248.2,63.0,1380000000.0,1215000000.0,6810501120.0,0.39,1900-01-01 13:14:51,1028,8,0.9787234042553191,1.0
2042,68850d0b7b3c97d19cf78ea4,Prompt 249,True,0.75,248.2,63.0,1380000000.0,1215000000.0,6810501120.0,0.39,1900-01-01 13:14:51,1028,9,0.9787234042553191,1.0
2043,68850d0c7b3c97d19cf78ea5,Prompt 249,True,0.75,248.2,63.0,1380000000.0,1215000000.0,6810501120.0,0.38,1900-01-01 13:14:52,1029,10,0.9787234042553191,1.0
2044,68850d0c7b3c97d19cf78ea6,Prompt 249,True,0.74,231.98,63.0,1410000000.0,1215000000.0,6810501120.0,0.38,1900-01-01 13:14:52,1029,11,1.0,1.0
2045,68850d0c7b3c97d19cf78ea7,,True,,,,,,,,1900-01-01 13:14:52,,,,
2046,68850d0d7b3c97d19cf78ea8,Prompt 250,True,0.74,231.98,63.0,1410000000.0,1215000000.0,6810501120.0,0.38,1900-01-01 13:14:53,1030,1,1.0,1.0
2047,68850d0d7b3c97d19cf78ea9,Prompt 250,True,0.74,231.98,63.0,1410000000.0,1215000000.0,6810501120.0,0.38,1900-01-01 13:14:53,1030,2,1.0,1.0
2048,68850d0e7b3c97d19cf78eaa,Prompt 250,True,0.74,231.98,63.0,1410000000.0,1215000000.0,6810501120.0,0.38,1900-01-01 13:14:54,1031,3,1.0,1.0
2049,68850d0f7b3c97d19cf78eab,Prompt 250,True,0.74,231.98,63.0,1410000000.0,1215000000.0,6810501120.0,0.38,1900-01-01 13:14:55,1032,4,1.0,1.0
2050,68850d0f7b3c97d19cf78eac,Prompt 250,True,0.74,231.98,63.0,1410000000.0,1215000000.0,6810501120.0,0.38,1900-01-01 13:14:55,1032,5,1.0,1.0
2051,68850d107b3c97d19cf78ead,Prompt 250,True,0.74,231.98,63.0,1410000000.0,1215000000.0,6810501120.0,0.38,1900-01-01 13:14:56,1033,6,1.0,1.0
2052,68850d107b3c97d19cf78eae,Prompt 250,True,0.74,231.98,63.0,1410000000.0,1215000000.0,6810501120.0,0.38,1900-01-01 13:14:56,1033,7,1.0,1.0
2053,68850d117b3c97d19cf78eaf,Prompt 250,True,0.74,231.98,63.0,1410000000.0,1215000000.0,6810501120.0,0.38,1900-01-01 13:14:57,1034,8,1.0,1.0
2054,68850d117b3c97d19cf78eb0,Prompt 250,True,0.74,231.98,63.0,1410000000.0,1215000000.0,6810501120.0,0.38,1900-01-01 13:14:57,1034,9,1.0,1.0
2055,68850d117b3c97d19cf78eb1,,True,,,,,,,,1900-01-01 13:14:57,,,,
2056,68850d127b3c97d19cf78eb2,Prompt 251,True,0.74,231.98,63.0,1410000000.0,1215000000.0,6810501120.0,0.38,1900-01-01 13:14:58,1035,1,1.0,1.0
2057,68850d137b3c97d19cf78eb3,Prompt 251,True,0.74,231.98,63.0,1410000000.0,1215000000.0,6810501120.0,0.38,1900-01-01 13:14:59,1035,2,1.0,1.0
2058,68850d137b3c97d19cf78eb4,Prompt 251,True,0.74,231.98,63.0,1410000000.0,1215000000.0,6810501120.0,0.38,1900-01-01 13:14:59,1036,3,1.0,1.0
2059,68850d147b3c97d19cf78eb5,Prompt 251,True,0.74,231.98,63.0,1410000000.0,1215000000.0,6810501120.0,0.38,1900-01-01 13:15:00,1037,4,1.0,1.0
2060,68850d147b3c97d19cf78eb6,Prompt 251,True,0.74,231.98,63.0,1410000000.0,1215000000.0,6810501120.0,0.38,1900-01-01 13:15:00,1037,5,1.0,1.0
2061,68850d157b3c97d19cf78eb7,Prompt 251,True,0.74,231.98,63.0,1410000000.0,1215000000.0,6810501120.0,0.38,1900-01-01 13:15:01,1038,6,1.0,1.0
2062,68850d157b3c97d19cf78eb8,Prompt 251,True,0.74,231.98,63.0,1410000000.0,1215000000.0,6810501120.0,0.38,1900-01-01 13:15:01,1038,7,1.0,1.0
2063,68850d167b3c97d19cf78eb9,Prompt 251,True,0.74,231.98,63.0,1410000000.0,1215000000.0,6810501120.0,0.38,1900-01-01 13:15:02,1039,8,1.0,1.0
2064,68850d167b3c97d19cf78eba,Prompt 251,True,0.74,231.98,63.0,1410000000.0,1215000000.0,6810501120.0,0.38,1900-01-01 13:15:02,1039,9,1.0,1.0
2065,68850d177b3c97d19cf78ebb,Prompt 251,True,0.74,231.98,63.0,1410000000.0,1215000000.0,6810501120.0,0.38,1900-01-01 13:15:03,1040,10,1.0,1.0
2066,68850d187b3c97d19cf78ebc,Prompt 251,True,0.74,231.98,63.0,1410000000.0,1215000000.0,6810501120.0,0.38,1900-01-01 13:15:04,1041,11,1.0,1.0
2067,68850d187b3c97d19cf78ebd,Prompt 251,True,0.74,231.98,63.0,1410000000.0,1215000000.0,6810501120.0,0.38,1900-01-01 13:15:04,1041,12,1.0,1.0
2068,68850d187b3c97d19cf78ebe,,True,,,,,,,,1900-01-01 13:15:04,,,,
2069,68850d197b3c97d19cf78ebf,Prompt 252,True,0.74,231.98,63.0,1410000000.0,1215000000.0,6810501120.0,0.38,1900-01-01 13:15:05,1042,1,1.0,1.0
2070,68850d1a7b3c97d19cf78ec0,Prompt 252,True,0.74,231.98,63.0,1410000000.0,1215000000.0,6810501120.0,0.38,1900-01-01 13:15:06,1042,2,1.0,1.0
2071,68850d1a7b3c97d19cf78ec1,Prompt 252,True,0.74,231.98,63.0,1410000000.0,1215000000.0,6810501120.0,0.38,1900-01-01 13:15:06,1043,3,1.0,1.0
2072,68850d1b7b3c97d19cf78ec2,Prompt 252,True,0.74,231.98,63.0,1410000000.0,1215000000.0,6810501120.0,0.38,1900-01-01 13:15:07,1044,4,1.0,1.0
2073,68850d1b7b3c97d19cf78ec3,Prompt 252,True,0.76,228.01,63.0,1395000000.0,1215000000.0,6810501120.0,0.39,1900-01-01 13:15:07,1044,5,0.9893617021276596,1.0
2074,68850d1c7b3c97d19cf78ec4,Prompt 252,True,0.76,228.01,63.0,1395000000.0,1215000000.0,6810501120.0,0.39,1900-01-01 13:15:08,1045,6,0.9893617021276596,1.0
2075,68850d1c7b3c97d19cf78ec5,Prompt 252,True,0.76,228.01,63.0,1395000000.0,1215000000.0,6810501120.0,0.39,1900-01-01 13:15:08,1045,7,0.9893617021276596,1.0
2076,68850d1d7b3c97d19cf78ec6,Prompt 252,True,0.76,228.01,63.0,1395000000.0,1215000000.0,6810501120.0,0.39,1900-01-01 13:15:09,1046,8,0.9893617021276596,1.0
2077,68850d1e7b3c97d19cf78ec7,Prompt 252,True,0.76,228.01,63.0,1395000000.0,1215000000.0,6810501120.0,0.39,1900-01-01 13:15:10,1046,9,0.9893617021276596,1.0
2078,68850d1e7b3c97d19cf78ec8,Prompt 252,True,0.76,228.01,63.0,1395000000.0,1215000000.0,6810501120.0,0.39,1900-01-01 13:15:10,1047,10,0.9893617021276596,1.0
2079,68850d1f7b3c97d19cf78ec9,Prompt 252,True,0.76,228.01,63.0,1395000000.0,1215000000.0,6810501120.0,0.39,1900-01-01 13:15:11,1048,11,0.9893617021276596,1.0
2080,68850d1f7b3c97d19cf78eca,Prompt 252,True,0.76,228.01,63.0,1395000000.0,1215000000.0,6810501120.0,0.39,1900-01-01 13:15:11,1048,12,0.9893617021276596,1.0
2081,68850d207b3c97d19cf78ecb,Prompt 252,True,0.76,228.01,63.0,1395000000.0,1215000000.0,6810501120.0,0.39,1900-01-01 13:15:12,1049,13,0.9893617021276596,1.0
2082,68850d207b3c97d19cf78ecc,Prompt 252,True,0.76,228.01,63.0,1395000000.0,1215000000.0,6810501120.0,0.39,1900-01-01 13:15:12,1049,14,0.9893617021276596,1.0
2083,68850d217b3c97d19cf78ecd,Prompt 252,True,0.76,228.01,63.0,1395000000.0,1215000000.0,6810501120.0,0.39,1900-01-01 13:15:13,1050,15,0.9893617021276596,1.0
2084,68850d227b3c97d19cf78ece,Prompt 252,True,0.76,228.01,63.0,1395000000.0,1215000000.0,6810501120.0,0.39,1900-01-01 13:15:14,1050,16,0.9893617021276596,1.0
2085,68850d227b3c97d19cf78ecf,,True,,,,,,,,1900-01-01 13:15:13,,,,
2086,68850d227b3c97d19cf78ed0,Prompt 253,True,0.76,228.01,63.0,1395000000.0,1215000000.0,6810501120.0,0.39,1900-01-01 13:15:14,1051,1,0.9893617021276596,1.0
2087,68850d237b3c97d19cf78ed1,Prompt 253,True,0.76,228.01,63.0,1395000000.0,1215000000.0,6810501120.0,0.39,1900-01-01 13:15:15,1052,2,0.9893617021276596,1.0
2088,68850d237b3c97d19cf78ed2,Prompt 253,True,0.76,228.01,63.0,1395000000.0,1215000000.0,6810501120.0,0.39,1900-01-01 13:15:15,1052,3,0.9893617021276596,1.0
2089,68850d247b3c97d19cf78ed3,Prompt 253,True,0.76,228.01,63.0,1395000000.0,1215000000.0,6810501120.0,0.39,1900-01-01 13:15:16,1053,4,0.9893617021276596,1.0
2090,68850d247b3c97d19cf78ed4,Prompt 253,True,0.76,228.01,63.0,1395000000.0,1215000000.0,6810501120.0,0.39,1900-01-01 13:15:16,1053,5,0.9893617021276596,1.0
2091,68850d257b3c97d19cf78ed5,Prompt 253,True,0.76,228.01,63.0,1395000000.0,1215000000.0,6810501120.0,0.39,1900-01-01 13:15:17,1054,6,0.9893617021276596,1.0
2092,68850d257b3c97d19cf78ed6,Prompt 253,True,0.76,228.01,63.0,1395000000.0,1215000000.0,6810501120.0,0.39,1900-01-01 13:15:17,1054,7,0.9893617021276596,1.0
2093,68850d267b3c97d19cf78ed7,Prompt 253,True,0.76,228.01,63.0,1395000000.0,1215000000.0,6810501120.0,0.39,1900-01-01 13:15:18,1055,8,0.9893617021276596,1.0
2094,68850d277b3c97d19cf78ed8,Prompt 253,True,0.76,228.01,63.0,1395000000.0,1215000000.0,6810501120.0,0.39,1900-01-01 13:15:19,1055,9,0.9893617021276596,1.0
2095,68850d277b3c97d19cf78ed9,Prompt 253,True,0.76,228.01,63.0,1395000000.0,1215000000.0,6810501120.0,0.39,1900-01-01 13:15:19,1056,10,0.9893617021276596,1.0
2096,68850d287b3c97d19cf78eda,Prompt 253,True,0.76,228.01,63.0,1395000000.0,1215000000.0,6810501120.0,0.39,1900-01-01 13:15:20,1057,11,0.9893617021276596,1.0
2097,68850d287b3c97d19cf78edb,Prompt 253,True,0.76,228.01,63.0,1395000000.0,1215000000.0,6810501120.0,0.39,1900-01-01 13:15:20,1057,12,0.9893617021276596,1.0
2098,68850d297b3c97d19cf78edc,Prompt 253,True,0.76,228.01,63.0,1395000000.0,1215000000.0,6810501120.0,0.39,1900-01-01 13:15:21,1058,13,0.9893617021276596,1.0
2099,68850d297b3c97d19cf78edd,Prompt 253,True,0.76,228.01,63.0,1395000000.0,1215000000.0,6810501120.0,0.39,1900-01-01 13:15:21,1058,14,0.9893617021276596,1.0
2100,68850d297b3c97d19cf78ede,,True,,,,,,,,1900-01-01 13:15:21,,,,
2101,68850d2a7b3c97d19cf78edf,Prompt 254,True,0.76,228.01,63.0,1395000000.0,1215000000.0,6810501120.0,0.08,1900-01-01 13:15:22,1059,1,0.9893617021276596,1.0
2102,68850d2a7b3c97d19cf78ee0,Prompt 254,True,0.17,227.6,61.0,1395000000.0,1215000000.0,6810501120.0,0.08,1900-01-01 13:15:22,1059,2,0.9893617021276596,1.0
2103,68850d2b7b3c97d19cf78ee1,Prompt 254,True,0.17,227.6,61.0,1395000000.0,1215000000.0,6810501120.0,0.08,1900-01-01 13:15:23,1060,3,0.9893617021276596,1.0
2104,68850d2c7b3c97d19cf78ee2,Prompt 254,True,0.17,227.6,61.0,1395000000.0,1215000000.0,6810501120.0,0.08,1900-01-01 13:15:24,1060,4,0.9893617021276596,1.0
2105,68850d2c7b3c97d19cf78ee3,Prompt 254,True,0.17,227.6,61.0,1395000000.0,1215000000.0,6810501120.0,0.08,1900-01-01 13:15:24,1061,5,0.9893617021276596,1.0
2106,68850d2d7b3c97d19cf78ee4,Prompt 254,True,0.17,227.6,61.0,1395000000.0,1215000000.0,6810501120.0,0.08,1900-01-01 13:15:25,1061,6,0.9893617021276596,1.0
2107,68850d2d7b3c97d19cf78ee5,Prompt 254,True,0.17,227.6,61.0,1395000000.0,1215000000.0,6810501120.0,0.08,1900-01-01 13:15:25,1062,7,0.9893617021276596,1.0
2108,68850d2e7b3c97d19cf78ee6,Prompt 254,True,0.17,227.6,61.0,1395000000.0,1215000000.0,6810501120.0,0.08,1900-01-01 13:15:26,1063,8,0.9893617021276596,1.0
2109,68850d2e7b3c97d19cf78ee7,Prompt 254,True,0.17,227.6,61.0,1395000000.0,1215000000.0,6810501120.0,0.08,1900-01-01 13:15:26,1063,9,0.9893617021276596,1.0
2110,68850d2f7b3c97d19cf78ee8,Prompt 254,True,0.17,227.6,61.0,1395000000.0,1215000000.0,6810501120.0,0.08,1900-01-01 13:15:27,1064,10,0.9893617021276596,1.0
2111,68850d2f7b3c97d19cf78ee9,,True,,,,,,,,1900-01-01 13:15:27,,,,
2112,68850d2f7b3c97d19cf78eea,Prompt 255,True,0.17,227.6,61.0,1395000000.0,1215000000.0,6810501120.0,0.08,1900-01-01 13:15:27,1064,1,0.9893617021276596,1.0
2113,68850d307b3c97d19cf78eeb,Prompt 255,True,0.17,227.6,61.0,1395000000.0,1215000000.0,6810501120.0,0.08,1900-01-01 13:15:28,1065,2,0.9893617021276596,1.0
2114,68850d307b3c97d19cf78eec,Prompt 255,True,0.17,227.6,61.0,1395000000.0,1215000000.0,6810501120.0,0.08,1900-01-01 13:15:28,1065,3,0.9893617021276596,1.0
2115,68850d317b3c97d19cf78eed,Prompt 255,True,0.17,227.6,61.0,1395000000.0,1215000000.0,6810501120.0,0.08,1900-01-01 13:15:29,1066,4,0.9893617021276596,1.0
2116,68850d317b3c97d19cf78eee,Prompt 255,True,0.17,227.6,61.0,1395000000.0,1215000000.0,6810501120.0,0.08,1900-01-01 13:15:29,1066,5,0.9893617021276596,1.0
2117,68850d327b3c97d19cf78eef,Prompt 255,True,0.17,227.6,61.0,1395000000.0,1215000000.0,6810501120.0,0.08,1900-01-01 13:15:30,1067,6,0.9893617021276596,1.0
2118,68850d337b3c97d19cf78ef0,Prompt 255,True,0.17,227.6,61.0,1395000000.0,1215000000.0,6810501120.0,0.08,1900-01-01 13:15:31,1068,7,0.9893617021276596,1.0
2119,68850d337b3c97d19cf78ef1,Prompt 255,True,0.17,227.6,61.0,1395000000.0,1215000000.0,6810501120.0,0.08,1900-01-01 13:15:31,1068,8,0.9893617021276596,1.0
2120,68850d347b3c97d19cf78ef2,Prompt 255,True,0.17,227.6,61.0,1395000000.0,1215000000.0,6810501120.0,0.08,1900-01-01 13:15:32,1069,9,0.9893617021276596,1.0
2121,68850d347b3c97d19cf78ef3,Prompt 255,True,0.17,227.6,61.0,1395000000.0,1215000000.0,6810501120.0,0.08,1900-01-01 13:15:32,1069,10,0.9893617021276596,1.0
2122,68850d347b3c97d19cf78ef4,,True,,,,,,,,1900-01-01 13:15:32,,,,
2123,68850d357b3c97d19cf78ef5,Prompt 256,True,0.17,227.6,61.0,1395000000.0,1215000000.0,6810501120.0,0.08,1900-01-01 13:15:33,1070,1,0.9893617021276596,1.0
2124,68850d367b3c97d19cf78ef6,Prompt 256,True,0.17,227.6,61.0,1395000000.0,1215000000.0,6810501120.0,0.08,1900-01-01 13:15:34,1071,2,0.9893617021276596,1.0
2125,68850d377b3c97d19cf78ef7,Prompt 256,True,0.17,227.6,61.0,1395000000.0,1215000000.0,6810501120.0,0.08,1900-01-01 13:15:35,1072,3,0.9893617021276596,1.0
2126,68850d377b3c97d19cf78ef8,Prompt 256,True,0.17,227.6,61.0,1395000000.0,1215000000.0,6810501120.0,0.08,1900-01-01 13:15:35,1072,4,0.9893617021276596,1.0
2127,68850d387b3c97d19cf78ef9,Prompt 256,True,0.17,227.6,61.0,1395000000.0,1215000000.0,6810501120.0,0.08,1900-01-01 13:15:36,1073,5,0.9893617021276596,1.0
2128,68850d397b3c97d19cf78efa,Prompt 256,True,0.17,227.6,61.0,1395000000.0,1215000000.0,6810501120.0,0.08,1900-01-01 13:15:37,1074,6,0.9893617021276596,1.0
2129,68850d397b3c97d19cf78efb,Prompt 256,True,0.17,247.32,64.0,1395000000.0,1215000000.0,6810501120.0,0.38,1900-01-01 13:15:37,1074,7,0.9893617021276596,1.0
2130,68850d3a7b3c97d19cf78efc,Prompt 256,True,0.76,247.32,64.0,1395000000.0,1215000000.0,6810501120.0,0.38,1900-01-01 13:15:38,1075,8,0.9893617021276596,1.0
2131,68850d3a7b3c97d19cf78efd,Prompt 256,True,0.76,247.32,64.0,1395000000.0,1215000000.0,6810501120.0,0.38,1900-01-01 13:15:38,1075,9,0.9893617021276596,1.0
2132,68850d3b7b3c97d19cf78efe,Prompt 256,True,0.76,247.32,64.0,1395000000.0,1215000000.0,6810501120.0,0.38,1900-01-01 13:15:39,1076,10,0.9893617021276596,1.0
2133,68850d3b7b3c97d19cf78eff,Prompt 256,True,0.76,247.32,64.0,1395000000.0,1215000000.0,6810501120.0,0.38,1900-01-01 13:15:39,1076,11,0.9893617021276596,1.0
2134,68850d3c7b3c97d19cf78f00,Prompt 256,True,0.76,247.32,64.0,1395000000.0,1215000000.0,6810501120.0,0.38,1900-01-01 13:15:40,1077,12,0.9893617021276596,1.0
2135,68850d3d7b3c97d19cf78f01,Prompt 256,True,0.76,247.32,64.0,1395000000.0,1215000000.0,6810501120.0,0.38,1900-01-01 13:15:41,1078,13,0.9893617021276596,1.0
2136,68850d3d7b3c97d19cf78f02,Prompt 256,True,0.76,247.32,64.0,1395000000.0,1215000000.0,6810501120.0,0.38,1900-01-01 13:15:41,1078,14,0.9893617021276596,1.0
2137,68850d3e7b3c97d19cf78f03,Prompt 256,True,0.76,247.32,64.0,1395000000.0,1215000000.0,6810501120.0,0.38,1900-01-01 13:15:42,1079,15,0.9893617021276596,1.0
2138,68850d3e7b3c97d19cf78f04,Prompt 256,True,0.76,247.32,64.0,1395000000.0,1215000000.0,6810501120.0,0.38,1900-01-01 13:15:42,1079,16,0.9893617021276596,1.0
2139,68850d3f7b3c97d19cf78f05,Prompt 256,True,0.76,247.32,64.0,1395000000.0,1215000000.0,6810501120.0,0.38,1900-01-01 13:15:43,1080,17,0.9893617021276596,1.0
2140,68850d3f7b3c97d19cf78f06,Prompt 256,True,0.76,247.32,64.0,1395000000.0,1215000000.0,6810501120.0,0.38,1900-01-01 13:15:43,1080,18,0.9893617021276596,1.0
2141,68850d407b3c97d19cf78f07,Prompt 256,True,0.76,247.32,64.0,1395000000.0,1215000000.0,6810501120.0,0.38,1900-01-01 13:15:44,1081,19,0.9893617021276596,1.0
2142,68850d407b3c97d19cf78f08,,True,,,,,,,,1900-01-01 13:15:44,,,,
2143,68850d417b3c97d19cf78f09,Prompt 257,True,0.76,247.32,64.0,1395000000.0,1215000000.0,6810501120.0,0.38,1900-01-01 13:15:45,1081,1,0.9893617021276596,1.0
2144,68850d417b3c97d19cf78f0a,Prompt 257,True,0.76,247.32,64.0,1395000000.0,1215000000.0,6810501120.0,0.38,1900-01-01 13:15:45,1082,2,0.9893617021276596,1.0
2145,68850d427b3c97d19cf78f0b,Prompt 257,True,0.76,247.32,64.0,1395000000.0,1215000000.0,6810501120.0,0.38,1900-01-01 13:15:46,1083,3,0.9893617021276596,1.0
2146,68850d427b3c97d19cf78f0c,Prompt 257,True,0.76,247.32,64.0,1395000000.0,1215000000.0,6810501120.0,0.38,1900-01-01 13:15:46,1083,4,0.9893617021276596,1.0
2147,68850d437b3c97d19cf78f0d,Prompt 257,True,0.76,247.32,64.0,1395000000.0,1215000000.0,6810501120.0,0.38,1900-01-01 13:15:47,1083,5,0.9893617021276596,1.0
2148,68850d437b3c97d19cf78f0e,Prompt 257,True,0.76,247.32,64.0,1395000000.0,1215000000.0,6810501120.0,0.38,1900-01-01 13:15:47,1084,6,0.9893617021276596,1.0
2149,68850d447b3c97d19cf78f0f,Prompt 257,True,0.76,247.32,64.0,1395000000.0,1215000000.0,6810501120.0,0.38,1900-01-01 13:15:48,1085,7,0.9893617021276596,1.0
2150,68850d447b3c97d19cf78f10,Prompt 257,True,0.76,247.32,64.0,1395000000.0,1215000000.0,6810501120.0,0.38,1900-01-01 13:15:48,1085,8,0.9893617021276596,1.0
2151,68850d457b3c97d19cf78f11,Prompt 257,True,0.76,247.32,64.0,1395000000.0,1215000000.0,6810501120.0,0.38,1900-01-01 13:15:49,1086,9,0.9893617021276596,1.0
2152,68850d457b3c97d19cf78f12,Prompt 257,True,0.76,247.32,64.0,1395000000.0,1215000000.0,6810501120.0,0.38,1900-01-01 13:15:49,1086,10,0.9893617021276596,1.0
2153,68850d467b3c97d19cf78f13,Prompt 257,True,0.76,247.32,64.0,1395000000.0,1215000000.0,6810501120.0,0.38,1900-01-01 13:15:50,1087,11,0.9893617021276596,1.0
2154,68850d477b3c97d19cf78f14,Prompt 257,True,0.76,247.32,64.0,1395000000.0,1215000000.0,6810501120.0,0.38,1900-01-01 13:15:51,1087,12,0.9893617021276596,1.0
2155,68850d477b3c97d19cf78f15,Prompt 257,True,0.76,247.32,64.0,1395000000.0,1215000000.0,6810501120.0,0.38,1900-01-01 13:15:51,1088,13,0.9893617021276596,1.0
2156,68850d477b3c97d19cf78f16,,True,,,,,,,,1900-01-01 13:15:51,,,,
2157,68850d487b3c97d19cf78f17,Prompt 258,True,0.76,247.32,64.0,1395000000.0,1215000000.0,6810501120.0,0.38,1900-01-01 13:15:52,1089,1,0.9893617021276596,1.0
2158,68850d487b3c97d19cf78f18,Prompt 258,True,0.73,256.26,63.0,1395000000.0,1215000000.0,6810501120.0,0.39,1900-01-01 13:15:52,1089,2,0.9893617021276596,1.0
2159,68850d497b3c97d19cf78f19,Prompt 258,True,0.73,256.26,63.0,1395000000.0,1215000000.0,6810501120.0,0.39,1900-01-01 13:15:53,1090,3,0.9893617021276596,1.0
2160,68850d497b3c97d19cf78f1a,Prompt 258,True,0.73,256.26,63.0,1395000000.0,1215000000.0,6810501120.0,0.39,1900-01-01 13:15:53,1090,4,0.9893617021276596,1.0
2161,68850d4a7b3c97d19cf78f1b,Prompt 258,True,0.73,256.26,63.0,1395000000.0,1215000000.0,6810501120.0,0.39,1900-01-01 13:15:54,1091,5,0.9893617021276596,1.0
2162,68850d4a7b3c97d19cf78f1c,Prompt 258,True,0.73,256.26,63.0,1395000000.0,1215000000.0,6810501120.0,0.39,1900-01-01 13:15:54,1091,6,0.9893617021276596,1.0
2163,68850d4b7b3c97d19cf78f1d,Prompt 258,True,0.73,256.26,63.0,1395000000.0,1215000000.0,6810501120.0,0.39,1900-01-01 13:15:55,1092,7,0.9893617021276596,1.0
2164,68850d4b7b3c97d19cf78f1e,Prompt 258,True,0.73,256.26,63.0,1395000000.0,1215000000.0,6810501120.0,0.39,1900-01-01 13:15:55,1092,8,0.9893617021276596,1.0
2165,68850d4c7b3c97d19cf78f1f,Prompt 258,True,0.73,256.26,63.0,1395000000.0,1215000000.0,6810501120.0,0.39,1900-01-01 13:15:56,1093,9,0.9893617021276596,1.0
2166,68850d4c7b3c97d19cf78f20,,True,,,,,,,,1900-01-01 13:15:56,,,,
2167,68850d4d7b3c97d19cf78f21,Prompt 259,True,0.73,256.26,63.0,1395000000.0,1215000000.0,6810501120.0,0.39,1900-01-01 13:15:57,1094,1,0.9893617021276596,1.0
2168,68850d4d7b3c97d19cf78f22,Prompt 259,True,0.73,256.26,63.0,1395000000.0,1215000000.0,6810501120.0,0.39,1900-01-01 13:15:57,1094,2,0.9893617021276596,1.0
2169,68850d4e7b3c97d19cf78f23,Prompt 259,True,0.73,256.26,63.0,1395000000.0,1215000000.0,6810501120.0,0.39,1900-01-01 13:15:58,1095,3,0.9893617021276596,1.0
2170,68850d4e7b3c97d19cf78f24,Prompt 259,True,0.73,256.26,63.0,1395000000.0,1215000000.0,6810501120.0,0.39,1900-01-01 13:15:58,1095,4,0.9893617021276596,1.0
2171,68850d4f7b3c97d19cf78f25,Prompt 259,True,0.73,256.26,63.0,1395000000.0,1215000000.0,6810501120.0,0.39,1900-01-01 13:15:59,1096,5,0.9893617021276596,1.0
2172,68850d4f7b3c97d19cf78f26,Prompt 259,True,0.73,256.26,63.0,1395000000.0,1215000000.0,6810501120.0,0.39,1900-01-01 13:15:59,1096,6,0.9893617021276596,1.0
2173,68850d507b3c97d19cf78f27,Prompt 259,True,0.73,256.26,63.0,1395000000.0,1215000000.0,6810501120.0,0.39,1900-01-01 13:16:00,1097,7,0.9893617021276596,1.0
2174,68850d507b3c97d19cf78f28,Prompt 259,True,0.73,256.26,63.0,1395000000.0,1215000000.0,6810501120.0,0.39,1900-01-01 13:16:00,1097,8,0.9893617021276596,1.0
2175,68850d517b3c97d19cf78f29,Prompt 259,True,0.73,256.26,63.0,1395000000.0,1215000000.0,6810501120.0,0.39,1900-01-01 13:16:01,1098,9,0.9893617021276596,1.0
2176,68850d527b3c97d19cf78f2a,Prompt 259,True,0.73,256.26,63.0,1395000000.0,1215000000.0,6810501120.0,0.39,1900-01-01 13:16:02,1098,10,0.9893617021276596,1.0
2177,68850d527b3c97d19cf78f2b,Prompt 259,True,0.73,256.26,63.0,1395000000.0,1215000000.0,6810501120.0,0.39,1900-01-01 13:16:02,1099,11,0.9893617021276596,1.0
2178,68850d537b3c97d19cf78f2c,Prompt 259,True,0.73,256.26,63.0,1395000000.0,1215000000.0,6810501120.0,0.39,1900-01-01 13:16:03,1099,12,0.9893617021276596,1.0
2179,68850d537b3c97d19cf78f2d,,True,,,,,,,,1900-01-01 13:16:02,,,,
2180,68850d537b3c97d19cf78f2e,Prompt 260,True,0.73,256.26,63.0,1395000000.0,1215000000.0,6810501120.0,0.39,1900-01-01 13:16:03,1100,1,0.9893617021276596,1.0
2181,68850d547b3c97d19cf78f2f,Prompt 260,True,0.73,256.26,63.0,1395000000.0,1215000000.0,6810501120.0,0.39,1900-01-01 13:16:04,1101,2,0.9893617021276596,1.0
2182,68850d547b3c97d19cf78f30,Prompt 260,True,0.73,256.26,63.0,1395000000.0,1215000000.0,6810501120.0,0.39,1900-01-01 13:16:04,1101,3,0.9893617021276596,1.0
2183,68850d557b3c97d19cf78f31,Prompt 260,True,0.73,256.26,63.0,1395000000.0,1215000000.0,6810501120.0,0.39,1900-01-01 13:16:05,1102,4,0.9893617021276596,1.0
2184,68850d557b3c97d19cf78f32,Prompt 260,True,0.73,256.26,63.0,1395000000.0,1215000000.0,6810501120.0,0.39,1900-01-01 13:16:05,1102,5,0.9893617021276596,1.0
2185,68850d567b3c97d19cf78f33,Prompt 260,True,0.73,256.26,63.0,1395000000.0,1215000000.0,6810501120.0,0.39,1900-01-01 13:16:06,1103,6,0.9893617021276596,1.0
2186,68850d567b3c97d19cf78f34,Prompt 260,True,0.73,256.26,63.0,1395000000.0,1215000000.0,6810501120.0,0.39,1900-01-01 13:16:06,1103,7,0.9893617021276596,1.0
2187,68850d577b3c97d19cf78f35,Prompt 260,True,0.73,256.26,63.0,1395000000.0,1215000000.0,6810501120.0,0.37,1900-01-01 13:16:07,1104,8,0.9893617021276596,1.0
2188,68850d577b3c97d19cf78f36,Prompt 260,True,0.75,241.51,64.0,1395000000.0,1215000000.0,6810501120.0,0.37,1900-01-01 13:16:07,1104,9,0.9893617021276596,1.0
2189,68850d587b3c97d19cf78f37,Prompt 260,True,0.75,241.51,64.0,1395000000.0,1215000000.0,6810501120.0,0.37,1900-01-01 13:16:08,1105,10,0.9893617021276596,1.0
2190,68850d587b3c97d19cf78f38,,True,,,,,,,,1900-01-01 13:16:08,,,,
2191,68850d597b3c97d19cf78f39,Prompt 261,True,0.75,241.51,64.0,1395000000.0,1215000000.0,6810501120.0,0.37,1900-01-01 13:16:09,1105,1,0.9893617021276596,1.0
2192,68850d597b3c97d19cf78f3a,Prompt 261,True,0.75,241.51,64.0,1395000000.0,1215000000.0,6810501120.0,0.37,1900-01-01 13:16:09,1106,2,0.9893617021276596,1.0
2193,68850d5a7b3c97d19cf78f3b,Prompt 261,True,0.75,241.51,64.0,1395000000.0,1215000000.0,6810501120.0,0.37,1900-01-01 13:16:10,1107,3,0.9893617021276596,1.0
2194,68850d5a7b3c97d19cf78f3c,Prompt 261,True,0.75,241.51,64.0,1395000000.0,1215000000.0,6810501120.0,0.37,1900-01-01 13:16:10,1107,4,0.9893617021276596,1.0
2195,68850d5b7b3c97d19cf78f3d,Prompt 261,True,0.75,241.51,64.0,1395000000.0,1215000000.0,6810501120.0,0.37,1900-01-01 13:16:11,1108,5,0.9893617021276596,1.0
2196,68850d5b7b3c97d19cf78f3e,Prompt 261,True,0.75,241.51,64.0,1395000000.0,1215000000.0,6810501120.0,0.37,1900-01-01 13:16:11,1108,6,0.9893617021276596,1.0
2197,68850d5c7b3c97d19cf78f3f,Prompt 261,True,0.75,241.51,64.0,1395000000.0,1215000000.0,6810501120.0,0.37,1900-01-01 13:16:12,1109,7,0.9893617021276596,1.0
2198,68850d5c7b3c97d19cf78f40,Prompt 261,True,0.75,241.51,64.0,1395000000.0,1215000000.0,6810501120.0,0.37,1900-01-01 13:16:12,1109,8,0.9893617021276596,1.0
2199,68850d5d7b3c97d19cf78f41,Prompt 261,True,0.75,241.51,64.0,1395000000.0,1215000000.0,6810501120.0,0.37,1900-01-01 13:16:13,1110,9,0.9893617021276596,1.0
2200,68850d5e7b3c97d19cf78f42,Prompt 261,True,0.75,241.51,64.0,1395000000.0,1215000000.0,6810501120.0,0.37,1900-01-01 13:16:14,1111,10,0.9893617021276596,1.0
2201,68850d5e7b3c97d19cf78f43,,True,,,,,,,,1900-01-01 13:16:13,,,,
2202,68850d5e7b3c97d19cf78f44,Prompt 262,True,0.75,241.51,64.0,1395000000.0,1215000000.0,6810501120.0,0.37,1900-01-01 13:16:14,1111,1,0.9893617021276596,1.0
2203,68850d5f7b3c97d19cf78f45,Prompt 262,True,0.75,241.51,64.0,1395000000.0,1215000000.0,6810501120.0,0.37,1900-01-01 13:16:15,1112,2,0.9893617021276596,1.0
2204,68850d5f7b3c97d19cf78f46,Prompt 262,True,0.75,241.51,64.0,1395000000.0,1215000000.0,6810501120.0,0.37,1900-01-01 13:16:15,1112,3,0.9893617021276596,1.0
2205,68850d607b3c97d19cf78f47,Prompt 262,True,0.75,241.51,64.0,1395000000.0,1215000000.0,6810501120.0,0.37,1900-01-01 13:16:16,1113,4,0.9893617021276596,1.0
2206,68850d607b3c97d19cf78f48,Prompt 262,True,0.75,241.51,64.0,1395000000.0,1215000000.0,6810501120.0,0.37,1900-01-01 13:16:16,1113,5,0.9893617021276596,1.0
2207,68850d617b3c97d19cf78f49,Prompt 262,True,0.75,241.51,64.0,1395000000.0,1215000000.0,6810501120.0,0.37,1900-01-01 13:16:17,1114,6,0.9893617021276596,1.0
2208,68850d617b3c97d19cf78f4a,Prompt 262,True,0.75,241.51,64.0,1395000000.0,1215000000.0,6810501120.0,0.37,1900-01-01 13:16:17,1114,7,0.9893617021276596,1.0
2209,68850d627b3c97d19cf78f4b,Prompt 262,True,0.75,241.51,64.0,1395000000.0,1215000000.0,6810501120.0,0.37,1900-01-01 13:16:18,1115,8,0.9893617021276596,1.0
2210,68850d627b3c97d19cf78f4c,Prompt 262,True,0.75,241.51,64.0,1395000000.0,1215000000.0,6810501120.0,0.37,1900-01-01 13:16:18,1115,9,0.9893617021276596,1.0
2211,68850d637b3c97d19cf78f4d,Prompt 262,True,0.75,241.51,64.0,1395000000.0,1215000000.0,6810501120.0,0.37,1900-01-01 13:16:19,1116,10,0.9893617021276596,1.0
2212,68850d637b3c97d19cf78f4e,Prompt 262,True,0.75,241.51,64.0,1395000000.0,1215000000.0,6810501120.0,0.37,1900-01-01 13:16:19,1116,11,0.9893617021276596,1.0
2213,68850d637b3c97d19cf78f4f,,True,,,,,,,,1900-01-01 13:16:19,,,,
2214,68850d647b3c97d19cf78f50,Prompt 263,True,0.75,241.51,64.0,1395000000.0,1215000000.0,6810501120.0,0.37,1900-01-01 13:16:20,1117,1,0.9893617021276596,1.0
2215,68850d657b3c97d19cf78f51,Prompt 263,True,0.75,241.51,64.0,1395000000.0,1215000000.0,6810501120.0,0.37,1900-01-01 13:16:21,1117,2,0.9893617021276596,1.0
2216,68850d657b3c97d19cf78f52,Prompt 263,True,0.75,241.51,64.0,1395000000.0,1215000000.0,6810501120.0,0.37,1900-01-01 13:16:21,1118,3,0.9893617021276596,1.0
2217,68850d667b3c97d19cf78f53,Prompt 263,True,0.75,241.51,64.0,1395000000.0,1215000000.0,6810501120.0,0.37,1900-01-01 13:16:22,1119,4,0.9893617021276596,1.0
2218,68850d667b3c97d19cf78f54,Prompt 263,True,0.75,241.51,64.0,1395000000.0,1215000000.0,6810501120.0,0.39,1900-01-01 13:16:22,1119,5,0.9893617021276596,1.0
2219,68850d677b3c97d19cf78f55,Prompt 263,True,0.75,256.17,64.0,1395000000.0,1215000000.0,6810501120.0,0.39,1900-01-01 13:16:23,1120,6,0.9893617021276596,1.0
2220,68850d677b3c97d19cf78f56,Prompt 263,True,0.75,256.17,64.0,1395000000.0,1215000000.0,6810501120.0,0.39,1900-01-01 13:16:23,1120,7,0.9893617021276596,1.0
2221,68850d687b3c97d19cf78f57,Prompt 263,True,0.75,256.17,64.0,1395000000.0,1215000000.0,6810501120.0,0.39,1900-01-01 13:16:24,1121,8,0.9893617021276596,1.0
2222,68850d687b3c97d19cf78f58,Prompt 263,True,0.75,256.17,64.0,1395000000.0,1215000000.0,6810501120.0,0.39,1900-01-01 13:16:24,1121,9,0.9893617021276596,1.0
2223,68850d697b3c97d19cf78f59,Prompt 263,True,0.75,256.17,64.0,1395000000.0,1215000000.0,6810501120.0,0.39,1900-01-01 13:16:25,1122,10,0.9893617021276596,1.0
2224,68850d697b3c97d19cf78f5a,Prompt 263,True,0.75,256.17,64.0,1395000000.0,1215000000.0,6810501120.0,0.39,1900-01-01 13:16:25,1122,11,0.9893617021276596,1.0
2225,68850d697b3c97d19cf78f5b,,True,,,,,,,,1900-01-01 13:16:25,,,,
2226,68850d6a7b3c97d19cf78f5c,Prompt 264,True,0.75,256.17,64.0,1395000000.0,1215000000.0,6810501120.0,0.39,1900-01-01 13:16:26,1123,1,0.9893617021276596,1.0
2227,68850d6b7b3c97d19cf78f5d,Prompt 264,True,0.75,256.17,64.0,1395000000.0,1215000000.0,6810501120.0,0.39,1900-01-01 13:16:27,1124,2,0.9893617021276596,1.0
2228,68850d6b7b3c97d19cf78f5e,Prompt 264,True,0.75,256.17,64.0,1395000000.0,1215000000.0,6810501120.0,0.39,1900-01-01 13:16:27,1124,3,0.9893617021276596,1.0
2229,68850d6c7b3c97d19cf78f5f,Prompt 264,True,0.75,256.17,64.0,1395000000.0,1215000000.0,6810501120.0,0.39,1900-01-01 13:16:28,1125,4,0.9893617021276596,1.0
2230,68850d6d7b3c97d19cf78f60,Prompt 264,True,0.75,256.17,64.0,1395000000.0,1215000000.0,6810501120.0,0.39,1900-01-01 13:16:29,1125,5,0.9893617021276596,1.0
2231,68850d6d7b3c97d19cf78f61,Prompt 264,True,0.75,256.17,64.0,1395000000.0,1215000000.0,6810501120.0,0.39,1900-01-01 13:16:29,1126,6,0.9893617021276596,1.0
2232,68850d6e7b3c97d19cf78f62,Prompt 264,True,0.75,256.17,64.0,1395000000.0,1215000000.0,6810501120.0,0.39,1900-01-01 13:16:30,1127,7,0.9893617021276596,1.0
2233,68850d6e7b3c97d19cf78f63,Prompt 264,True,0.75,256.17,64.0,1395000000.0,1215000000.0,6810501120.0,0.39,1900-01-01 13:16:30,1127,8,0.9893617021276596,1.0
2234,68850d6f7b3c97d19cf78f64,Prompt 264,True,0.75,256.17,64.0,1395000000.0,1215000000.0,6810501120.0,0.39,1900-01-01 13:16:31,1128,9,0.9893617021276596,1.0
2235,68850d6f7b3c97d19cf78f65,Prompt 264,True,0.75,256.17,64.0,1395000000.0,1215000000.0,6810501120.0,0.39,1900-01-01 13:16:31,1128,10,0.9893617021276596,1.0
2236,68850d707b3c97d19cf78f66,Prompt 264,True,0.75,256.17,64.0,1395000000.0,1215000000.0,6810501120.0,0.39,1900-01-01 13:16:32,1129,11,0.9893617021276596,1.0
2237,68850d707b3c97d19cf78f67,Prompt 264,True,0.75,256.17,64.0,1395000000.0,1215000000.0,6810501120.0,0.39,1900-01-01 13:16:32,1129,12,0.9893617021276596,1.0
2238,68850d717b3c97d19cf78f68,Prompt 264,True,0.75,256.17,64.0,1395000000.0,1215000000.0,6810501120.0,0.39,1900-01-01 13:16:33,1130,13,0.9893617021276596,1.0
2239,68850d727b3c97d19cf78f69,Prompt 264,True,0.75,256.17,64.0,1395000000.0,1215000000.0,6810501120.0,0.39,1900-01-01 13:16:34,1130,14,0.9893617021276596,1.0
2240,68850d727b3c97d19cf78f6a,Prompt 264,True,0.75,256.17,64.0,1395000000.0,1215000000.0,6810501120.0,0.39,1900-01-01 13:16:34,1131,15,0.9893617021276596,1.0
2241,68850d737b3c97d19cf78f6b,Prompt 264,True,0.75,256.17,64.0,1395000000.0,1215000000.0,6810501120.0,0.39,1900-01-01 13:16:35,1132,16,0.9893617021276596,1.0
2242,68850d737b3c97d19cf78f6c,,True,,,,,,,,1900-01-01 13:16:34,,,,
2243,68850d737b3c97d19cf78f6d,Prompt 265,True,0.75,256.17,64.0,1395000000.0,1215000000.0,6810501120.0,0.39,1900-01-01 13:16:35,1132,1,0.9893617021276596,1.0
2244,68850d747b3c97d19cf78f6e,Prompt 265,True,0.75,256.17,64.0,1395000000.0,1215000000.0,6810501120.0,0.39,1900-01-01 13:16:36,1133,2,0.9893617021276596,1.0
2245,68850d747b3c97d19cf78f6f,Prompt 265,True,0.75,256.17,64.0,1395000000.0,1215000000.0,6810501120.0,0.39,1900-01-01 13:16:36,1133,3,0.9893617021276596,1.0
2246,68850d757b3c97d19cf78f70,Prompt 265,True,0.75,256.17,64.0,1395000000.0,1215000000.0,6810501120.0,0.39,1900-01-01 13:16:37,1134,4,0.9893617021276596,1.0
2247,68850d767b3c97d19cf78f71,Prompt 265,True,0.75,247.71,64.0,1395000000.0,1215000000.0,6810501120.0,0.39,1900-01-01 13:16:38,1135,5,0.9893617021276596,1.0
2248,68850d777b3c97d19cf78f72,Prompt 265,True,0.75,247.71,64.0,1395000000.0,1215000000.0,6810501120.0,0.39,1900-01-01 13:16:39,1135,6,0.9893617021276596,1.0
2249,68850d777b3c97d19cf78f73,,True,,,,,,,,1900-01-01 13:16:38,,,,
2250,68850d787b3c97d19cf78f74,Prompt 266,True,0.75,247.71,64.0,1395000000.0,1215000000.0,6810501120.0,0.39,1900-01-01 13:16:40,1136,1,0.9893617021276596,1.0
2251,68850d787b3c97d19cf78f75,Prompt 266,True,0.75,247.71,64.0,1395000000.0,1215000000.0,6810501120.0,0.39,1900-01-01 13:16:40,1137,2,0.9893617021276596,1.0
2252,68850d797b3c97d19cf78f76,Prompt 266,True,0.75,247.71,64.0,1395000000.0,1215000000.0,6810501120.0,0.39,1900-01-01 13:16:41,1138,3,0.9893617021276596,1.0
2253,68850d797b3c97d19cf78f77,Prompt 266,True,0.75,247.71,64.0,1395000000.0,1215000000.0,6810501120.0,0.39,1900-01-01 13:16:41,1138,4,0.9893617021276596,1.0
2254,68850d7a7b3c97d19cf78f78,Prompt 266,True,0.75,247.71,64.0,1395000000.0,1215000000.0,6810501120.0,0.39,1900-01-01 13:16:42,1139,5,0.9893617021276596,1.0
2255,68850d7a7b3c97d19cf78f79,Prompt 266,True,0.75,247.71,64.0,1395000000.0,1215000000.0,6810501120.0,0.39,1900-01-01 13:16:42,1139,6,0.9893617021276596,1.0
2256,68850d7b7b3c97d19cf78f7a,Prompt 266,True,0.75,247.71,64.0,1395000000.0,1215000000.0,6810501120.0,0.39,1900-01-01 13:16:43,1140,7,0.9893617021276596,1.0
2257,68850d7b7b3c97d19cf78f7b,Prompt 266,True,0.75,247.71,64.0,1395000000.0,1215000000.0,6810501120.0,0.39,1900-01-01 13:16:43,1140,8,0.9893617021276596,1.0
2258,68850d7c7b3c97d19cf78f7c,Prompt 266,True,0.75,247.71,64.0,1395000000.0,1215000000.0,6810501120.0,0.39,1900-01-01 13:16:44,1141,9,0.9893617021276596,1.0
2259,68850d7c7b3c97d19cf78f7d,Prompt 266,True,0.75,247.71,64.0,1395000000.0,1215000000.0,6810501120.0,0.39,1900-01-01 13:16:44,1141,10,0.9893617021276596,1.0
2260,68850d7d7b3c97d19cf78f7e,Prompt 266,True,0.75,247.71,64.0,1395000000.0,1215000000.0,6810501120.0,0.39,1900-01-01 13:16:45,1142,11,0.9893617021276596,1.0
2261,68850d7d7b3c97d19cf78f7f,Prompt 266,True,0.75,247.71,64.0,1395000000.0,1215000000.0,6810501120.0,0.39,1900-01-01 13:16:45,1142,12,0.9893617021276596,1.0
2262,68850d7e7b3c97d19cf78f80,Prompt 266,True,0.75,247.71,64.0,1395000000.0,1215000000.0,6810501120.0,0.39,1900-01-01 13:16:46,1143,13,0.9893617021276596,1.0
2263,68850d7e7b3c97d19cf78f81,,True,,,,,,,,1900-01-01 13:16:46,,,,
2264,68850d7e7b3c97d19cf78f82,Prompt 267,True,0.75,247.71,64.0,1395000000.0,1215000000.0,6810501120.0,0.39,1900-01-01 13:16:46,1143,1,0.9893617021276596,1.0
2265,68850d7f7b3c97d19cf78f83,Prompt 267,True,0.75,247.71,64.0,1395000000.0,1215000000.0,6810501120.0,0.39,1900-01-01 13:16:47,1144,2,0.9893617021276596,1.0
2266,68850d807b3c97d19cf78f84,Prompt 267,True,0.75,247.71,64.0,1395000000.0,1215000000.0,6810501120.0,0.39,1900-01-01 13:16:48,1145,3,0.9893617021276596,1.0
2267,68850d807b3c97d19cf78f85,Prompt 267,True,0.75,247.71,64.0,1395000000.0,1215000000.0,6810501120.0,0.39,1900-01-01 13:16:48,1145,4,0.9893617021276596,1.0
2268,68850d817b3c97d19cf78f86,Prompt 267,True,0.75,247.71,64.0,1395000000.0,1215000000.0,6810501120.0,0.39,1900-01-01 13:16:49,1146,5,0.9893617021276596,1.0
2269,68850d817b3c97d19cf78f87,Prompt 267,True,0.75,247.71,64.0,1395000000.0,1215000000.0,6810501120.0,0.39,1900-01-01 13:16:49,1146,6,0.9893617021276596,1.0
2270,68850d827b3c97d19cf78f88,Prompt 267,True,0.75,247.71,64.0,1395000000.0,1215000000.0,6810501120.0,0.39,1900-01-01 13:16:50,1147,7,0.9893617021276596,1.0
2271,68850d827b3c97d19cf78f89,Prompt 267,True,0.75,247.71,64.0,1395000000.0,1215000000.0,6810501120.0,0.39,1900-01-01 13:16:50,1147,8,0.9893617021276596,1.0
2272,68850d837b3c97d19cf78f8a,Prompt 267,True,0.75,247.71,64.0,1395000000.0,1215000000.0,6810501120.0,0.39,1900-01-01 13:16:51,1148,9,0.9893617021276596,1.0
2273,68850d837b3c97d19cf78f8b,Prompt 267,True,0.75,247.71,64.0,1395000000.0,1215000000.0,6810501120.0,0.39,1900-01-01 13:16:51,1148,10,0.9893617021276596,1.0
2274,68850d847b3c97d19cf78f8c,Prompt 267,True,0.75,247.71,64.0,1395000000.0,1215000000.0,6810501120.0,0.39,1900-01-01 13:16:52,1149,11,0.9893617021276596,1.0
2275,68850d847b3c97d19cf78f8d,Prompt 267,True,0.76,250.84,64.0,1395000000.0,1215000000.0,6810501120.0,0.39,1900-01-01 13:16:52,1149,12,0.9893617021276596,1.0
2276,68850d847b3c97d19cf78f8e,,True,,,,,,,,1900-01-01 13:16:52,,,,
2277,68850d857b3c97d19cf78f8f,Prompt 268,True,0.76,250.84,64.0,1395000000.0,1215000000.0,6810501120.0,0.39,1900-01-01 13:16:53,1150,1,0.9893617021276596,1.0
2278,68850d857b3c97d19cf78f90,Prompt 268,True,0.76,250.84,64.0,1395000000.0,1215000000.0,6810501120.0,0.39,1900-01-01 13:16:53,1150,2,0.9893617021276596,1.0
2279,68850d867b3c97d19cf78f91,Prompt 268,True,0.76,250.84,64.0,1395000000.0,1215000000.0,6810501120.0,0.39,1900-01-01 13:16:54,1151,3,0.9893617021276596,1.0
2280,68850d867b3c97d19cf78f92,Prompt 268,True,0.76,250.84,64.0,1395000000.0,1215000000.0,6810501120.0,0.39,1900-01-01 13:16:54,1151,4,0.9893617021276596,1.0
2281,68850d877b3c97d19cf78f93,Prompt 268,True,0.76,250.84,64.0,1395000000.0,1215000000.0,6810501120.0,0.39,1900-01-01 13:16:55,1152,5,0.9893617021276596,1.0
2282,68850d887b3c97d19cf78f94,Prompt 268,True,0.76,250.84,64.0,1395000000.0,1215000000.0,6810501120.0,0.39,1900-01-01 13:16:56,1152,6,0.9893617021276596,1.0
2283,68850d887b3c97d19cf78f95,Prompt 268,True,0.76,250.84,64.0,1395000000.0,1215000000.0,6810501120.0,0.39,1900-01-01 13:16:56,1153,7,0.9893617021276596,1.0
2284,68850d897b3c97d19cf78f96,Prompt 268,True,0.76,250.84,64.0,1395000000.0,1215000000.0,6810501120.0,0.39,1900-01-01 13:16:57,1154,8,0.9893617021276596,1.0
2285,68850d897b3c97d19cf78f97,Prompt 268,True,0.76,250.84,64.0,1395000000.0,1215000000.0,6810501120.0,0.39,1900-01-01 13:16:57,1154,9,0.9893617021276596,1.0
2286,68850d8a7b3c97d19cf78f98,Prompt 268,True,0.76,250.84,64.0,1395000000.0,1215000000.0,6810501120.0,0.39,1900-01-01 13:16:58,1155,10,0.9893617021276596,1.0
2287,68850d8a7b3c97d19cf78f99,,True,,,,,,,,1900-01-01 13:16:58,,,,
2288,68850d8a7b3c97d19cf78f9a,Prompt 269,True,0.76,250.84,64.0,1395000000.0,1215000000.0,6810501120.0,0.39,1900-01-01 13:16:58,1155,1,0.9893617021276596,1.0
2289,68850d8b7b3c97d19cf78f9b,Prompt 269,True,0.76,250.84,64.0,1395000000.0,1215000000.0,6810501120.0,0.39,1900-01-01 13:16:59,1156,2,0.9893617021276596,1.0
2290,68850d8b7b3c97d19cf78f9c,Prompt 269,True,0.76,250.84,64.0,1395000000.0,1215000000.0,6810501120.0,0.39,1900-01-01 13:16:59,1156,3,0.9893617021276596,1.0
2291,68850d8c7b3c97d19cf78f9d,Prompt 269,True,0.76,250.84,64.0,1395000000.0,1215000000.0,6810501120.0,0.39,1900-01-01 13:17:00,1157,4,0.9893617021276596,1.0
2292,68850d8d7b3c97d19cf78f9e,Prompt 269,True,0.76,250.84,64.0,1395000000.0,1215000000.0,6810501120.0,0.39,1900-01-01 13:17:01,1157,5,0.9893617021276596,1.0
2293,68850d8d7b3c97d19cf78f9f,Prompt 269,True,0.76,250.84,64.0,1395000000.0,1215000000.0,6810501120.0,0.39,1900-01-01 13:17:01,1158,6,0.9893617021276596,1.0
2294,68850d8e7b3c97d19cf78fa0,Prompt 269,True,0.76,250.84,64.0,1395000000.0,1215000000.0,6810501120.0,0.39,1900-01-01 13:17:02,1158,7,0.9893617021276596,1.0
2295,68850d8e7b3c97d19cf78fa1,Prompt 269,True,0.76,250.84,64.0,1395000000.0,1215000000.0,6810501120.0,0.39,1900-01-01 13:17:02,1159,8,0.9893617021276596,1.0
2296,68850d8f7b3c97d19cf78fa2,Prompt 269,True,0.76,250.84,64.0,1395000000.0,1215000000.0,6810501120.0,0.39,1900-01-01 13:17:03,1160,9,0.9893617021276596,1.0
2297,68850d8f7b3c97d19cf78fa3,,True,,,,,,,,1900-01-01 13:17:02,,,,
2298,68850d8f7b3c97d19cf78fa4,Prompt 270,True,0.76,250.84,64.0,1395000000.0,1215000000.0,6810501120.0,0.39,1900-01-01 13:17:03,1160,1,0.9893617021276596,1.0
2299,68850d907b3c97d19cf78fa5,Prompt 270,True,0.76,250.84,64.0,1395000000.0,1215000000.0,6810501120.0,0.39,1900-01-01 13:17:04,1161,2,0.9893617021276596,1.0
2300,68850d917b3c97d19cf78fa6,Prompt 270,True,0.76,250.84,64.0,1395000000.0,1215000000.0,6810501120.0,0.39,1900-01-01 13:17:05,1162,3,0.9893617021276596,1.0
2301,68850d917b3c97d19cf78fa7,Prompt 270,True,0.76,250.84,64.0,1395000000.0,1215000000.0,6810501120.0,0.39,1900-01-01 13:17:05,1162,4,0.9893617021276596,1.0
2302,68850d927b3c97d19cf78fa8,Prompt 270,True,0.76,250.84,64.0,1395000000.0,1215000000.0,6810501120.0,0.39,1900-01-01 13:17:06,1163,5,0.9893617021276596,1.0
2303,68850d937b3c97d19cf78fa9,Prompt 270,True,0.76,250.84,64.0,1395000000.0,1215000000.0,6810501120.0,0.38,1900-01-01 13:17:07,1164,6,0.9893617021276596,1.0
2304,68850d947b3c97d19cf78faa,Prompt 270,True,0.76,228.79,63.0,1380000000.0,1215000000.0,6810501120.0,0.38,1900-01-01 13:17:08,1165,7,0.9787234042553191,1.0
2305,68850d947b3c97d19cf78fab,Prompt 270,True,0.76,228.79,63.0,1380000000.0,1215000000.0,6810501120.0,0.38,1900-01-01 13:17:08,1165,8,0.9787234042553191,1.0
2306,68850d957b3c97d19cf78fac,,True,,,,,,,,1900-01-01 13:17:08,,,,
2307,68850d957b3c97d19cf78fad,Prompt 271,True,0.76,228.79,63.0,1380000000.0,1215000000.0,6810501120.0,0.38,1900-01-01 13:17:09,1166,1,0.9787234042553191,1.0
2308,68850d967b3c97d19cf78fae,Prompt 271,True,0.76,228.79,63.0,1380000000.0,1215000000.0,6810501120.0,0.38,1900-01-01 13:17:10,1167,2,0.9787234042553191,1.0
2309,68850d967b3c97d19cf78faf,Prompt 271,True,0.76,228.79,63.0,1380000000.0,1215000000.0,6810501120.0,0.38,1900-01-01 13:17:10,1167,3,0.9787234042553191,1.0
2310,68850d977b3c97d19cf78fb0,Prompt 271,True,0.76,228.79,63.0,1380000000.0,1215000000.0,6810501120.0,0.38,1900-01-01 13:17:11,1168,4,0.9787234042553191,1.0
2311,68850d977b3c97d19cf78fb1,Prompt 271,True,0.76,228.79,63.0,1380000000.0,1215000000.0,6810501120.0,0.38,1900-01-01 13:17:11,1168,5,0.9787234042553191,1.0
2312,68850d987b3c97d19cf78fb2,Prompt 271,True,0.76,228.79,63.0,1380000000.0,1215000000.0,6810501120.0,0.38,1900-01-01 13:17:12,1169,6,0.9787234042553191,1.0
2313,68850d997b3c97d19cf78fb3,Prompt 271,True,0.76,228.79,63.0,1380000000.0,1215000000.0,6810501120.0,0.38,1900-01-01 13:17:13,1169,7,0.9787234042553191,1.0
2314,68850d997b3c97d19cf78fb4,Prompt 271,True,0.76,228.79,63.0,1380000000.0,1215000000.0,6810501120.0,0.38,1900-01-01 13:17:13,1170,8,0.9787234042553191,1.0
2315,68850d9a7b3c97d19cf78fb5,Prompt 271,True,0.76,228.79,63.0,1380000000.0,1215000000.0,6810501120.0,0.38,1900-01-01 13:17:14,1170,9,0.9787234042553191,1.0
2316,68850d9a7b3c97d19cf78fb6,Prompt 271,True,0.76,228.79,63.0,1380000000.0,1215000000.0,6810501120.0,0.38,1900-01-01 13:17:14,1171,10,0.9787234042553191,1.0
2317,68850d9a7b3c97d19cf78fb7,,True,,,,,,,,1900-01-01 13:17:14,,,,
2318,68850d9b7b3c97d19cf78fb8,Prompt 272,True,0.76,228.79,63.0,1380000000.0,1215000000.0,6810501120.0,0.38,1900-01-01 13:17:15,1172,1,0.9787234042553191,1.0
2319,68850d9b7b3c97d19cf78fb9,Prompt 272,True,0.76,228.79,63.0,1380000000.0,1215000000.0,6810501120.0,0.38,1900-01-01 13:17:15,1172,2,0.9787234042553191,1.0
2320,68850d9c7b3c97d19cf78fba,Prompt 272,True,0.76,228.79,63.0,1380000000.0,1215000000.0,6810501120.0,0.38,1900-01-01 13:17:16,1173,3,0.9787234042553191,1.0
2321,68850d9c7b3c97d19cf78fbb,Prompt 272,True,0.76,228.79,63.0,1380000000.0,1215000000.0,6810501120.0,0.38,1900-01-01 13:17:16,1173,4,0.9787234042553191,1.0
2322,68850d9d7b3c97d19cf78fbc,Prompt 272,True,0.76,228.79,63.0,1380000000.0,1215000000.0,6810501120.0,0.38,1900-01-01 13:17:17,1174,5,0.9787234042553191,1.0
2323,68850d9d7b3c97d19cf78fbd,Prompt 272,True,0.76,228.79,63.0,1380000000.0,1215000000.0,6810501120.0,0.38,1900-01-01 13:17:17,1174,6,0.9787234042553191,1.0
2324,68850d9e7b3c97d19cf78fbe,Prompt 272,True,0.76,228.79,63.0,1380000000.0,1215000000.0,6810501120.0,0.38,1900-01-01 13:17:18,1175,7,0.9787234042553191,1.0
2325,68850d9f7b3c97d19cf78fbf,Prompt 272,True,0.76,228.79,63.0,1380000000.0,1215000000.0,6810501120.0,0.38,1900-01-01 13:17:19,1175,8,0.9787234042553191,1.0
2326,68850d9f7b3c97d19cf78fc0,Prompt 272,True,0.76,228.79,63.0,1380000000.0,1215000000.0,6810501120.0,0.38,1900-01-01 13:17:19,1176,9,0.9787234042553191,1.0
2327,68850da07b3c97d19cf78fc1,Prompt 272,True,0.76,228.79,63.0,1380000000.0,1215000000.0,6810501120.0,0.38,1900-01-01 13:17:20,1177,10,0.9787234042553191,1.0
2328,68850da07b3c97d19cf78fc2,Prompt 272,True,0.76,228.79,63.0,1380000000.0,1215000000.0,6810501120.0,0.38,1900-01-01 13:17:20,1177,11,0.9787234042553191,1.0
2329,68850da17b3c97d19cf78fc3,Prompt 272,True,0.76,228.79,63.0,1380000000.0,1215000000.0,6810501120.0,0.38,1900-01-01 13:17:21,1178,12,0.9787234042553191,1.0
2330,68850da17b3c97d19cf78fc4,Prompt 272,True,0.76,228.79,63.0,1380000000.0,1215000000.0,6810501120.0,0.38,1900-01-01 13:17:21,1178,13,0.9787234042553191,1.0
2331,68850da27b3c97d19cf78fc5,Prompt 272,True,0.76,228.79,63.0,1380000000.0,1215000000.0,6810501120.0,0.39,1900-01-01 13:17:22,1179,14,0.9787234042553191,1.0
2332,68850da27b3c97d19cf78fc6,Prompt 272,True,0.76,233.79,64.0,1395000000.0,1215000000.0,6810501120.0,0.39,1900-01-01 13:17:22,1179,15,0.9893617021276596,1.0
2333,68850da27b3c97d19cf78fc7,,True,,,,,,,,1900-01-01 13:17:22,,,,
2334,68850da37b3c97d19cf78fc8,Prompt 273,True,0.76,233.79,64.0,1395000000.0,1215000000.0,6810501120.0,0.39,1900-01-01 13:17:23,1180,1,0.9893617021276596,1.0
2335,68850da47b3c97d19cf78fc9,Prompt 273,True,0.76,233.79,64.0,1395000000.0,1215000000.0,6810501120.0,0.39,1900-01-01 13:17:24,1181,2,0.9893617021276596,1.0
2336,68850da47b3c97d19cf78fca,Prompt 273,True,0.76,233.79,64.0,1395000000.0,1215000000.0,6810501120.0,0.39,1900-01-01 13:17:24,1181,3,0.9893617021276596,1.0
2337,68850da57b3c97d19cf78fcb,Prompt 273,True,0.76,233.79,64.0,1395000000.0,1215000000.0,6810501120.0,0.39,1900-01-01 13:17:25,1182,4,0.9893617021276596,1.0
2338,68850da57b3c97d19cf78fcc,Prompt 273,True,0.76,233.79,64.0,1395000000.0,1215000000.0,6810501120.0,0.39,1900-01-01 13:17:25,1182,5,0.9893617021276596,1.0
2339,68850da67b3c97d19cf78fcd,Prompt 273,True,0.76,233.79,64.0,1395000000.0,1215000000.0,6810501120.0,0.39,1900-01-01 13:17:26,1183,6,0.9893617021276596,1.0
2340,68850da67b3c97d19cf78fce,Prompt 273,True,0.76,233.79,64.0,1395000000.0,1215000000.0,6810501120.0,0.39,1900-01-01 13:17:26,1183,7,0.9893617021276596,1.0
2341,68850da77b3c97d19cf78fcf,Prompt 273,True,0.76,233.79,64.0,1395000000.0,1215000000.0,6810501120.0,0.39,1900-01-01 13:17:27,1184,8,0.9893617021276596,1.0
2342,68850da77b3c97d19cf78fd0,,True,,,,,,,,1900-01-01 13:17:27,,,,
2343,68850da87b3c97d19cf78fd1,Prompt 274,True,0.76,233.79,64.0,1395000000.0,1215000000.0,6810501120.0,0.39,1900-01-01 13:17:28,1185,1,0.9893617021276596,1.0
2344,68850da97b3c97d19cf78fd2,Prompt 274,True,0.76,233.79,64.0,1395000000.0,1215000000.0,6810501120.0,0.39,1900-01-01 13:17:29,1186,2,0.9893617021276596,1.0
2345,68850da97b3c97d19cf78fd3,Prompt 274,True,0.76,233.79,64.0,1395000000.0,1215000000.0,6810501120.0,0.39,1900-01-01 13:17:29,1186,3,0.9893617021276596,1.0
2346,68850daa7b3c97d19cf78fd4,Prompt 274,True,0.76,233.79,64.0,1395000000.0,1215000000.0,6810501120.0,0.39,1900-01-01 13:17:30,1187,4,0.9893617021276596,1.0
2347,68850dab7b3c97d19cf78fd5,Prompt 274,True,0.76,233.79,64.0,1395000000.0,1215000000.0,6810501120.0,0.39,1900-01-01 13:17:31,1187,5,0.9893617021276596,1.0
2348,68850dab7b3c97d19cf78fd6,Prompt 274,True,0.76,233.79,64.0,1395000000.0,1215000000.0,6810501120.0,0.39,1900-01-01 13:17:31,1188,6,0.9893617021276596,1.0
2349,68850dac7b3c97d19cf78fd7,Prompt 274,True,0.76,233.79,64.0,1395000000.0,1215000000.0,6810501120.0,0.39,1900-01-01 13:17:32,1189,7,0.9893617021276596,1.0
2350,68850dac7b3c97d19cf78fd8,Prompt 274,True,0.76,233.79,64.0,1395000000.0,1215000000.0,6810501120.0,0.39,1900-01-01 13:17:32,1189,8,0.9893617021276596,1.0
2351,68850dad7b3c97d19cf78fd9,Prompt 274,True,0.76,233.79,64.0,1395000000.0,1215000000.0,6810501120.0,0.39,1900-01-01 13:17:33,1190,9,0.9893617021276596,1.0
2352,68850dad7b3c97d19cf78fda,Prompt 274,True,0.76,233.79,64.0,1395000000.0,1215000000.0,6810501120.0,0.39,1900-01-01 13:17:33,1190,10,0.9893617021276596,1.0
2353,68850dae7b3c97d19cf78fdb,Prompt 274,True,0.76,233.79,64.0,1395000000.0,1215000000.0,6810501120.0,0.39,1900-01-01 13:17:34,1191,11,0.9893617021276596,1.0
2354,68850daf7b3c97d19cf78fdc,Prompt 274,True,0.76,233.79,64.0,1395000000.0,1215000000.0,6810501120.0,0.39,1900-01-01 13:17:35,1192,12,0.9893617021276596,1.0
2355,68850daf7b3c97d19cf78fdd,Prompt 274,True,0.76,233.79,64.0,1395000000.0,1215000000.0,6810501120.0,0.39,1900-01-01 13:17:35,1192,13,0.9893617021276596,1.0
2356,68850daf7b3c97d19cf78fde,,True,,,,,,,,1900-01-01 13:17:35,,,,
2357,68850db07b3c97d19cf78fdf,Prompt 275,True,0.76,233.79,64.0,1395000000.0,1215000000.0,6810501120.0,0.39,1900-01-01 13:17:36,1193,1,0.9893617021276596,1.0
2358,68850db17b3c97d19cf78fe0,Prompt 275,True,0.76,233.79,64.0,1395000000.0,1215000000.0,6810501120.0,0.39,1900-01-01 13:17:37,1194,2,0.9893617021276596,1.0
2359,68850db17b3c97d19cf78fe1,Prompt 275,True,0.76,250.49,63.0,1380000000.0,1215000000.0,6810501120.0,0.39,1900-01-01 13:17:37,1194,3,0.9787234042553191,1.0
2360,68850db27b3c97d19cf78fe2,Prompt 275,True,0.74,250.49,63.0,1380000000.0,1215000000.0,6810501120.0,0.39,1900-01-01 13:17:38,1195,4,0.9787234042553191,1.0
2361,68850db27b3c97d19cf78fe3,Prompt 275,True,0.74,250.49,63.0,1380000000.0,1215000000.0,6810501120.0,0.39,1900-01-01 13:17:38,1195,5,0.9787234042553191,1.0
2362,68850db37b3c97d19cf78fe4,Prompt 275,True,0.74,250.49,63.0,1380000000.0,1215000000.0,6810501120.0,0.39,1900-01-01 13:17:39,1196,6,0.9787234042553191,1.0
2363,68850db37b3c97d19cf78fe5,Prompt 275,True,0.74,250.49,63.0,1380000000.0,1215000000.0,6810501120.0,0.39,1900-01-01 13:17:39,1196,7,0.9787234042553191,1.0
2364,68850db47b3c97d19cf78fe6,Prompt 275,True,0.74,250.49,63.0,1380000000.0,1215000000.0,6810501120.0,0.39,1900-01-01 13:17:40,1197,8,0.9787234042553191,1.0
2365,68850db47b3c97d19cf78fe7,Prompt 275,True,0.74,250.49,63.0,1380000000.0,1215000000.0,6810501120.0,0.39,1900-01-01 13:17:40,1197,9,0.9787234042553191,1.0
2366,68850db57b3c97d19cf78fe8,Prompt 275,True,0.74,250.49,63.0,1380000000.0,1215000000.0,6810501120.0,0.39,1900-01-01 13:17:41,1198,10,0.9787234042553191,1.0
2367,68850db57b3c97d19cf78fe9,,True,,,,,,,,1900-01-01 13:17:40,,,,
2368,68850db57b3c97d19cf78fea,Prompt 276,True,0.74,250.49,63.0,1380000000.0,1215000000.0,6810501120.0,0.39,1900-01-01 13:17:41,1198,1,0.9787234042553191,1.0
2369,68850db67b3c97d19cf78feb,Prompt 276,True,0.74,250.49,63.0,1380000000.0,1215000000.0,6810501120.0,0.39,1900-01-01 13:17:42,1199,2,0.9787234042553191,1.0
2370,68850db77b3c97d19cf78fec,Prompt 276,True,0.74,250.49,63.0,1380000000.0,1215000000.0,6810501120.0,0.39,1900-01-01 13:17:43,1200,3,0.9787234042553191,1.0
2371,68850db77b3c97d19cf78fed,Prompt 276,True,0.74,250.49,63.0,1380000000.0,1215000000.0,6810501120.0,0.39,1900-01-01 13:17:43,1200,4,0.9787234042553191,1.0
2372,68850db87b3c97d19cf78fee,Prompt 276,True,0.74,250.49,63.0,1380000000.0,1215000000.0,6810501120.0,0.39,1900-01-01 13:17:44,1201,5,0.9787234042553191,1.0
2373,68850db87b3c97d19cf78fef,,True,,,,,,,,1900-01-01 13:17:44,,,,
2374,68850db97b3c97d19cf78ff0,Prompt 277,True,0.74,250.49,63.0,1380000000.0,1215000000.0,6810501120.0,0.39,1900-01-01 13:17:45,1202,1,0.9787234042553191,1.0
2375,68850dba7b3c97d19cf78ff1,Prompt 277,True,0.74,250.49,63.0,1380000000.0,1215000000.0,6810501120.0,0.39,1900-01-01 13:17:46,1203,2,0.9787234042553191,1.0
2376,68850dba7b3c97d19cf78ff2,Prompt 277,True,0.74,250.49,63.0,1380000000.0,1215000000.0,6810501120.0,0.39,1900-01-01 13:17:46,1203,3,0.9787234042553191,1.0
2377,68850dbb7b3c97d19cf78ff3,Prompt 277,True,0.74,250.49,63.0,1380000000.0,1215000000.0,6810501120.0,0.39,1900-01-01 13:17:47,1204,4,0.9787234042553191,1.0
2378,68850dbb7b3c97d19cf78ff4,Prompt 277,True,0.74,250.49,63.0,1380000000.0,1215000000.0,6810501120.0,0.39,1900-01-01 13:17:47,1204,5,0.9787234042553191,1.0
2379,68850dbc7b3c97d19cf78ff5,Prompt 277,True,0.74,250.49,63.0,1380000000.0,1215000000.0,6810501120.0,0.39,1900-01-01 13:17:48,1205,6,0.9787234042553191,1.0
2380,68850dbc7b3c97d19cf78ff6,Prompt 277,True,0.74,250.49,63.0,1380000000.0,1215000000.0,6810501120.0,0.39,1900-01-01 13:17:48,1205,7,0.9787234042553191,1.0
2381,68850dbd7b3c97d19cf78ff7,Prompt 277,True,0.74,250.49,63.0,1380000000.0,1215000000.0,6810501120.0,0.39,1900-01-01 13:17:49,1206,8,0.9787234042553191,1.0
2382,68850dbe7b3c97d19cf78ff8,Prompt 277,True,0.74,250.49,63.0,1380000000.0,1215000000.0,6810501120.0,0.39,1900-01-01 13:17:50,1207,9,0.9787234042553191,1.0
2383,68850dbe7b3c97d19cf78ff9,Prompt 277,True,0.74,250.49,63.0,1380000000.0,1215000000.0,6810501120.0,0.39,1900-01-01 13:17:50,1207,10,0.9787234042553191,1.0
2384,68850dbe7b3c97d19cf78ffa,,True,,,,,,,,1900-01-01 13:17:50,,,,
2385,68850dbf7b3c97d19cf78ffb,Prompt 278,True,0.74,250.49,63.0,1380000000.0,1215000000.0,6810501120.0,0.39,1900-01-01 13:17:51,1208,1,0.9787234042553191,1.0
2386,68850dc07b3c97d19cf78ffc,Prompt 278,True,0.74,250.49,63.0,1380000000.0,1215000000.0,6810501120.0,0.39,1900-01-01 13:17:52,1208,2,0.9787234042553191,1.0
2387,68850dc07b3c97d19cf78ffd,Prompt 278,True,0.74,250.49,63.0,1395000000.0,1215000000.0,6810501120.0,0.4,1900-01-01 13:17:52,1209,3,0.9893617021276596,1.0
2388,68850dc17b3c97d19cf78ffe,Prompt 278,True,0.76,246.89,63.0,1395000000.0,1215000000.0,6810501120.0,0.4,1900-01-01 13:17:53,1210,4,0.9893617021276596,1.0
2389,68850dc27b3c97d19cf78fff,Prompt 278,True,0.76,246.89,63.0,1395000000.0,1215000000.0,6810501120.0,0.4,1900-01-01 13:17:54,1211,5,0.9893617021276596,1.0
2390,68850dc27b3c97d19cf79000,,True,,,,,,,,1900-01-01 13:17:54,,,,
2391,68850dc27b3c97d19cf79001,Prompt 279,True,0.76,246.89,63.0,1395000000.0,1215000000.0,6810501120.0,0.4,1900-01-01 13:17:54,1211,1,0.9893617021276596,1.0
2392,68850dc37b3c97d19cf79002,Prompt 279,True,0.76,246.89,63.0,1395000000.0,1215000000.0,6810501120.0,0.4,1900-01-01 13:17:55,1212,2,0.9893617021276596,1.0
2393,68850dc47b3c97d19cf79003,Prompt 279,True,0.76,246.89,63.0,1395000000.0,1215000000.0,6810501120.0,0.4,1900-01-01 13:17:56,1213,3,0.9893617021276596,1.0
2394,68850dc47b3c97d19cf79004,Prompt 279,True,0.76,246.89,63.0,1395000000.0,1215000000.0,6810501120.0,0.4,1900-01-01 13:17:56,1213,4,0.9893617021276596,1.0
2395,68850dc57b3c97d19cf79005,Prompt 279,True,0.76,246.89,63.0,1395000000.0,1215000000.0,6810501120.0,0.4,1900-01-01 13:17:57,1214,5,0.9893617021276596,1.0
2396,68850dc67b3c97d19cf79006,Prompt 279,True,0.76,246.89,63.0,1395000000.0,1215000000.0,6810501120.0,0.4,1900-01-01 13:17:58,1215,6,0.9893617021276596,1.0
2397,68850dc67b3c97d19cf79007,Prompt 279,True,0.76,246.89,63.0,1395000000.0,1215000000.0,6810501120.0,0.4,1900-01-01 13:17:58,1215,7,0.9893617021276596,1.0
2398,68850dc67b3c97d19cf79008,,True,,,,,,,,1900-01-01 13:17:58,,,,
2399,68850dc77b3c97d19cf79009,Prompt 280,True,0.76,246.89,63.0,1395000000.0,1215000000.0,6810501120.0,0.4,1900-01-01 13:17:59,1216,1,0.9893617021276596,1.0
2400,68850dc87b3c97d19cf7900a,Prompt 280,True,0.76,246.89,63.0,1395000000.0,1215000000.0,6810501120.0,0.4,1900-01-01 13:18:00,1216,2,0.9893617021276596,1.0
2401,68850dc87b3c97d19cf7900b,Prompt 280,True,0.76,246.89,63.0,1395000000.0,1215000000.0,6810501120.0,0.4,1900-01-01 13:18:00,1217,3,0.9893617021276596,1.0
2402,68850dc97b3c97d19cf7900c,Prompt 280,True,0.76,246.89,63.0,1395000000.0,1215000000.0,6810501120.0,0.4,1900-01-01 13:18:01,1217,4,0.9893617021276596,1.0
2403,68850dc97b3c97d19cf7900d,Prompt 280,True,0.76,246.89,63.0,1395000000.0,1215000000.0,6810501120.0,0.4,1900-01-01 13:18:01,1218,5,0.9893617021276596,1.0
2404,68850dca7b3c97d19cf7900e,Prompt 280,True,0.76,246.89,63.0,1395000000.0,1215000000.0,6810501120.0,0.4,1900-01-01 13:18:02,1219,6,0.9893617021276596,1.0
2405,68850dca7b3c97d19cf7900f,Prompt 280,True,0.76,246.89,63.0,1395000000.0,1215000000.0,6810501120.0,0.4,1900-01-01 13:18:02,1219,7,0.9893617021276596,1.0
2406,68850dcb7b3c97d19cf79010,Prompt 280,True,0.76,246.89,63.0,1395000000.0,1215000000.0,6810501120.0,0.4,1900-01-01 13:18:03,1220,8,0.9893617021276596,1.0
2407,68850dcb7b3c97d19cf79011,Prompt 280,True,0.76,246.89,63.0,1395000000.0,1215000000.0,6810501120.0,0.4,1900-01-01 13:18:03,1220,9,0.9893617021276596,1.0
2408,68850dcb7b3c97d19cf79012,,True,,,,,,,,1900-01-01 13:18:03,,,,
2409,68850dcc7b3c97d19cf79013,Prompt 281,True,0.76,246.89,63.0,1395000000.0,1215000000.0,6810501120.0,0.4,1900-01-01 13:18:04,1221,1,0.9893617021276596,1.0
2410,68850dcd7b3c97d19cf79014,Prompt 281,True,0.76,246.89,63.0,1395000000.0,1215000000.0,6810501120.0,0.4,1900-01-01 13:18:05,1222,2,0.9893617021276596,1.0
2411,68850dcd7b3c97d19cf79015,Prompt 281,True,0.76,246.89,63.0,1395000000.0,1215000000.0,6810501120.0,0.4,1900-01-01 13:18:05,1222,3,0.9893617021276596,1.0
2412,68850dce7b3c97d19cf79016,Prompt 281,True,0.76,246.89,63.0,1395000000.0,1215000000.0,6810501120.0,0.4,1900-01-01 13:18:06,1223,4,0.9893617021276596,1.0
2413,68850dcf7b3c97d19cf79017,Prompt 281,True,0.76,246.89,63.0,1395000000.0,1215000000.0,6810501120.0,0.39,1900-01-01 13:18:07,1224,5,0.9893617021276596,1.0
2414,68850dcf7b3c97d19cf79018,Prompt 281,True,0.76,240.16,63.0,1395000000.0,1215000000.0,6810501120.0,0.39,1900-01-01 13:18:07,1224,6,0.9893617021276596,1.0
2415,68850dd07b3c97d19cf79019,Prompt 281,True,0.76,240.16,63.0,1395000000.0,1215000000.0,6810501120.0,0.39,1900-01-01 13:18:08,1225,7,0.9893617021276596,1.0
2416,68850dd17b3c97d19cf7901a,Prompt 281,True,0.76,240.16,63.0,1395000000.0,1215000000.0,6810501120.0,0.39,1900-01-01 13:18:09,1226,8,0.9893617021276596,1.0
2417,68850dd27b3c97d19cf7901b,Prompt 281,True,0.76,240.16,63.0,1395000000.0,1215000000.0,6810501120.0,0.39,1900-01-01 13:18:10,1227,9,0.9893617021276596,1.0
2418,68850dd27b3c97d19cf7901c,Prompt 281,True,0.76,240.16,63.0,1395000000.0,1215000000.0,6810501120.0,0.39,1900-01-01 13:18:10,1227,10,0.9893617021276596,1.0
2419,68850dd37b3c97d19cf7901d,Prompt 281,True,0.76,240.16,63.0,1395000000.0,1215000000.0,6810501120.0,0.39,1900-01-01 13:18:11,1228,11,0.9893617021276596,1.0
2420,68850dd37b3c97d19cf7901e,,True,,,,,,,,1900-01-01 13:18:11,,,,
2421,68850dd47b3c97d19cf7901f,Prompt 282,True,0.76,240.16,63.0,1395000000.0,1215000000.0,6810501120.0,0.39,1900-01-01 13:18:12,1229,1,0.9893617021276596,1.0
2422,68850dd57b3c97d19cf79020,Prompt 282,True,0.76,240.16,63.0,1395000000.0,1215000000.0,6810501120.0,0.39,1900-01-01 13:18:13,1230,2,0.9893617021276596,1.0
2423,68850dd57b3c97d19cf79021,Prompt 282,True,0.76,240.16,63.0,1395000000.0,1215000000.0,6810501120.0,0.39,1900-01-01 13:18:13,1230,3,0.9893617021276596,1.0
2424,68850dd67b3c97d19cf79022,Prompt 282,True,0.76,240.16,63.0,1395000000.0,1215000000.0,6810501120.0,0.39,1900-01-01 13:18:14,1231,4,0.9893617021276596,1.0
2425,68850dd67b3c97d19cf79023,Prompt 282,True,0.76,240.16,63.0,1395000000.0,1215000000.0,6810501120.0,0.39,1900-01-01 13:18:14,1231,5,0.9893617021276596,1.0
2426,68850dd77b3c97d19cf79024,Prompt 282,True,0.76,240.16,63.0,1395000000.0,1215000000.0,6810501120.0,0.39,1900-01-01 13:18:15,1232,6,0.9893617021276596,1.0
2427,68850dd77b3c97d19cf79025,,True,,,,,,,,1900-01-01 13:18:15,,,,
2428,68850dd87b3c97d19cf79026,Prompt 283,True,0.76,240.16,63.0,1395000000.0,1215000000.0,6810501120.0,0.39,1900-01-01 13:18:16,1233,1,0.9893617021276596,1.0
2429,68850dd87b3c97d19cf79027,Prompt 283,True,0.76,240.16,63.0,1395000000.0,1215000000.0,6810501120.0,0.39,1900-01-01 13:18:16,1233,2,0.9893617021276596,1.0
2430,68850dd97b3c97d19cf79028,Prompt 283,True,0.76,240.16,63.0,1395000000.0,1215000000.0,6810501120.0,0.39,1900-01-01 13:18:17,1234,3,0.9893617021276596,1.0
2431,68850dda7b3c97d19cf79029,Prompt 283,True,0.76,240.16,63.0,1395000000.0,1215000000.0,6810501120.0,0.39,1900-01-01 13:18:18,1235,4,0.9893617021276596,1.0
2432,68850dda7b3c97d19cf7902a,Prompt 283,True,0.76,240.16,63.0,1395000000.0,1215000000.0,6810501120.0,0.39,1900-01-01 13:18:18,1235,5,0.9893617021276596,1.0
2433,68850ddb7b3c97d19cf7902b,Prompt 283,True,0.76,240.16,63.0,1395000000.0,1215000000.0,6810501120.0,0.39,1900-01-01 13:18:19,1236,6,0.9893617021276596,1.0
2434,68850ddc7b3c97d19cf7902c,Prompt 283,True,0.76,240.16,63.0,1395000000.0,1215000000.0,6810501120.0,0.39,1900-01-01 13:18:20,1237,7,0.9893617021276596,1.0
2435,68850ddc7b3c97d19cf7902d,Prompt 283,True,0.76,240.16,63.0,1395000000.0,1215000000.0,6810501120.0,0.39,1900-01-01 13:18:20,1237,8,0.9893617021276596,1.0
2436,68850ddc7b3c97d19cf7902e,,True,,,,,,,,1900-01-01 13:18:20,,,,
2437,68850ddd7b3c97d19cf7902f,Prompt 284,True,0.76,240.16,63.0,1395000000.0,1215000000.0,6810501120.0,0.39,1900-01-01 13:18:21,1238,1,0.9893617021276596,1.0
2438,68850dde7b3c97d19cf79030,Prompt 284,True,0.76,240.16,63.0,1395000000.0,1215000000.0,6810501120.0,0.39,1900-01-01 13:18:22,1239,2,0.9893617021276596,1.0
2439,68850dde7b3c97d19cf79031,Prompt 284,True,0.76,254.1,63.0,1410000000.0,1215000000.0,6810501120.0,0.39,1900-01-01 13:18:22,1239,3,1.0,1.0
2440,68850ddf7b3c97d19cf79032,Prompt 284,True,0.75,254.1,63.0,1410000000.0,1215000000.0,6810501120.0,0.39,1900-01-01 13:18:23,1240,4,1.0,1.0
2441,68850de07b3c97d19cf79033,Prompt 284,True,0.75,254.1,63.0,1410000000.0,1215000000.0,6810501120.0,0.39,1900-01-01 13:18:24,1241,5,1.0,1.0
2442,68850de17b3c97d19cf79034,Prompt 284,True,0.75,254.1,63.0,1410000000.0,1215000000.0,6810501120.0,0.39,1900-01-01 13:18:25,1242,6,1.0,1.0
2443,68850de17b3c97d19cf79035,Prompt 284,True,0.75,254.1,63.0,1410000000.0,1215000000.0,6810501120.0,0.39,1900-01-01 13:18:25,1242,7,1.0,1.0
2444,68850de17b3c97d19cf79036,,True,,,,,,,,1900-01-01 13:18:25,,,,
2445,68850de27b3c97d19cf79037,Prompt 285,True,0.75,254.1,63.0,1410000000.0,1215000000.0,6810501120.0,0.39,1900-01-01 13:18:26,1243,1,1.0,1.0
2446,68850de27b3c97d19cf79038,Prompt 285,True,0.75,254.1,63.0,1410000000.0,1215000000.0,6810501120.0,0.39,1900-01-01 13:18:26,1243,2,1.0,1.0
2447,68850de37b3c97d19cf79039,Prompt 285,True,0.75,254.1,63.0,1410000000.0,1215000000.0,6810501120.0,0.39,1900-01-01 13:18:27,1244,3,1.0,1.0
2448,68850de47b3c97d19cf7903a,Prompt 285,True,0.75,254.1,63.0,1410000000.0,1215000000.0,6810501120.0,0.39,1900-01-01 13:18:28,1245,4,1.0,1.0
2449,68850de47b3c97d19cf7903b,Prompt 285,True,0.75,254.1,63.0,1410000000.0,1215000000.0,6810501120.0,0.39,1900-01-01 13:18:28,1245,5,1.0,1.0
2450,68850de57b3c97d19cf7903c,Prompt 285,True,0.75,254.1,63.0,1410000000.0,1215000000.0,6810501120.0,0.39,1900-01-01 13:18:29,1246,6,1.0,1.0
2451,68850de67b3c97d19cf7903d,Prompt 285,True,0.75,254.1,63.0,1410000000.0,1215000000.0,6810501120.0,0.39,1900-01-01 13:18:30,1247,7,1.0,1.0
2452,68850de77b3c97d19cf7903e,Prompt 285,True,0.75,254.1,63.0,1410000000.0,1215000000.0,6810501120.0,0.39,1900-01-01 13:18:31,1247,8,1.0,1.0
2453,68850de77b3c97d19cf7903f,Prompt 285,True,0.75,254.1,63.0,1410000000.0,1215000000.0,6810501120.0,0.39,1900-01-01 13:18:31,1248,9,1.0,1.0
2454,68850de87b3c97d19cf79040,Prompt 285,True,0.75,254.1,63.0,1410000000.0,1215000000.0,6810501120.0,0.39,1900-01-01 13:18:32,1249,10,1.0,1.0
2455,68850de87b3c97d19cf79041,,True,,,,,,,,1900-01-01 13:18:31,,,,
2456,68850de97b3c97d19cf79042,Prompt 286,True,0.75,254.1,63.0,1410000000.0,1215000000.0,6810501120.0,0.39,1900-01-01 13:18:33,1249,1,1.0,1.0
2457,68850de97b3c97d19cf79043,Prompt 286,True,0.75,254.1,63.0,1410000000.0,1215000000.0,6810501120.0,0.39,1900-01-01 13:18:33,1250,2,1.0,1.0
2458,68850dea7b3c97d19cf79044,Prompt 286,True,0.75,254.1,63.0,1410000000.0,1215000000.0,6810501120.0,0.39,1900-01-01 13:18:34,1251,3,1.0,1.0
2459,68850dea7b3c97d19cf79045,Prompt 286,True,0.75,254.1,63.0,1410000000.0,1215000000.0,6810501120.0,0.39,1900-01-01 13:18:34,1251,4,1.0,1.0
2460,68850deb7b3c97d19cf79046,Prompt 286,True,0.75,254.1,63.0,1410000000.0,1215000000.0,6810501120.0,0.39,1900-01-01 13:18:35,1252,5,1.0,1.0
2461,68850dec7b3c97d19cf79047,Prompt 286,True,0.75,254.1,63.0,1410000000.0,1215000000.0,6810501120.0,0.39,1900-01-01 13:18:36,1253,6,1.0,1.0
2462,68850dec7b3c97d19cf79048,Prompt 286,True,0.75,254.1,63.0,1410000000.0,1215000000.0,6810501120.0,0.39,1900-01-01 13:18:36,1253,7,1.0,1.0
2463,68850ded7b3c97d19cf79049,Prompt 286,True,0.75,254.1,63.0,1410000000.0,1215000000.0,6810501120.0,0.36,1900-01-01 13:18:37,1254,8,1.0,1.0
2464,68850dee7b3c97d19cf7904a,Prompt 286,True,0.73,241.88,63.0,1410000000.0,1215000000.0,6810501120.0,0.36,1900-01-01 13:18:38,1255,9,1.0,1.0
2465,68850dee7b3c97d19cf7904b,Prompt 286,True,0.73,241.88,63.0,1410000000.0,1215000000.0,6810501120.0,0.36,1900-01-01 13:18:38,1255,10,1.0,1.0
2466,68850dee7b3c97d19cf7904c,,True,,,,,,,,1900-01-01 13:18:38,,,,
2467,68850def7b3c97d19cf7904d,Prompt 287,True,0.73,241.88,63.0,1410000000.0,1215000000.0,6810501120.0,0.36,1900-01-01 13:18:39,1256,1,1.0,1.0
2468,68850def7b3c97d19cf7904e,Prompt 287,True,0.73,241.88,63.0,1410000000.0,1215000000.0,6810501120.0,0.36,1900-01-01 13:18:39,1256,2,1.0,1.0
2469,68850df07b3c97d19cf7904f,Prompt 287,True,0.73,241.88,63.0,1410000000.0,1215000000.0,6810501120.0,0.36,1900-01-01 13:18:40,1257,3,1.0,1.0
2470,68850df07b3c97d19cf79050,Prompt 287,True,0.73,241.88,63.0,1410000000.0,1215000000.0,6810501120.0,0.36,1900-01-01 13:18:40,1257,4,1.0,1.0
2471,68850df17b3c97d19cf79051,Prompt 287,True,0.73,241.88,63.0,1410000000.0,1215000000.0,6810501120.0,0.36,1900-01-01 13:18:41,1258,5,1.0,1.0
2472,68850df27b3c97d19cf79052,Prompt 287,True,0.73,241.88,63.0,1410000000.0,1215000000.0,6810501120.0,0.36,1900-01-01 13:18:42,1259,6,1.0,1.0
2473,68850df37b3c97d19cf79053,Prompt 287,True,0.73,241.88,63.0,1410000000.0,1215000000.0,6810501120.0,0.36,1900-01-01 13:18:43,1259,7,1.0,1.0
2474,68850df37b3c97d19cf79054,Prompt 287,True,0.73,241.88,63.0,1410000000.0,1215000000.0,6810501120.0,0.36,1900-01-01 13:18:43,1260,8,1.0,1.0
2475,68850df47b3c97d19cf79055,Prompt 287,True,0.73,241.88,63.0,1410000000.0,1215000000.0,6810501120.0,0.36,1900-01-01 13:18:44,1261,9,1.0,1.0
2476,68850df47b3c97d19cf79056,Prompt 287,True,0.73,241.88,63.0,1410000000.0,1215000000.0,6810501120.0,0.36,1900-01-01 13:18:44,1261,10,1.0,1.0
2477,68850df47b3c97d19cf79057,,True,,,,,,,,1900-01-01 13:18:44,,,,
2478,68850df57b3c97d19cf79058,Prompt 288,True,0.73,241.88,63.0,1410000000.0,1215000000.0,6810501120.0,0.36,1900-01-01 13:18:45,1262,1,1.0,1.0
2479,68850df67b3c97d19cf79059,Prompt 288,True,0.73,241.88,63.0,1410000000.0,1215000000.0,6810501120.0,0.36,1900-01-01 13:18:46,1262,2,1.0,1.0
2480,68850df67b3c97d19cf7905a,Prompt 288,True,0.73,241.88,63.0,1410000000.0,1215000000.0,6810501120.0,0.36,1900-01-01 13:18:46,1263,3,1.0,1.0
2481,68850df77b3c97d19cf7905b,Prompt 288,True,0.73,241.88,63.0,1410000000.0,1215000000.0,6810501120.0,0.36,1900-01-01 13:18:47,1264,4,1.0,1.0
2482,68850df77b3c97d19cf7905c,Prompt 288,True,0.73,241.88,63.0,1410000000.0,1215000000.0,6810501120.0,0.36,1900-01-01 13:18:47,1264,5,1.0,1.0
2483,68850df87b3c97d19cf7905d,Prompt 288,True,0.73,241.88,63.0,1410000000.0,1215000000.0,6810501120.0,0.36,1900-01-01 13:18:48,1265,6,1.0,1.0
2484,68850df97b3c97d19cf7905e,Prompt 288,True,0.73,241.88,63.0,1410000000.0,1215000000.0,6810501120.0,0.36,1900-01-01 13:18:49,1266,7,1.0,1.0
2485,68850df97b3c97d19cf7905f,Prompt 288,True,0.73,241.88,63.0,1410000000.0,1215000000.0,6810501120.0,0.36,1900-01-01 13:18:49,1266,8,1.0,1.0
2486,68850dfa7b3c97d19cf79060,Prompt 288,True,0.73,241.88,63.0,1410000000.0,1215000000.0,6810501120.0,0.36,1900-01-01 13:18:50,1267,9,1.0,1.0
2487,68850dfa7b3c97d19cf79061,Prompt 288,True,0.73,241.88,63.0,1410000000.0,1215000000.0,6810501120.0,0.36,1900-01-01 13:18:50,1267,10,1.0,1.0
2488,68850dfb7b3c97d19cf79062,Prompt 288,True,0.73,241.88,63.0,1410000000.0,1215000000.0,6810501120.0,0.36,1900-01-01 13:18:51,1268,11,1.0,1.0
2489,68850dfb7b3c97d19cf79063,,True,,,,,,,,1900-01-01 13:18:51,,,,
2490,68850dfc7b3c97d19cf79064,Prompt 289,True,0.73,241.88,63.0,1410000000.0,1215000000.0,6810501120.0,0.36,1900-01-01 13:18:52,1268,1,1.0,1.0
2491,68850dfc7b3c97d19cf79065,Prompt 289,True,0.73,243.29,63.0,1395000000.0,1215000000.0,6810501120.0,0.39,1900-01-01 13:18:52,1269,2,0.9893617021276596,1.0
2492,68850dfd7b3c97d19cf79066,Prompt 289,True,0.75,243.29,63.0,1395000000.0,1215000000.0,6810501120.0,0.39,1900-01-01 13:18:53,1270,3,0.9893617021276596,1.0
2493,68850dfd7b3c97d19cf79067,Prompt 289,True,0.75,243.29,63.0,1395000000.0,1215000000.0,6810501120.0,0.39,1900-01-01 13:18:53,1270,4,0.9893617021276596,1.0
2494,68850dfe7b3c97d19cf79068,Prompt 289,True,0.75,243.29,63.0,1395000000.0,1215000000.0,6810501120.0,0.39,1900-01-01 13:18:54,1271,5,0.9893617021276596,1.0
2495,68850dfe7b3c97d19cf79069,Prompt 289,True,0.75,243.29,63.0,1395000000.0,1215000000.0,6810501120.0,0.39,1900-01-01 13:18:54,1271,6,0.9893617021276596,1.0
2496,68850dff7b3c97d19cf7906a,Prompt 289,True,0.75,243.29,63.0,1395000000.0,1215000000.0,6810501120.0,0.39,1900-01-01 13:18:55,1272,7,0.9893617021276596,1.0
2497,68850e007b3c97d19cf7906b,Prompt 289,True,0.75,243.29,63.0,1395000000.0,1215000000.0,6810501120.0,0.39,1900-01-01 13:18:56,1273,8,0.9893617021276596,1.0
2498,68850e007b3c97d19cf7906c,Prompt 289,True,0.75,243.29,63.0,1395000000.0,1215000000.0,6810501120.0,0.39,1900-01-01 13:18:56,1273,9,0.9893617021276596,1.0
2499,68850e017b3c97d19cf7906d,Prompt 289,True,0.75,243.29,63.0,1395000000.0,1215000000.0,6810501120.0,0.39,1900-01-01 13:18:57,1274,10,0.9893617021276596,1.0
2500,68850e017b3c97d19cf7906e,,True,,,,,,,,1900-01-01 13:18:57,,,,
2501,68850e027b3c97d19cf7906f,Prompt 290,True,0.75,243.29,63.0,1395000000.0,1215000000.0,6810501120.0,0.39,1900-01-01 13:18:58,1275,1,0.9893617021276596,1.0
2502,68850e027b3c97d19cf79070,Prompt 290,True,0.75,243.29,63.0,1395000000.0,1215000000.0,6810501120.0,0.39,1900-01-01 13:18:58,1275,2,0.9893617021276596,1.0
2503,68850e037b3c97d19cf79071,Prompt 290,True,0.75,243.29,63.0,1395000000.0,1215000000.0,6810501120.0,0.39,1900-01-01 13:18:59,1276,3,0.9893617021276596,1.0
2504,68850e047b3c97d19cf79072,Prompt 290,True,0.75,243.29,63.0,1395000000.0,1215000000.0,6810501120.0,0.39,1900-01-01 13:19:00,1276,4,0.9893617021276596,1.0
2505,68850e047b3c97d19cf79073,Prompt 290,True,0.75,243.29,63.0,1395000000.0,1215000000.0,6810501120.0,0.39,1900-01-01 13:19:00,1277,5,0.9893617021276596,1.0
2506,68850e057b3c97d19cf79074,Prompt 290,True,0.75,243.29,63.0,1395000000.0,1215000000.0,6810501120.0,0.39,1900-01-01 13:19:01,1278,6,0.9893617021276596,1.0
2507,68850e057b3c97d19cf79075,Prompt 290,True,0.75,243.29,63.0,1395000000.0,1215000000.0,6810501120.0,0.39,1900-01-01 13:19:01,1278,7,0.9893617021276596,1.0
2508,68850e067b3c97d19cf79076,Prompt 290,True,0.75,243.29,63.0,1395000000.0,1215000000.0,6810501120.0,0.39,1900-01-01 13:19:02,1279,8,0.9893617021276596,1.0
2509,68850e067b3c97d19cf79077,Prompt 290,True,0.75,243.29,63.0,1395000000.0,1215000000.0,6810501120.0,0.39,1900-01-01 13:19:02,1279,9,0.9893617021276596,1.0
2510,68850e077b3c97d19cf79078,Prompt 290,True,0.75,243.29,63.0,1395000000.0,1215000000.0,6810501120.0,0.39,1900-01-01 13:19:03,1280,10,0.9893617021276596,1.0
2511,68850e077b3c97d19cf79079,,True,,,,,,,,1900-01-01 13:19:02,,,,
2512,68850e087b3c97d19cf7907a,Prompt 291,True,0.75,243.29,63.0,1395000000.0,1215000000.0,6810501120.0,0.39,1900-01-01 13:19:04,1280,1,0.9893617021276596,1.0
2513,68850e087b3c97d19cf7907b,Prompt 291,True,0.75,243.29,63.0,1395000000.0,1215000000.0,6810501120.0,0.39,1900-01-01 13:19:04,1281,2,0.9893617021276596,1.0
2514,68850e097b3c97d19cf7907c,Prompt 291,True,0.75,243.29,63.0,1395000000.0,1215000000.0,6810501120.0,0.39,1900-01-01 13:19:05,1282,3,0.9893617021276596,1.0
2515,68850e097b3c97d19cf7907d,Prompt 291,True,0.75,243.29,63.0,1395000000.0,1215000000.0,6810501120.0,0.39,1900-01-01 13:19:05,1282,4,0.9893617021276596,1.0
2516,68850e0a7b3c97d19cf7907e,Prompt 291,True,0.75,243.29,63.0,1395000000.0,1215000000.0,6810501120.0,0.39,1900-01-01 13:19:06,1283,5,0.9893617021276596,1.0
2517,68850e0a7b3c97d19cf7907f,Prompt 291,True,0.75,243.29,63.0,1395000000.0,1215000000.0,6810501120.0,0.39,1900-01-01 13:19:06,1283,6,0.9893617021276596,1.0
2518,68850e0b7b3c97d19cf79080,Prompt 291,True,0.75,243.29,63.0,1395000000.0,1215000000.0,6810501120.0,0.39,1900-01-01 13:19:07,1284,7,0.9893617021276596,1.0
2519,68850e0b7b3c97d19cf79081,Prompt 291,True,0.76,240.37,63.0,1380000000.0,1215000000.0,6810501120.0,0.38,1900-01-01 13:19:07,1284,8,0.9787234042553191,1.0
2520,68850e0c7b3c97d19cf79082,Prompt 291,True,0.76,240.37,63.0,1380000000.0,1215000000.0,6810501120.0,0.38,1900-01-01 13:19:08,1285,9,0.9787234042553191,1.0
2521,68850e0d7b3c97d19cf79083,Prompt 291,True,0.76,240.37,63.0,1380000000.0,1215000000.0,6810501120.0,0.38,1900-01-01 13:19:09,1286,10,0.9787234042553191,1.0
2522,68850e0d7b3c97d19cf79084,,True,,,,,,,,1900-01-01 13:19:09,,,,
2523,68850e0e7b3c97d19cf79085,Prompt 292,True,0.76,240.37,63.0,1380000000.0,1215000000.0,6810501120.0,0.38,1900-01-01 13:19:10,1287,1,0.9787234042553191,1.0
2524,68850e0e7b3c97d19cf79086,Prompt 292,True,0.76,240.37,63.0,1380000000.0,1215000000.0,6810501120.0,0.38,1900-01-01 13:19:10,1287,2,0.9787234042553191,1.0
2525,68850e0f7b3c97d19cf79087,Prompt 292,True,0.76,240.37,63.0,1380000000.0,1215000000.0,6810501120.0,0.38,1900-01-01 13:19:11,1288,3,0.9787234042553191,1.0
2526,68850e0f7b3c97d19cf79088,Prompt 292,True,0.76,240.37,63.0,1380000000.0,1215000000.0,6810501120.0,0.38,1900-01-01 13:19:11,1288,4,0.9787234042553191,1.0
2527,68850e107b3c97d19cf79089,Prompt 292,True,0.76,240.37,63.0,1380000000.0,1215000000.0,6810501120.0,0.38,1900-01-01 13:19:12,1289,5,0.9787234042553191,1.0
2528,68850e117b3c97d19cf7908a,Prompt 292,True,0.76,240.37,63.0,1380000000.0,1215000000.0,6810501120.0,0.38,1900-01-01 13:19:13,1289,6,0.9787234042553191,1.0
2529,68850e117b3c97d19cf7908b,,True,,,,,,,,1900-01-01 13:19:12,,,,
2530,68850e117b3c97d19cf7908c,Prompt 293,True,0.76,240.37,63.0,1380000000.0,1215000000.0,6810501120.0,0.38,1900-01-01 13:19:13,1290,1,0.9787234042553191,1.0
2531,68850e127b3c97d19cf7908d,Prompt 293,True,0.76,240.37,63.0,1380000000.0,1215000000.0,6810501120.0,0.38,1900-01-01 13:19:14,1291,2,0.9787234042553191,1.0
2532,68850e137b3c97d19cf7908e,Prompt 293,True,0.76,240.37,63.0,1380000000.0,1215000000.0,6810501120.0,0.38,1900-01-01 13:19:15,1291,3,0.9787234042553191,1.0
2533,68850e137b3c97d19cf7908f,Prompt 293,True,0.76,240.37,63.0,1380000000.0,1215000000.0,6810501120.0,0.38,1900-01-01 13:19:15,1292,4,0.9787234042553191,1.0
2534,68850e147b3c97d19cf79090,Prompt 293,True,0.76,240.37,63.0,1380000000.0,1215000000.0,6810501120.0,0.38,1900-01-01 13:19:16,1292,5,0.9787234042553191,1.0
2535,68850e147b3c97d19cf79091,Prompt 293,True,0.76,240.37,63.0,1380000000.0,1215000000.0,6810501120.0,0.38,1900-01-01 13:19:16,1293,6,0.9787234042553191,1.0
2536,68850e157b3c97d19cf79092,Prompt 293,True,0.76,240.37,63.0,1380000000.0,1215000000.0,6810501120.0,0.38,1900-01-01 13:19:17,1294,7,0.9787234042553191,1.0
2537,68850e157b3c97d19cf79093,Prompt 293,True,0.76,240.37,63.0,1380000000.0,1215000000.0,6810501120.0,0.38,1900-01-01 13:19:17,1294,8,0.9787234042553191,1.0
2538,68850e167b3c97d19cf79094,Prompt 293,True,0.76,240.37,63.0,1380000000.0,1215000000.0,6810501120.0,0.38,1900-01-01 13:19:18,1295,9,0.9787234042553191,1.0
2539,68850e167b3c97d19cf79095,,True,,,,,,,,1900-01-01 13:19:17,,,,
2540,68850e167b3c97d19cf79096,Prompt 294,True,0.76,240.37,63.0,1380000000.0,1215000000.0,6810501120.0,0.38,1900-01-01 13:19:18,1295,1,0.9787234042553191,1.0
2541,68850e177b3c97d19cf79097,Prompt 294,True,0.76,240.37,63.0,1380000000.0,1215000000.0,6810501120.0,0.38,1900-01-01 13:19:19,1296,2,0.9787234042553191,1.0
2542,68850e187b3c97d19cf79098,Prompt 294,True,0.76,240.37,63.0,1380000000.0,1215000000.0,6810501120.0,0.38,1900-01-01 13:19:20,1296,3,0.9787234042553191,1.0
2543,68850e187b3c97d19cf79099,Prompt 294,True,0.76,240.37,63.0,1380000000.0,1215000000.0,6810501120.0,0.38,1900-01-01 13:19:20,1297,4,0.9787234042553191,1.0
2544,68850e197b3c97d19cf7909a,Prompt 294,True,0.76,240.37,63.0,1380000000.0,1215000000.0,6810501120.0,0.38,1900-01-01 13:19:21,1298,5,0.9787234042553191,1.0
2545,68850e197b3c97d19cf7909b,Prompt 294,True,0.76,240.37,63.0,1380000000.0,1215000000.0,6810501120.0,0.38,1900-01-01 13:19:21,1298,6,0.9787234042553191,1.0
2546,68850e1a7b3c97d19cf7909c,Prompt 294,True,0.76,240.37,63.0,1380000000.0,1215000000.0,6810501120.0,0.38,1900-01-01 13:19:22,1299,7,0.9787234042553191,1.0
2547,68850e1a7b3c97d19cf7909d,Prompt 294,True,0.74,252.82,63.0,1395000000.0,1215000000.0,6810501120.0,0.38,1900-01-01 13:19:22,1299,8,0.9893617021276596,1.0
2548,68850e1b7b3c97d19cf7909e,Prompt 294,True,0.74,252.82,63.0,1395000000.0,1215000000.0,6810501120.0,0.38,1900-01-01 13:19:23,1300,9,0.9893617021276596,1.0
2549,68850e1b7b3c97d19cf7909f,Prompt 294,True,0.74,252.82,63.0,1395000000.0,1215000000.0,6810501120.0,0.38,1900-01-01 13:19:23,1300,10,0.9893617021276596,1.0
2550,68850e1b7b3c97d19cf790a0,,True,,,,,,,,1900-01-01 13:19:23,,,,
2551,68850e1c7b3c97d19cf790a1,Prompt 295,True,0.74,252.82,63.0,1395000000.0,1215000000.0,6810501120.0,0.38,1900-01-01 13:19:24,1301,1,0.9893617021276596,1.0
2552,68850e1d7b3c97d19cf790a2,Prompt 295,True,0.74,252.82,63.0,1395000000.0,1215000000.0,6810501120.0,0.38,1900-01-01 13:19:25,1302,2,0.9893617021276596,1.0
2553,68850e1d7b3c97d19cf790a3,Prompt 295,True,0.74,252.82,63.0,1395000000.0,1215000000.0,6810501120.0,0.38,1900-01-01 13:19:25,1302,3,0.9893617021276596,1.0
2554,68850e1e7b3c97d19cf790a4,Prompt 295,True,0.74,252.82,63.0,1395000000.0,1215000000.0,6810501120.0,0.38,1900-01-01 13:19:26,1303,4,0.9893617021276596,1.0
2555,68850e1f7b3c97d19cf790a5,Prompt 295,True,0.74,252.82,63.0,1395000000.0,1215000000.0,6810501120.0,0.38,1900-01-01 13:19:27,1303,5,0.9893617021276596,1.0
2556,68850e1f7b3c97d19cf790a6,Prompt 295,True,0.74,252.82,63.0,1395000000.0,1215000000.0,6810501120.0,0.38,1900-01-01 13:19:27,1304,6,0.9893617021276596,1.0
2557,68850e207b3c97d19cf790a7,Prompt 295,True,0.74,252.82,63.0,1395000000.0,1215000000.0,6810501120.0,0.38,1900-01-01 13:19:28,1305,7,0.9893617021276596,1.0
2558,68850e217b3c97d19cf790a8,Prompt 295,True,0.74,252.82,63.0,1395000000.0,1215000000.0,6810501120.0,0.38,1900-01-01 13:19:29,1306,8,0.9893617021276596,1.0
2559,68850e217b3c97d19cf790a9,Prompt 295,True,0.74,252.82,63.0,1395000000.0,1215000000.0,6810501120.0,0.38,1900-01-01 13:19:29,1306,9,0.9893617021276596,1.0
2560,68850e227b3c97d19cf790aa,Prompt 295,True,0.74,252.82,63.0,1395000000.0,1215000000.0,6810501120.0,0.38,1900-01-01 13:19:30,1307,10,0.9893617021276596,1.0
2561,68850e237b3c97d19cf790ab,Prompt 295,True,0.74,252.82,63.0,1395000000.0,1215000000.0,6810501120.0,0.38,1900-01-01 13:19:31,1308,11,0.9893617021276596,1.0
2562,68850e237b3c97d19cf790ac,,True,,,,,,,,1900-01-01 13:19:31,,,,
2563,68850e237b3c97d19cf790ad,Prompt 296,True,0.74,252.82,63.0,1395000000.0,1215000000.0,6810501120.0,0.38,1900-01-01 13:19:31,1308,1,0.9893617021276596,1.0
2564,68850e247b3c97d19cf790ae,Prompt 296,True,0.74,252.82,63.0,1395000000.0,1215000000.0,6810501120.0,0.38,1900-01-01 13:19:32,1309,2,0.9893617021276596,1.0
2565,68850e247b3c97d19cf790af,Prompt 296,True,0.74,252.82,63.0,1395000000.0,1215000000.0,6810501120.0,0.38,1900-01-01 13:19:32,1309,3,0.9893617021276596,1.0
2566,68850e257b3c97d19cf790b0,Prompt 296,True,0.74,252.82,63.0,1395000000.0,1215000000.0,6810501120.0,0.38,1900-01-01 13:19:33,1310,4,0.9893617021276596,1.0
2567,68850e267b3c97d19cf790b1,Prompt 296,True,0.74,252.82,63.0,1395000000.0,1215000000.0,6810501120.0,0.38,1900-01-01 13:19:34,1311,5,0.9893617021276596,1.0
2568,68850e267b3c97d19cf790b2,Prompt 296,True,0.74,252.82,63.0,1395000000.0,1215000000.0,6810501120.0,0.38,1900-01-01 13:19:34,1311,6,0.9893617021276596,1.0
2569,68850e277b3c97d19cf790b3,Prompt 296,True,0.74,252.82,63.0,1395000000.0,1215000000.0,6810501120.0,0.38,1900-01-01 13:19:35,1312,7,0.9893617021276596,1.0
2570,68850e277b3c97d19cf790b4,Prompt 296,True,0.74,252.82,63.0,1395000000.0,1215000000.0,6810501120.0,0.38,1900-01-01 13:19:35,1312,8,0.9893617021276596,1.0
2571,68850e287b3c97d19cf790b5,Prompt 296,True,0.74,252.82,63.0,1395000000.0,1215000000.0,6810501120.0,0.38,1900-01-01 13:19:36,1313,9,0.9893617021276596,1.0
2572,68850e297b3c97d19cf790b6,Prompt 296,True,0.74,252.82,63.0,1395000000.0,1215000000.0,6810501120.0,0.38,1900-01-01 13:19:37,1313,10,0.9893617021276596,1.0
2573,68850e297b3c97d19cf790b7,Prompt 296,True,0.74,252.82,63.0,1395000000.0,1215000000.0,6810501120.0,0.4,1900-01-01 13:19:37,1314,11,0.9893617021276596,1.0
2574,68850e2a7b3c97d19cf790b8,Prompt 296,True,0.78,242.7,63.0,1395000000.0,1215000000.0,6810501120.0,0.4,1900-01-01 13:19:38,1315,12,0.9893617021276596,1.0
2575,68850e2a7b3c97d19cf790b9,Prompt 296,True,0.78,242.7,63.0,1395000000.0,1215000000.0,6810501120.0,0.4,1900-01-01 13:19:38,1315,13,0.9893617021276596,1.0
2576,68850e2a7b3c97d19cf790ba,,True,,,,,,,,1900-01-01 13:19:38,,,,
2577,68850e2b7b3c97d19cf790bb,Prompt 297,True,0.78,242.7,63.0,1395000000.0,1215000000.0,6810501120.0,0.4,1900-01-01 13:19:39,1316,1,0.9893617021276596,1.0
2578,68850e2b7b3c97d19cf790bc,Prompt 297,True,0.78,242.7,63.0,1395000000.0,1215000000.0,6810501120.0,0.4,1900-01-01 13:19:39,1316,2,0.9893617021276596,1.0
2579,68850e2c7b3c97d19cf790bd,Prompt 297,True,0.78,242.7,63.0,1395000000.0,1215000000.0,6810501120.0,0.4,1900-01-01 13:19:40,1317,3,0.9893617021276596,1.0
2580,68850e2c7b3c97d19cf790be,Prompt 297,True,0.78,242.7,63.0,1395000000.0,1215000000.0,6810501120.0,0.4,1900-01-01 13:19:40,1317,4,0.9893617021276596,1.0
2581,68850e2d7b3c97d19cf790bf,Prompt 297,True,0.78,242.7,63.0,1395000000.0,1215000000.0,6810501120.0,0.4,1900-01-01 13:19:41,1318,5,0.9893617021276596,1.0
2582,68850e2e7b3c97d19cf790c0,Prompt 297,True,0.78,242.7,63.0,1395000000.0,1215000000.0,6810501120.0,0.4,1900-01-01 13:19:42,1319,6,0.9893617021276596,1.0
2583,68850e2e7b3c97d19cf790c1,Prompt 297,True,0.78,242.7,63.0,1395000000.0,1215000000.0,6810501120.0,0.4,1900-01-01 13:19:42,1319,7,0.9893617021276596,1.0
2584,68850e2f7b3c97d19cf790c2,Prompt 297,True,0.78,242.7,63.0,1395000000.0,1215000000.0,6810501120.0,0.4,1900-01-01 13:19:43,1320,8,0.9893617021276596,1.0
2585,68850e307b3c97d19cf790c3,Prompt 297,True,0.78,242.7,63.0,1395000000.0,1215000000.0,6810501120.0,0.4,1900-01-01 13:19:44,1321,9,0.9893617021276596,1.0
2586,68850e307b3c97d19cf790c4,Prompt 297,True,0.78,242.7,63.0,1395000000.0,1215000000.0,6810501120.0,0.4,1900-01-01 13:19:44,1321,10,0.9893617021276596,1.0
2587,68850e317b3c97d19cf790c5,Prompt 297,True,0.78,242.7,63.0,1395000000.0,1215000000.0,6810501120.0,0.4,1900-01-01 13:19:45,1322,11,0.9893617021276596,1.0
2588,68850e317b3c97d19cf790c6,Prompt 297,True,0.78,242.7,63.0,1395000000.0,1215000000.0,6810501120.0,0.4,1900-01-01 13:19:45,1322,12,0.9893617021276596,1.0
2589,68850e317b3c97d19cf790c7,,True,,,,,,,,1900-01-01 13:19:45,,,,
2590,68850e327b3c97d19cf790c8,Prompt 298,True,0.78,242.7,63.0,1395000000.0,1215000000.0,6810501120.0,0.4,1900-01-01 13:19:46,1323,1,0.9893617021276596,1.0
2591,68850e337b3c97d19cf790c9,Prompt 298,True,0.78,242.7,63.0,1395000000.0,1215000000.0,6810501120.0,0.4,1900-01-01 13:19:47,1324,2,0.9893617021276596,1.0
2592,68850e337b3c97d19cf790ca,Prompt 298,True,0.78,242.7,63.0,1395000000.0,1215000000.0,6810501120.0,0.4,1900-01-01 13:19:47,1324,3,0.9893617021276596,1.0
2593,68850e347b3c97d19cf790cb,Prompt 298,True,0.78,242.7,63.0,1395000000.0,1215000000.0,6810501120.0,0.4,1900-01-01 13:19:48,1325,4,0.9893617021276596,1.0
2594,68850e357b3c97d19cf790cc,Prompt 298,True,0.78,242.7,63.0,1395000000.0,1215000000.0,6810501120.0,0.4,1900-01-01 13:19:49,1325,5,0.9893617021276596,1.0
2595,68850e357b3c97d19cf790cd,,True,,,,,,,,1900-01-01 13:19:48,,,,
2596,68850e357b3c97d19cf790ce,Prompt 299,True,0.78,242.7,63.0,1395000000.0,1215000000.0,6810501120.0,0.4,1900-01-01 13:19:49,1326,1,0.9893617021276596,1.0
2597,68850e367b3c97d19cf790cf,Prompt 299,True,0.78,242.7,63.0,1395000000.0,1215000000.0,6810501120.0,0.4,1900-01-01 13:19:50,1327,2,0.9893617021276596,1.0
2598,68850e367b3c97d19cf790d0,Prompt 299,True,0.78,242.7,63.0,1395000000.0,1215000000.0,6810501120.0,0.4,1900-01-01 13:19:50,1327,3,0.9893617021276596,1.0
2599,68850e377b3c97d19cf790d1,Prompt 299,True,0.78,242.7,63.0,1395000000.0,1215000000.0,6810501120.0,0.4,1900-01-01 13:19:51,1328,4,0.9893617021276596,1.0
2600,68850e377b3c97d19cf790d2,Prompt 299,True,0.78,242.7,63.0,1395000000.0,1215000000.0,6810501120.0,0.4,1900-01-01 13:19:51,1328,5,0.9893617021276596,1.0
2601,68850e387b3c97d19cf790d3,Prompt 299,True,0.78,242.7,63.0,1395000000.0,1215000000.0,6810501120.0,0.38,1900-01-01 13:19:52,1329,6,0.9893617021276596,1.0
2602,68850e397b3c97d19cf790d4,Prompt 299,True,0.76,229.85,63.0,1395000000.0,1215000000.0,6810501120.0,0.38,1900-01-01 13:19:53,1329,7,0.9893617021276596,1.0
2603,68850e397b3c97d19cf790d5,Prompt 299,True,0.76,229.85,63.0,1395000000.0,1215000000.0,6810501120.0,0.38,1900-01-01 13:19:53,1330,8,0.9893617021276596,1.0
2604,68850e3a7b3c97d19cf790d6,Prompt 299,True,0.76,229.85,63.0,1395000000.0,1215000000.0,6810501120.0,0.38,1900-01-01 13:19:54,1331,9,0.9893617021276596,1.0
2605,68850e3a7b3c97d19cf790d7,Prompt 299,True,0.76,229.85,63.0,1395000000.0,1215000000.0,6810501120.0,0.38,1900-01-01 13:19:54,1331,10,0.9893617021276596,1.0
2606,68850e3a7b3c97d19cf790d8,,True,,,,,,,,1900-01-01 13:19:54,,,,
2607,68850e3b7b3c97d19cf790d9,Prompt 300,True,0.76,229.85,63.0,1395000000.0,1215000000.0,6810501120.0,0.38,1900-01-01 13:19:55,1332,1,0.9893617021276596,1.0
2608,68850e3b7b3c97d19cf790da,Prompt 300,True,0.76,229.85,63.0,1395000000.0,1215000000.0,6810501120.0,0.38,1900-01-01 13:19:55,1332,2,0.9893617021276596,1.0
2609,68850e3c7b3c97d19cf790db,Prompt 300,True,0.76,229.85,63.0,1395000000.0,1215000000.0,6810501120.0,0.38,1900-01-01 13:19:56,1333,3,0.9893617021276596,1.0
2610,68850e3d7b3c97d19cf790dc,Prompt 300,True,0.76,229.85,63.0,1395000000.0,1215000000.0,6810501120.0,0.38,1900-01-01 13:19:57,1334,4,0.9893617021276596,1.0
2611,68850e3d7b3c97d19cf790dd,Prompt 300,True,0.76,229.85,63.0,1395000000.0,1215000000.0,6810501120.0,0.38,1900-01-01 13:19:57,1334,5,0.9893617021276596,1.0
2612,68850e3e7b3c97d19cf790de,Prompt 300,True,0.76,229.85,63.0,1395000000.0,1215000000.0,6810501120.0,0.38,1900-01-01 13:19:58,1335,6,0.9893617021276596,1.0
2613,68850e3e7b3c97d19cf790df,Prompt 300,True,0.76,229.85,63.0,1395000000.0,1215000000.0,6810501120.0,0.38,1900-01-01 13:19:58,1335,7,0.9893617021276596,1.0
2614,68850e3f7b3c97d19cf790e0,Prompt 300,True,0.76,229.85,63.0,1395000000.0,1215000000.0,6810501120.0,0.38,1900-01-01 13:19:59,1336,8,0.9893617021276596,1.0
2615,68850e3f7b3c97d19cf790e1,,True,,,,,,,,1900-01-01 13:19:59,,,,
2616,68850e407b3c97d19cf790e2,Prompt 301,True,0.76,229.85,63.0,1395000000.0,1215000000.0,6810501120.0,0.38,1900-01-01 13:20:00,1337,1,0.9893617021276596,1.0
2617,68850e407b3c97d19cf790e3,Prompt 301,True,0.76,229.85,63.0,1395000000.0,1215000000.0,6810501120.0,0.38,1900-01-01 13:20:00,1337,2,0.9893617021276596,1.0
2618,68850e417b3c97d19cf790e4,Prompt 301,True,0.76,229.85,63.0,1395000000.0,1215000000.0,6810501120.0,0.38,1900-01-01 13:20:01,1338,3,0.9893617021276596,1.0
2619,68850e417b3c97d19cf790e5,Prompt 301,True,0.76,229.85,63.0,1395000000.0,1215000000.0,6810501120.0,0.38,1900-01-01 13:20:01,1338,4,0.9893617021276596,1.0
2620,68850e427b3c97d19cf790e6,Prompt 301,True,0.76,229.85,63.0,1395000000.0,1215000000.0,6810501120.0,0.38,1900-01-01 13:20:02,1339,5,0.9893617021276596,1.0
2621,68850e427b3c97d19cf790e7,Prompt 301,True,0.76,229.85,63.0,1395000000.0,1215000000.0,6810501120.0,0.38,1900-01-01 13:20:02,1339,6,0.9893617021276596,1.0
2622,68850e437b3c97d19cf790e8,Prompt 301,True,0.76,229.85,63.0,1395000000.0,1215000000.0,6810501120.0,0.38,1900-01-01 13:20:03,1340,7,0.9893617021276596,1.0
2623,68850e437b3c97d19cf790e9,Prompt 301,True,0.76,229.85,63.0,1395000000.0,1215000000.0,6810501120.0,0.38,1900-01-01 13:20:03,1340,8,0.9893617021276596,1.0
2624,68850e447b3c97d19cf790ea,Prompt 301,True,0.76,229.85,63.0,1395000000.0,1215000000.0,6810501120.0,0.38,1900-01-01 13:20:04,1341,9,0.9893617021276596,1.0
2625,68850e447b3c97d19cf790eb,,True,,,,,,,,1900-01-01 13:20:04,,,,
2626,68850e457b3c97d19cf790ec,Prompt 302,True,0.76,229.85,63.0,1395000000.0,1215000000.0,6810501120.0,0.38,1900-01-01 13:20:05,1342,1,0.9893617021276596,1.0
2627,68850e457b3c97d19cf790ed,Prompt 302,True,0.76,229.85,63.0,1395000000.0,1215000000.0,6810501120.0,0.38,1900-01-01 13:20:05,1342,2,0.9893617021276596,1.0
2628,68850e467b3c97d19cf790ee,Prompt 302,True,0.76,229.85,63.0,1395000000.0,1215000000.0,6810501120.0,0.38,1900-01-01 13:20:06,1343,3,0.9893617021276596,1.0
2629,68850e467b3c97d19cf790ef,Prompt 302,True,0.76,229.85,63.0,1395000000.0,1215000000.0,6810501120.0,0.38,1900-01-01 13:20:06,1343,4,0.9893617021276596,1.0
2630,68850e477b3c97d19cf790f0,Prompt 302,True,0.76,229.85,63.0,1395000000.0,1215000000.0,6810501120.0,0.38,1900-01-01 13:20:07,1344,5,0.9893617021276596,1.0
2631,68850e477b3c97d19cf790f1,Prompt 302,True,0.75,243.0,63.0,1380000000.0,1215000000.0,6810501120.0,0.39,1900-01-01 13:20:07,1344,6,0.9787234042553191,1.0
2632,68850e487b3c97d19cf790f2,Prompt 302,True,0.75,243.0,63.0,1380000000.0,1215000000.0,6810501120.0,0.39,1900-01-01 13:20:08,1345,7,0.9787234042553191,1.0
2633,68850e487b3c97d19cf790f3,Prompt 302,True,0.75,243.0,63.0,1380000000.0,1215000000.0,6810501120.0,0.39,1900-01-01 13:20:08,1345,8,0.9787234042553191,1.0
2634,68850e497b3c97d19cf790f4,,True,,,,,,,,1900-01-01 13:20:08,,,,
2635,68850e497b3c97d19cf790f5,Prompt 303,True,0.75,243.0,63.0,1380000000.0,1215000000.0,6810501120.0,0.39,1900-01-01 13:20:09,1346,1,0.9787234042553191,1.0
2636,68850e4a7b3c97d19cf790f6,Prompt 303,True,0.75,243.0,63.0,1380000000.0,1215000000.0,6810501120.0,0.39,1900-01-01 13:20:10,1347,2,0.9787234042553191,1.0
2637,68850e4a7b3c97d19cf790f7,Prompt 303,True,0.75,243.0,63.0,1380000000.0,1215000000.0,6810501120.0,0.39,1900-01-01 13:20:10,1347,3,0.9787234042553191,1.0
2638,68850e4b7b3c97d19cf790f8,Prompt 303,True,0.75,243.0,63.0,1380000000.0,1215000000.0,6810501120.0,0.39,1900-01-01 13:20:11,1348,4,0.9787234042553191,1.0
2639,68850e4b7b3c97d19cf790f9,Prompt 303,True,0.75,243.0,63.0,1380000000.0,1215000000.0,6810501120.0,0.39,1900-01-01 13:20:11,1348,5,0.9787234042553191,1.0
2640,68850e4c7b3c97d19cf790fa,Prompt 303,True,0.75,243.0,63.0,1380000000.0,1215000000.0,6810501120.0,0.39,1900-01-01 13:20:12,1349,6,0.9787234042553191,1.0
2641,68850e4c7b3c97d19cf790fb,Prompt 303,True,0.75,243.0,63.0,1380000000.0,1215000000.0,6810501120.0,0.39,1900-01-01 13:20:12,1349,7,0.9787234042553191,1.0
2642,68850e4c7b3c97d19cf790fc,,True,,,,,,,,1900-01-01 13:20:12,,,,
2643,68850e4d7b3c97d19cf790fd,Prompt 304,True,0.75,243.0,63.0,1380000000.0,1215000000.0,6810501120.0,0.39,1900-01-01 13:20:13,1350,1,0.9787234042553191,1.0
2644,68850e4d7b3c97d19cf790fe,Prompt 304,True,0.75,243.0,63.0,1380000000.0,1215000000.0,6810501120.0,0.39,1900-01-01 13:20:13,1350,2,0.9787234042553191,1.0
2645,68850e4e7b3c97d19cf790ff,Prompt 304,True,0.75,243.0,63.0,1380000000.0,1215000000.0,6810501120.0,0.39,1900-01-01 13:20:14,1351,3,0.9787234042553191,1.0
2646,68850e4f7b3c97d19cf79100,Prompt 304,True,0.75,243.0,63.0,1380000000.0,1215000000.0,6810501120.0,0.39,1900-01-01 13:20:15,1351,4,0.9787234042553191,1.0
2647,68850e4f7b3c97d19cf79101,Prompt 304,True,0.75,243.0,63.0,1380000000.0,1215000000.0,6810501120.0,0.39,1900-01-01 13:20:15,1352,5,0.9787234042553191,1.0
2648,68850e507b3c97d19cf79102,Prompt 304,True,0.75,243.0,63.0,1380000000.0,1215000000.0,6810501120.0,0.39,1900-01-01 13:20:16,1352,6,0.9787234042553191,1.0
2649,68850e507b3c97d19cf79103,Prompt 304,True,0.75,243.0,63.0,1380000000.0,1215000000.0,6810501120.0,0.39,1900-01-01 13:20:16,1353,7,0.9787234042553191,1.0
2650,68850e517b3c97d19cf79104,Prompt 304,True,0.75,243.0,63.0,1380000000.0,1215000000.0,6810501120.0,0.39,1900-01-01 13:20:17,1354,8,0.9787234042553191,1.0
2651,68850e517b3c97d19cf79105,Prompt 304,True,0.75,243.0,63.0,1380000000.0,1215000000.0,6810501120.0,0.39,1900-01-01 13:20:17,1354,9,0.9787234042553191,1.0
2652,68850e527b3c97d19cf79106,Prompt 304,True,0.75,243.0,63.0,1380000000.0,1215000000.0,6810501120.0,0.39,1900-01-01 13:20:18,1355,10,0.9787234042553191,1.0
2653,68850e527b3c97d19cf79107,Prompt 304,True,0.75,243.0,63.0,1380000000.0,1215000000.0,6810501120.0,0.39,1900-01-01 13:20:18,1355,11,0.9787234042553191,1.0
2654,68850e537b3c97d19cf79108,Prompt 304,True,0.75,243.0,63.0,1380000000.0,1215000000.0,6810501120.0,0.39,1900-01-01 13:20:19,1356,12,0.9787234042553191,1.0
2655,68850e537b3c97d19cf79109,Prompt 304,True,0.75,243.0,63.0,1380000000.0,1215000000.0,6810501120.0,0.39,1900-01-01 13:20:19,1356,13,0.9787234042553191,1.0
2656,68850e547b3c97d19cf7910a,Prompt 304,True,0.75,243.0,63.0,1380000000.0,1215000000.0,6810501120.0,0.39,1900-01-01 13:20:20,1357,14,0.9787234042553191,1.0
2657,68850e547b3c97d19cf7910b,Prompt 304,True,0.75,243.0,63.0,1380000000.0,1215000000.0,6810501120.0,0.39,1900-01-01 13:20:20,1357,15,0.9787234042553191,1.0
2658,68850e547b3c97d19cf7910c,,True,,,,,,,,1900-01-01 13:20:20,,,,
2659,68850e557b3c97d19cf7910d,Prompt 305,True,0.75,243.0,63.0,1380000000.0,1215000000.0,6810501120.0,0.39,1900-01-01 13:20:21,1358,1,0.9787234042553191,1.0
2660,68850e557b3c97d19cf7910e,Prompt 305,True,0.75,243.0,63.0,1380000000.0,1215000000.0,6810501120.0,0.39,1900-01-01 13:20:21,1358,2,0.9787234042553191,1.0
2661,68850e567b3c97d19cf7910f,Prompt 305,True,0.75,243.0,63.0,1380000000.0,1215000000.0,6810501120.0,0.39,1900-01-01 13:20:22,1359,3,0.9787234042553191,1.0
2662,68850e577b3c97d19cf79110,Prompt 305,True,0.75,235.06,62.0,1380000000.0,1215000000.0,6810501120.0,0.39,1900-01-01 13:20:23,1360,4,0.9787234042553191,1.0
2663,68850e577b3c97d19cf79111,Prompt 305,True,0.75,235.06,62.0,1380000000.0,1215000000.0,6810501120.0,0.39,1900-01-01 13:20:23,1360,5,0.9787234042553191,1.0
2664,68850e587b3c97d19cf79112,Prompt 305,True,0.75,235.06,62.0,1380000000.0,1215000000.0,6810501120.0,0.39,1900-01-01 13:20:24,1361,6,0.9787234042553191,1.0
2665,68850e587b3c97d19cf79113,Prompt 305,True,0.75,235.06,62.0,1380000000.0,1215000000.0,6810501120.0,0.39,1900-01-01 13:20:24,1361,7,0.9787234042553191,1.0
2666,68850e597b3c97d19cf79114,Prompt 305,True,0.75,235.06,62.0,1380000000.0,1215000000.0,6810501120.0,0.39,1900-01-01 13:20:25,1362,8,0.9787234042553191,1.0
2667,68850e5a7b3c97d19cf79115,Prompt 305,True,0.75,235.06,62.0,1380000000.0,1215000000.0,6810501120.0,0.39,1900-01-01 13:20:26,1362,9,0.9787234042553191,1.0
2668,68850e5a7b3c97d19cf79116,,True,,,,,,,,1900-01-01 13:20:25,,,,
2669,68850e5a7b3c97d19cf79117,Prompt 306,True,0.75,235.06,62.0,1380000000.0,1215000000.0,6810501120.0,0.39,1900-01-01 13:20:26,1363,1,0.9787234042553191,1.0
2670,68850e5b7b3c97d19cf79118,Prompt 306,True,0.75,235.06,62.0,1380000000.0,1215000000.0,6810501120.0,0.39,1900-01-01 13:20:27,1364,2,0.9787234042553191,1.0
2671,68850e5b7b3c97d19cf79119,Prompt 306,True,0.75,235.06,62.0,1380000000.0,1215000000.0,6810501120.0,0.39,1900-01-01 13:20:27,1364,3,0.9787234042553191,1.0
2672,68850e5c7b3c97d19cf7911a,Prompt 306,True,0.75,235.06,62.0,1380000000.0,1215000000.0,6810501120.0,0.39,1900-01-01 13:20:28,1365,4,0.9787234042553191,1.0
2673,68850e5c7b3c97d19cf7911b,Prompt 306,True,0.75,235.06,62.0,1380000000.0,1215000000.0,6810501120.0,0.39,1900-01-01 13:20:28,1365,5,0.9787234042553191,1.0
2674,68850e5d7b3c97d19cf7911c,Prompt 306,True,0.75,235.06,62.0,1380000000.0,1215000000.0,6810501120.0,0.39,1900-01-01 13:20:29,1366,6,0.9787234042553191,1.0
2675,68850e5d7b3c97d19cf7911d,Prompt 306,True,0.75,235.06,62.0,1380000000.0,1215000000.0,6810501120.0,0.39,1900-01-01 13:20:29,1366,7,0.9787234042553191,1.0
2676,68850e5e7b3c97d19cf7911e,Prompt 306,True,0.75,235.06,62.0,1380000000.0,1215000000.0,6810501120.0,0.39,1900-01-01 13:20:30,1367,8,0.9787234042553191,1.0
2677,68850e5f7b3c97d19cf7911f,Prompt 306,True,0.75,235.06,62.0,1380000000.0,1215000000.0,6810501120.0,0.39,1900-01-01 13:20:31,1367,9,0.9787234042553191,1.0
2678,68850e5f7b3c97d19cf79120,Prompt 306,True,0.75,235.06,62.0,1380000000.0,1215000000.0,6810501120.0,0.39,1900-01-01 13:20:31,1368,10,0.9787234042553191,1.0
2679,68850e5f7b3c97d19cf79121,,True,,,,,,,,1900-01-01 13:20:31,,,,
2680,68850e607b3c97d19cf79122,Prompt 307,True,0.75,235.06,62.0,1380000000.0,1215000000.0,6810501120.0,0.39,1900-01-01 13:20:32,1369,1,0.9787234042553191,1.0
2681,68850e607b3c97d19cf79123,Prompt 307,True,0.75,235.06,62.0,1380000000.0,1215000000.0,6810501120.0,0.39,1900-01-01 13:20:32,1369,2,0.9787234042553191,1.0
2682,68850e617b3c97d19cf79124,Prompt 307,True,0.75,235.06,62.0,1380000000.0,1215000000.0,6810501120.0,0.39,1900-01-01 13:20:33,1370,3,0.9787234042553191,1.0
2683,68850e617b3c97d19cf79125,Prompt 307,True,0.75,235.06,62.0,1380000000.0,1215000000.0,6810501120.0,0.39,1900-01-01 13:20:33,1370,4,0.9787234042553191,1.0
2684,68850e627b3c97d19cf79126,Prompt 307,True,0.75,235.06,62.0,1380000000.0,1215000000.0,6810501120.0,0.39,1900-01-01 13:20:34,1371,5,0.9787234042553191,1.0
2685,68850e637b3c97d19cf79127,Prompt 307,True,0.75,235.06,62.0,1380000000.0,1215000000.0,6810501120.0,0.39,1900-01-01 13:20:35,1371,6,0.9787234042553191,1.0
2686,68850e637b3c97d19cf79128,Prompt 307,True,0.75,235.06,62.0,1380000000.0,1215000000.0,6810501120.0,0.39,1900-01-01 13:20:35,1372,7,0.9787234042553191,1.0
2687,68850e647b3c97d19cf79129,Prompt 307,True,0.75,235.06,62.0,1380000000.0,1215000000.0,6810501120.0,0.39,1900-01-01 13:20:36,1373,8,0.9787234042553191,1.0
2688,68850e647b3c97d19cf7912a,Prompt 307,True,0.75,235.06,62.0,1380000000.0,1215000000.0,6810501120.0,0.39,1900-01-01 13:20:36,1373,9,0.9787234042553191,1.0
2689,68850e647b3c97d19cf7912b,,True,,,,,,,,1900-01-01 13:20:36,,,,
2690,68850e657b3c97d19cf7912c,Prompt 308,True,0.75,235.06,62.0,1380000000.0,1215000000.0,6810501120.0,0.39,1900-01-01 13:20:37,1374,1,0.9787234042553191,1.0
2691,68850e657b3c97d19cf7912d,Prompt 308,True,0.73,244.14,62.0,1410000000.0,1215000000.0,6810501120.0,0.39,1900-01-01 13:20:37,1374,2,1.0,1.0
2692,68850e667b3c97d19cf7912e,Prompt 308,True,0.73,244.14,62.0,1410000000.0,1215000000.0,6810501120.0,0.39,1900-01-01 13:20:38,1375,3,1.0,1.0
2693,68850e667b3c97d19cf7912f,,True,,,,,,,,1900-01-01 13:20:38,,,,
2694,68850e677b3c97d19cf79130,Prompt 309,True,0.73,244.14,62.0,1410000000.0,1215000000.0,6810501120.0,0.39,1900-01-01 13:20:39,1375,1,1.0,1.0
2695,68850e677b3c97d19cf79131,Prompt 309,True,0.73,244.14,62.0,1410000000.0,1215000000.0,6810501120.0,0.39,1900-01-01 13:20:39,1376,2,1.0,1.0
2696,68850e687b3c97d19cf79132,Prompt 309,True,0.73,244.14,62.0,1410000000.0,1215000000.0,6810501120.0,0.39,1900-01-01 13:20:40,1377,3,1.0,1.0
2697,68850e687b3c97d19cf79133,Prompt 309,True,0.73,244.14,62.0,1410000000.0,1215000000.0,6810501120.0,0.39,1900-01-01 13:20:40,1377,4,1.0,1.0
2698,68850e697b3c97d19cf79134,Prompt 309,True,0.73,244.14,62.0,1410000000.0,1215000000.0,6810501120.0,0.39,1900-01-01 13:20:41,1378,5,1.0,1.0
2699,68850e697b3c97d19cf79135,,True,,,,,,,,1900-01-01 13:20:41,,,,
2700,68850e697b3c97d19cf79136,Prompt 310,True,0.73,244.14,62.0,1410000000.0,1215000000.0,6810501120.0,0.39,1900-01-01 13:20:41,1378,1,1.0,1.0
2701,68850e6a7b3c97d19cf79137,Prompt 310,True,0.73,244.14,62.0,1410000000.0,1215000000.0,6810501120.0,0.39,1900-01-01 13:20:42,1379,2,1.0,1.0
2702,68850e6a7b3c97d19cf79138,Prompt 310,True,0.73,244.14,62.0,1410000000.0,1215000000.0,6810501120.0,0.39,1900-01-01 13:20:42,1379,3,1.0,1.0
2703,68850e6b7b3c97d19cf79139,Prompt 310,True,0.73,244.14,62.0,1410000000.0,1215000000.0,6810501120.0,0.39,1900-01-01 13:20:43,1380,4,1.0,1.0
2704,68850e6b7b3c97d19cf7913a,Prompt 310,True,0.73,244.14,62.0,1410000000.0,1215000000.0,6810501120.0,0.39,1900-01-01 13:20:43,1380,5,1.0,1.0
2705,68850e6c7b3c97d19cf7913b,Prompt 310,True,0.73,244.14,62.0,1410000000.0,1215000000.0,6810501120.0,0.39,1900-01-01 13:20:44,1381,6,1.0,1.0
2706,68850e6d7b3c97d19cf7913c,Prompt 310,True,0.73,244.14,62.0,1410000000.0,1215000000.0,6810501120.0,0.39,1900-01-01 13:20:45,1382,7,1.0,1.0
2707,68850e6d7b3c97d19cf7913d,Prompt 310,True,0.73,244.14,62.0,1410000000.0,1215000000.0,6810501120.0,0.39,1900-01-01 13:20:45,1382,8,1.0,1.0
2708,68850e6d7b3c97d19cf7913e,,True,,,,,,,,1900-01-01 13:20:45,,,,
2709,68850e6e7b3c97d19cf7913f,Prompt 311,True,0.73,244.14,62.0,1410000000.0,1215000000.0,6810501120.0,0.39,1900-01-01 13:20:46,1383,1,1.0,1.0
2710,68850e6e7b3c97d19cf79140,,True,,,,,,,,1900-01-01 13:20:46,,,,
2711,68850e6e7b3c97d19cf79141,Prompt 312,True,0.73,244.14,62.0,1410000000.0,1215000000.0,6810501120.0,0.39,1900-01-01 13:20:46,1383,1,1.0,1.0
2712,68850e6e7b3c97d19cf79142,,True,,,,,,,,1900-01-01 13:20:46,,,,
2713,68850e6f7b3c97d19cf79143,Prompt 313,True,0.73,244.14,62.0,1410000000.0,1215000000.0,6810501120.0,0.39,1900-01-01 13:20:47,1384,1,1.0,1.0
2714,68850e6f7b3c97d19cf79144,Prompt 313,True,0.73,244.14,62.0,1410000000.0,1215000000.0,6810501120.0,0.39,1900-01-01 13:20:47,1384,2,1.0,1.0
2715,68850e707b3c97d19cf79145,Prompt 313,True,0.73,244.14,62.0,1410000000.0,1215000000.0,6810501120.0,0.39,1900-01-01 13:20:48,1385,3,1.0,1.0
2716,68850e707b3c97d19cf79146,,True,,,,,,,,1900-01-01 13:20:47,,,,
2717,68850e707b3c97d19cf79147,Prompt 314,True,0.73,244.14,62.0,1410000000.0,1215000000.0,6810501120.0,0.39,1900-01-01 13:20:48,1385,1,1.0,1.0
2718,68850e717b3c97d19cf79148,,True,,,,,,,,1900-01-01 13:20:48,,,,
2719,68850e717b3c97d19cf79149,Prompt 315,True,0.73,244.14,62.0,1410000000.0,1215000000.0,6810501120.0,0.39,1900-01-01 13:20:49,1386,1,1.0,1.0
2720,68850e727b3c97d19cf7914a,Prompt 315,True,0.73,244.14,62.0,1410000000.0,1215000000.0,6810501120.0,0.39,1900-01-01 13:20:50,1387,2,1.0,1.0
2721,68850e727b3c97d19cf7914b,,True,,,,,,,,1900-01-01 13:20:49,,,,
2722,68850e727b3c97d19cf7914c,Prompt 316,True,0.73,244.14,62.0,1410000000.0,1215000000.0,6810501120.0,0.39,1900-01-01 13:20:50,1387,1,1.0,1.0
2723,68850e737b3c97d19cf7914d,Prompt 316,True,0.73,244.14,62.0,1410000000.0,1215000000.0,6810501120.0,0.39,1900-01-01 13:20:51,1388,2,1.0,1.0
2724,68850e737b3c97d19cf7914e,,True,,,,,,,,1900-01-01 13:20:51,,,,
2725,68850e737b3c97d19cf7914f,Prompt 317,True,0.73,244.14,62.0,1410000000.0,1215000000.0,6810501120.0,0.39,1900-01-01 13:20:51,1388,1,1.0,1.0
2726,68850e747b3c97d19cf79150,Prompt 317,True,0.73,244.14,62.0,1410000000.0,1215000000.0,6810501120.0,0.39,1900-01-01 13:20:52,1389,2,1.0,1.0
2727,68850e747b3c97d19cf79151,Prompt 317,True,0.74,254.46,61.0,1410000000.0,1215000000.0,6810501120.0,0.39,1900-01-01 13:20:52,1389,3,1.0,1.0
2728,68850e747b3c97d19cf79152,,True,,,,,,,,1900-01-01 13:20:52,,,,
2729,68850e757b3c97d19cf79153,Prompt 318,True,0.74,254.46,61.0,1410000000.0,1215000000.0,6810501120.0,0.39,1900-01-01 13:20:53,1390,1,1.0,1.0
2730,68850e767b3c97d19cf79154,Prompt 318,True,0.74,254.46,61.0,1410000000.0,1215000000.0,6810501120.0,0.39,1900-01-01 13:20:54,1391,2,1.0,1.0
2731,68850e767b3c97d19cf79155,,True,,,,,,,,1900-01-01 13:20:53,,,,
2732,68850e767b3c97d19cf79156,Prompt 319,True,0.74,254.46,61.0,1410000000.0,1215000000.0,6810501120.0,0.39,1900-01-01 13:20:54,1391,1,1.0,1.0
2733,68850e777b3c97d19cf79157,Prompt 319,True,0.74,254.46,61.0,1410000000.0,1215000000.0,6810501120.0,0.39,1900-01-01 13:20:55,1392,2,1.0,1.0
2734,68850e777b3c97d19cf79158,Prompt 319,True,0.74,254.46,61.0,1410000000.0,1215000000.0,6810501120.0,0.39,1900-01-01 13:20:55,1392,3,1.0,1.0
2735,68850e787b3c97d19cf79159,Prompt 319,True,0.74,254.46,61.0,1410000000.0,1215000000.0,6810501120.0,0.39,1900-01-01 13:20:56,1393,4,1.0,1.0
2736,68850e797b3c97d19cf7915a,Prompt 319,True,0.74,254.46,61.0,1410000000.0,1215000000.0,6810501120.0,0.39,1900-01-01 13:20:57,1393,5,1.0,1.0
2737,68850e797b3c97d19cf7915b,,True,,,,,,,,1900-01-01 13:20:56,,,,
2738,68850e797b3c97d19cf7915c,Prompt 320,True,0.74,254.46,61.0,1410000000.0,1215000000.0,6810501120.0,0.39,1900-01-01 13:20:57,1394,1,1.0,1.0
2739,68850e7a7b3c97d19cf7915d,Prompt 320,True,0.74,254.46,61.0,1410000000.0,1215000000.0,6810501120.0,0.39,1900-01-01 13:20:58,1395,2,1.0,1.0
2740,68850e7a7b3c97d19cf7915e,Prompt 320,True,0.74,254.46,61.0,1410000000.0,1215000000.0,6810501120.0,0.39,1900-01-01 13:20:58,1395,3,1.0,1.0
2741,68850e7b7b3c97d19cf7915f,Prompt 320,True,0.74,254.46,61.0,1410000000.0,1215000000.0,6810501120.0,0.39,1900-01-01 13:20:59,1396,4,1.0,1.0
2742,68850e7c7b3c97d19cf79160,Prompt 320,True,0.74,254.46,61.0,1410000000.0,1215000000.0,6810501120.0,0.39,1900-01-01 13:21:00,1396,5,1.0,1.0
2743,68850e7c7b3c97d19cf79161,Prompt 320,True,0.74,254.46,61.0,1410000000.0,1215000000.0,6810501120.0,0.39,1900-01-01 13:21:00,1397,6,1.0,1.0
2744,68850e7d7b3c97d19cf79162,Prompt 320,True,0.74,254.46,61.0,1410000000.0,1215000000.0,6810501120.0,0.39,1900-01-01 13:21:01,1398,7,1.0,1.0
2745,68850e7d7b3c97d19cf79163,Prompt 320,True,0.74,254.46,61.0,1410000000.0,1215000000.0,6810501120.0,0.39,1900-01-01 13:21:01,1398,8,1.0,1.0
2746,68850e7e7b3c97d19cf79164,Prompt 320,True,0.74,254.46,61.0,1410000000.0,1215000000.0,6810501120.0,0.39,1900-01-01 13:21:02,1399,9,1.0,1.0
2747,68850e7e7b3c97d19cf79165,,True,,,,,,,,1900-01-01 13:21:01,,,,
2748,68850e7e7b3c97d19cf79166,Prompt 321,True,0.74,254.46,61.0,1410000000.0,1215000000.0,6810501120.0,0.39,1900-01-01 13:21:02,1399,1,1.0,1.0
2749,68850e7f7b3c97d19cf79167,Prompt 321,True,0.74,254.46,61.0,1410000000.0,1215000000.0,6810501120.0,0.39,1900-01-01 13:21:03,1400,2,1.0,1.0
2750,68850e7f7b3c97d19cf79168,,True,,,,,,,,1900-01-01 13:21:03,,,,
2751,68850e7f7b3c97d19cf79169,Prompt 322,True,0.74,254.46,61.0,1410000000.0,1215000000.0,6810501120.0,0.39,1900-01-01 13:21:03,1400,1,1.0,1.0
2752,68850e807b3c97d19cf7916a,Prompt 322,True,0.74,254.46,61.0,1410000000.0,1215000000.0,6810501120.0,0.39,1900-01-01 13:21:04,1401,2,1.0,1.0
2753,68850e817b3c97d19cf7916b,Prompt 322,True,0.74,254.46,61.0,1410000000.0,1215000000.0,6810501120.0,0.39,1900-01-01 13:21:05,1402,3,1.0,1.0
2754,68850e817b3c97d19cf7916c,,True,,,,,,,,1900-01-01 13:21:04,,,,
2755,68850e817b3c97d19cf7916d,Prompt 323,True,0.74,254.46,61.0,1410000000.0,1215000000.0,6810501120.0,0.39,1900-01-01 13:21:05,1402,1,1.0,1.0
2756,68850e827b3c97d19cf7916e,Prompt 323,True,0.74,254.46,61.0,1410000000.0,1215000000.0,6810501120.0,0.39,1900-01-01 13:21:06,1403,2,1.0,1.0
2757,68850e827b3c97d19cf7916f,,True,,,,,,,,1900-01-01 13:21:05,,,,
2758,68850e827b3c97d19cf79170,Prompt 324,True,0.74,254.46,61.0,1410000000.0,1215000000.0,6810501120.0,0.39,1900-01-01 13:21:06,1403,1,1.0,1.0
2759,68850e837b3c97d19cf79171,Prompt 324,True,0.74,254.46,61.0,1410000000.0,1215000000.0,6810501120.0,0.39,1900-01-01 13:21:07,1404,2,1.0,1.0
2760,68850e837b3c97d19cf79172,Prompt 324,True,0.74,241.72,60.0,1395000000.0,1215000000.0,6810501120.0,0.39,1900-01-01 13:21:07,1404,3,0.9893617021276596,1.0
2761,68850e847b3c97d19cf79173,Prompt 324,True,0.74,241.72,60.0,1395000000.0,1215000000.0,6810501120.0,0.39,1900-01-01 13:21:08,1405,4,0.9893617021276596,1.0
2762,68850e857b3c97d19cf79174,Prompt 324,True,0.74,241.72,60.0,1395000000.0,1215000000.0,6810501120.0,0.39,1900-01-01 13:21:09,1406,5,0.9893617021276596,1.0
2763,68850e857b3c97d19cf79175,,True,,,,,,,,1900-01-01 13:21:08,,,,
2764,68850e857b3c97d19cf79176,Prompt 325,True,0.74,241.72,60.0,1395000000.0,1215000000.0,6810501120.0,0.39,1900-01-01 13:21:09,1406,1,0.9893617021276596,1.0
2765,68850e867b3c97d19cf79177,Prompt 325,True,0.74,241.72,60.0,1395000000.0,1215000000.0,6810501120.0,0.39,1900-01-01 13:21:10,1407,2,0.9893617021276596,1.0
2766,68850e867b3c97d19cf79178,Prompt 325,True,0.74,241.72,60.0,1395000000.0,1215000000.0,6810501120.0,0.39,1900-01-01 13:21:10,1407,3,0.9893617021276596,1.0
2767,68850e877b3c97d19cf79179,Prompt 325,True,0.74,241.72,60.0,1395000000.0,1215000000.0,6810501120.0,0.39,1900-01-01 13:21:11,1408,4,0.9893617021276596,1.0
2768,68850e877b3c97d19cf7917a,Prompt 325,True,0.74,241.72,60.0,1395000000.0,1215000000.0,6810501120.0,0.39,1900-01-01 13:21:11,1408,5,0.9893617021276596,1.0
2769,68850e887b3c97d19cf7917b,Prompt 325,True,0.74,241.72,60.0,1395000000.0,1215000000.0,6810501120.0,0.39,1900-01-01 13:21:12,1409,6,0.9893617021276596,1.0
2770,68850e887b3c97d19cf7917c,,True,,,,,,,,1900-01-01 13:21:12,,,,
2771,68850e897b3c97d19cf7917d,Prompt 326,True,0.74,241.72,60.0,1395000000.0,1215000000.0,6810501120.0,0.39,1900-01-01 13:21:13,1410,1,0.9893617021276596,1.0
2772,68850e897b3c97d19cf7917e,Prompt 326,True,0.74,241.72,60.0,1395000000.0,1215000000.0,6810501120.0,0.39,1900-01-01 13:21:13,1410,2,0.9893617021276596,1.0
2773,68850e8a7b3c97d19cf7917f,Prompt 326,True,0.74,241.72,60.0,1395000000.0,1215000000.0,6810501120.0,0.39,1900-01-01 13:21:14,1411,3,0.9893617021276596,1.0
2774,68850e8a7b3c97d19cf79180,Prompt 326,True,0.74,241.72,60.0,1395000000.0,1215000000.0,6810501120.0,0.39,1900-01-01 13:21:14,1411,4,0.9893617021276596,1.0
2775,68850e8a7b3c97d19cf79181,,True,,,,,,,,1900-01-01 13:21:14,,,,
2776,68850e8b7b3c97d19cf79182,Prompt 327,True,0.74,241.72,60.0,1395000000.0,1215000000.0,6810501120.0,0.39,1900-01-01 13:21:15,1412,1,0.9893617021276596,1.0
2777,68850e8b7b3c97d19cf79183,,True,,,,,,,,1900-01-01 13:21:15,,,,
2778,68850e8c7b3c97d19cf79184,Prompt 328,True,0.74,241.72,60.0,1395000000.0,1215000000.0,6810501120.0,0.39,1900-01-01 13:21:16,1413,1,0.9893617021276596,1.0
2779,68850e8c7b3c97d19cf79185,Prompt 328,True,0.74,241.72,60.0,1395000000.0,1215000000.0,6810501120.0,0.39,1900-01-01 13:21:16,1413,2,0.9893617021276596,1.0
2780,68850e8d7b3c97d19cf79186,Prompt 328,True,0.74,241.72,60.0,1395000000.0,1215000000.0,6810501120.0,0.39,1900-01-01 13:21:17,1414,3,0.9893617021276596,1.0
2781,68850e8d7b3c97d19cf79187,,True,,,,,,,,1900-01-01 13:21:16,,,,
2782,68850e8d7b3c97d19cf79188,Prompt 329,True,0.74,241.72,60.0,1395000000.0,1215000000.0,6810501120.0,0.39,1900-01-01 13:21:17,1414,1,0.9893617021276596,1.0
2783,68850e8e7b3c97d19cf79189,Prompt 329,True,0.74,241.72,60.0,1395000000.0,1215000000.0,6810501120.0,0.39,1900-01-01 13:21:18,1415,2,0.9893617021276596,1.0
2784,68850e8e7b3c97d19cf7918a,Prompt 329,True,0.74,241.72,60.0,1395000000.0,1215000000.0,6810501120.0,0.39,1900-01-01 13:21:18,1415,3,0.9893617021276596,1.0
2785,68850e8f7b3c97d19cf7918b,Prompt 329,True,0.74,241.72,60.0,1395000000.0,1215000000.0,6810501120.0,0.39,1900-01-01 13:21:19,1416,4,0.9893617021276596,1.0
2786,68850e8f7b3c97d19cf7918c,,True,,,,,,,,1900-01-01 13:21:19,,,,
2787,68850e907b3c97d19cf7918d,Prompt 330,True,0.74,241.72,60.0,1395000000.0,1215000000.0,6810501120.0,0.39,1900-01-01 13:21:20,1417,1,0.9893617021276596,1.0
2788,68850e907b3c97d19cf7918e,Prompt 330,True,0.74,241.72,60.0,1395000000.0,1215000000.0,6810501120.0,0.39,1900-01-01 13:21:20,1417,2,0.9893617021276596,1.0
2789,68850e917b3c97d19cf7918f,Prompt 330,True,0.74,241.72,60.0,1395000000.0,1215000000.0,6810501120.0,0.39,1900-01-01 13:21:21,1418,3,0.9893617021276596,1.0
2790,68850e917b3c97d19cf79190,Prompt 330,True,0.74,241.72,60.0,1395000000.0,1215000000.0,6810501120.0,0.39,1900-01-01 13:21:21,1418,4,0.9893617021276596,1.0
2791,68850e917b3c97d19cf79191,,True,,,,,,,,1900-01-01 13:21:21,,,,
2792,68850e927b3c97d19cf79192,Prompt 331,True,0.74,241.72,60.0,1395000000.0,1215000000.0,6810501120.0,0.31,1900-01-01 13:21:22,1419,1,0.9893617021276596,1.0
2793,68850e927b3c97d19cf79193,Prompt 331,True,0.62,249.09,59.0,1410000000.0,1215000000.0,6810501120.0,0.31,1900-01-01 13:21:22,1419,2,1.0,1.0
2794,68850e937b3c97d19cf79194,Prompt 331,True,0.62,249.09,59.0,1410000000.0,1215000000.0,6810501120.0,0.31,1900-01-01 13:21:23,1420,3,1.0,1.0
2795,68850e937b3c97d19cf79195,Prompt 331,True,0.62,249.09,59.0,1410000000.0,1215000000.0,6810501120.0,0.31,1900-01-01 13:21:23,1420,4,1.0,1.0
2796,68850e947b3c97d19cf79196,Prompt 331,True,0.62,249.09,59.0,1410000000.0,1215000000.0,6810501120.0,0.31,1900-01-01 13:21:24,1421,5,1.0,1.0
2797,68850e947b3c97d19cf79197,,True,,,,,,,,1900-01-01 13:21:24,,,,
2798,68850e957b3c97d19cf79198,Prompt 332,True,0.62,249.09,59.0,1410000000.0,1215000000.0,6810501120.0,0.31,1900-01-01 13:21:25,1422,1,1.0,1.0
2799,68850e957b3c97d19cf79199,Prompt 332,True,0.62,249.09,59.0,1410000000.0,1215000000.0,6810501120.0,0.31,1900-01-01 13:21:25,1422,2,1.0,1.0
2800,68850e967b3c97d19cf7919a,Prompt 332,True,0.62,249.09,59.0,1410000000.0,1215000000.0,6810501120.0,0.31,1900-01-01 13:21:26,1423,3,1.0,1.0
2801,68850e967b3c97d19cf7919b,Prompt 332,True,0.62,249.09,59.0,1410000000.0,1215000000.0,6810501120.0,0.31,1900-01-01 13:21:26,1423,4,1.0,1.0
2802,68850e977b3c97d19cf7919c,Prompt 332,True,0.62,249.09,59.0,1410000000.0,1215000000.0,6810501120.0,0.31,1900-01-01 13:21:27,1424,5,1.0,1.0
2803,68850e977b3c97d19cf7919d,,True,,,,,,,,1900-01-01 13:21:27,,,,
2804,68850e987b3c97d19cf7919e,Prompt 333,True,0.62,249.09,59.0,1410000000.0,1215000000.0,6810501120.0,0.31,1900-01-01 13:21:28,1424,1,1.0,1.0
2805,68850e987b3c97d19cf7919f,Prompt 333,True,0.62,249.09,59.0,1410000000.0,1215000000.0,6810501120.0,0.31,1900-01-01 13:21:28,1425,2,1.0,1.0
2806,68850e987b3c97d19cf791a0,Prompt 333,True,0.62,249.09,59.0,1410000000.0,1215000000.0,6810501120.0,0.31,1900-01-01 13:21:28,1425,3,1.0,1.0
2807,68850e997b3c97d19cf791a1,Prompt 333,True,0.62,249.09,59.0,1410000000.0,1215000000.0,6810501120.0,0.31,1900-01-01 13:21:29,1426,4,1.0,1.0
2808,68850e9a7b3c97d19cf791a2,Prompt 333,True,0.62,249.09,59.0,1410000000.0,1215000000.0,6810501120.0,0.31,1900-01-01 13:21:30,1427,5,1.0,1.0
2809,68850e9a7b3c97d19cf791a3,Prompt 333,True,0.62,249.09,59.0,1410000000.0,1215000000.0,6810501120.0,0.31,1900-01-01 13:21:30,1427,6,1.0,1.0
2810,68850e9b7b3c97d19cf791a4,Prompt 333,True,0.62,249.09,59.0,1410000000.0,1215000000.0,6810501120.0,0.31,1900-01-01 13:21:31,1428,7,1.0,1.0
2811,68850e9c7b3c97d19cf791a5,Prompt 333,True,0.62,249.09,59.0,1410000000.0,1215000000.0,6810501120.0,0.31,1900-01-01 13:21:32,1429,8,1.0,1.0
2812,68850e9c7b3c97d19cf791a6,,True,,,,,,,,1900-01-01 13:21:32,,,,
2813,68850e9e7b3c97d19cf791a7,Prompt 334,True,0.62,249.09,59.0,1410000000.0,1215000000.0,6810501120.0,0.31,1900-01-01 13:21:34,1431,1,1.0,1.0
2814,68850ea07b3c97d19cf791a8,Prompt 334,True,0.62,249.09,59.0,1410000000.0,1215000000.0,6810501120.0,0.31,1900-01-01 13:21:36,1433,2,1.0,1.0
2815,68850ea07b3c97d19cf791a9,Prompt 334,True,0.62,249.09,59.0,1410000000.0,1215000000.0,6810501120.0,0.31,1900-01-01 13:21:36,1433,3,1.0,1.0
2816,68850ea17b3c97d19cf791aa,Prompt 334,True,0.62,249.09,59.0,1410000000.0,1215000000.0,6810501120.0,0.38,1900-01-01 13:21:37,1434,4,1.0,1.0
2817,68850ea17b3c97d19cf791ab,Prompt 334,True,0.75,236.23,61.0,1410000000.0,1215000000.0,6810501120.0,0.38,1900-01-01 13:21:37,1434,5,1.0,1.0
2818,68850ea17b3c97d19cf791ac,,True,,,,,,,,1900-01-01 13:21:37,,,,
2819,68850ea27b3c97d19cf791ad,Prompt 335,True,0.75,236.23,61.0,1410000000.0,1215000000.0,6810501120.0,0.38,1900-01-01 13:21:38,1435,1,1.0,1.0
2820,68850ea37b3c97d19cf791ae,Prompt 335,True,0.75,236.23,61.0,1410000000.0,1215000000.0,6810501120.0,0.38,1900-01-01 13:21:39,1436,2,1.0,1.0
2821,68850ea37b3c97d19cf791af,,True,,,,,,,,1900-01-01 13:21:39,,,,
2822,68850ea37b3c97d19cf791b0,Prompt 336,True,0.75,236.23,61.0,1410000000.0,1215000000.0,6810501120.0,0.38,1900-01-01 13:21:39,1436,1,1.0,1.0
2823,68850ea37b3c97d19cf791b1,,True,,,,,,,,1900-01-01 13:21:39,,,,
2824,68850ea47b3c97d19cf791b2,Prompt 337,True,0.75,236.23,61.0,1410000000.0,1215000000.0,6810501120.0,0.38,1900-01-01 13:21:40,1437,1,1.0,1.0
2825,68850ea57b3c97d19cf791b3,Prompt 337,True,0.75,236.23,61.0,1410000000.0,1215000000.0,6810501120.0,0.38,1900-01-01 13:21:41,1437,2,1.0,1.0
2826,68850ea57b3c97d19cf791b4,,True,,,,,,,,1900-01-01 13:21:40,,,,
2827,68850ea57b3c97d19cf791b5,Prompt 338,True,0.75,236.23,61.0,1410000000.0,1215000000.0,6810501120.0,0.38,1900-01-01 13:21:41,1438,1,1.0,1.0
2828,68850ea57b3c97d19cf791b6,,True,,,,,,,,1900-01-01 13:21:41,,,,
2829,68850ea67b3c97d19cf791b7,Prompt 339,True,0.75,236.23,61.0,1410000000.0,1215000000.0,6810501120.0,0.38,1900-01-01 13:21:42,1439,1,1.0,1.0
2830,68850ea67b3c97d19cf791b8,,True,,,,,,,,1900-01-01 13:21:42,,,,
2831,68850ea67b3c97d19cf791b9,Prompt 340,True,0.75,236.23,61.0,1410000000.0,1215000000.0,6810501120.0,0.38,1900-01-01 13:21:42,1439,1,1.0,1.0
2832,68850ea77b3c97d19cf791ba,Prompt 340,True,0.75,236.23,61.0,1410000000.0,1215000000.0,6810501120.0,0.38,1900-01-01 13:21:43,1440,2,1.0,1.0
2833,68850ea77b3c97d19cf791bb,,True,,,,,,,,1900-01-01 13:21:43,,,,
2834,68850ea77b3c97d19cf791bc,Prompt 341,True,0.75,236.23,61.0,1410000000.0,1215000000.0,6810501120.0,0.38,1900-01-01 13:21:43,1440,1,1.0,1.0
2835,68850ea77b3c97d19cf791bd,,True,,,,,,,,1900-01-01 13:21:43,,,,
2836,68850ea87b3c97d19cf791be,Prompt 342,True,0.75,236.23,61.0,1410000000.0,1215000000.0,6810501120.0,0.38,1900-01-01 13:21:44,1441,1,1.0,1.0
2837,68850ea87b3c97d19cf791bf,,True,,,,,,,,1900-01-01 13:21:44,,,,
2838,68850ea97b3c97d19cf791c0,Prompt 343,True,0.75,236.23,61.0,1410000000.0,1215000000.0,6810501120.0,0.38,1900-01-01 13:21:45,1442,1,1.0,1.0
2839,68850ea97b3c97d19cf791c1,,True,,,,,,,,1900-01-01 13:21:44,,,,
2840,68850ea97b3c97d19cf791c2,Prompt 344,True,0.75,236.23,61.0,1410000000.0,1215000000.0,6810501120.0,0.38,1900-01-01 13:21:45,1442,1,1.0,1.0
2841,68850eaa7b3c97d19cf791c3,Prompt 344,True,0.75,236.23,61.0,1410000000.0,1215000000.0,6810501120.0,0.38,1900-01-01 13:21:46,1443,2,1.0,1.0
2842,68850eaa7b3c97d19cf791c4,Prompt 344,True,0.75,236.23,61.0,1410000000.0,1215000000.0,6810501120.0,0.38,1900-01-01 13:21:46,1443,3,1.0,1.0
2843,68850eab7b3c97d19cf791c5,Prompt 344,True,0.75,236.23,61.0,1410000000.0,1215000000.0,6810501120.0,0.38,1900-01-01 13:21:47,1444,4,1.0,1.0
2844,68850eab7b3c97d19cf791c6,,True,,,,,,,,1900-01-01 13:21:47,,,,
2845,68850eac7b3c97d19cf791c7,Prompt 345,True,0.75,236.23,61.0,1410000000.0,1215000000.0,6810501120.0,0.38,1900-01-01 13:21:48,1444,1,1.0,1.0
2846,68850eac7b3c97d19cf791c8,Prompt 345,True,0.75,236.23,61.0,1410000000.0,1215000000.0,6810501120.0,0.38,1900-01-01 13:21:48,1445,2,1.0,1.0
2847,68850ead7b3c97d19cf791c9,Prompt 345,True,0.75,236.23,61.0,1410000000.0,1215000000.0,6810501120.0,0.38,1900-01-01 13:21:49,1446,3,1.0,1.0
2848,68850ead7b3c97d19cf791ca,,True,,,,,,,,1900-01-01 13:21:49,,,,
2849,68850ead7b3c97d19cf791cb,Prompt 346,True,0.75,236.23,61.0,1410000000.0,1215000000.0,6810501120.0,0.38,1900-01-01 13:21:49,1446,1,1.0,1.0
2850,68850eae7b3c97d19cf791cc,Prompt 346,True,0.75,236.23,61.0,1410000000.0,1215000000.0,6810501120.0,0.38,1900-01-01 13:21:50,1447,2,1.0,1.0
2851,68850eaf7b3c97d19cf791cd,Prompt 346,True,0.75,236.23,61.0,1410000000.0,1215000000.0,6810501120.0,0.38,1900-01-01 13:21:51,1448,3,1.0,1.0
2852,68850eaf7b3c97d19cf791ce,Prompt 346,True,0.75,236.23,61.0,1410000000.0,1215000000.0,6810501120.0,0.38,1900-01-01 13:21:51,1448,4,1.0,1.0
2853,68850eb07b3c97d19cf791cf,Prompt 346,True,0.75,236.23,61.0,1410000000.0,1215000000.0,6810501120.0,0.4,1900-01-01 13:21:52,1449,5,1.0,1.0
2854,68850eb07b3c97d19cf791d0,Prompt 346,True,0.78,245.02,60.0,1395000000.0,1215000000.0,6810501120.0,0.4,1900-01-01 13:21:52,1449,6,0.9893617021276596,1.0
2855,68850eb17b3c97d19cf791d1,Prompt 346,True,0.78,245.02,60.0,1395000000.0,1215000000.0,6810501120.0,0.4,1900-01-01 13:21:53,1450,7,0.9893617021276596,1.0
2856,68850eb17b3c97d19cf791d2,,True,,,,,,,,1900-01-01 13:21:53,,,,
2857,68850eb27b3c97d19cf791d3,Prompt 347,True,0.78,245.02,60.0,1395000000.0,1215000000.0,6810501120.0,0.4,1900-01-01 13:21:54,1451,1,0.9893617021276596,1.0
2858,68850eb27b3c97d19cf791d4,Prompt 347,True,0.78,245.02,60.0,1395000000.0,1215000000.0,6810501120.0,0.4,1900-01-01 13:21:54,1451,2,0.9893617021276596,1.0
2859,68850eb37b3c97d19cf791d5,Prompt 347,True,0.78,245.02,60.0,1395000000.0,1215000000.0,6810501120.0,0.4,1900-01-01 13:21:55,1452,3,0.9893617021276596,1.0
2860,68850eb37b3c97d19cf791d6,Prompt 347,True,0.78,245.02,60.0,1395000000.0,1215000000.0,6810501120.0,0.4,1900-01-01 13:21:55,1452,4,0.9893617021276596,1.0
2861,68850eb47b3c97d19cf791d7,Prompt 347,True,0.78,245.02,60.0,1395000000.0,1215000000.0,6810501120.0,0.4,1900-01-01 13:21:56,1453,5,0.9893617021276596,1.0
2862,68850eb47b3c97d19cf791d8,Prompt 347,True,0.78,245.02,60.0,1395000000.0,1215000000.0,6810501120.0,0.4,1900-01-01 13:21:56,1453,6,0.9893617021276596,1.0
2863,68850eb47b3c97d19cf791d9,,True,,,,,,,,1900-01-01 13:21:56,,,,
2864,68850eb57b3c97d19cf791da,Prompt 348,True,0.78,245.02,60.0,1395000000.0,1215000000.0,6810501120.0,0.4,1900-01-01 13:21:57,1454,1,0.9893617021276596,1.0
2865,68850eb67b3c97d19cf791db,Prompt 348,True,0.78,245.02,60.0,1395000000.0,1215000000.0,6810501120.0,0.4,1900-01-01 13:21:58,1454,2,0.9893617021276596,1.0
2866,68850eb67b3c97d19cf791dc,Prompt 348,True,0.78,245.02,60.0,1395000000.0,1215000000.0,6810501120.0,0.4,1900-01-01 13:21:58,1455,3,0.9893617021276596,1.0
2867,68850eb67b3c97d19cf791dd,,True,,,,,,,,1900-01-01 13:21:58,,,,
2868,68850eb77b3c97d19cf791de,Prompt 349,True,0.78,245.02,60.0,1395000000.0,1215000000.0,6810501120.0,0.4,1900-01-01 13:21:59,1456,1,0.9893617021276596,1.0
2869,68850eb77b3c97d19cf791df,Prompt 349,True,0.78,245.02,60.0,1395000000.0,1215000000.0,6810501120.0,0.4,1900-01-01 13:21:59,1456,2,0.9893617021276596,1.0
2870,68850eb77b3c97d19cf791e0,,True,,,,,,,,1900-01-01 13:21:59,,,,
2871,68850eb87b3c97d19cf791e1,Prompt 350,True,0.78,245.02,60.0,1395000000.0,1215000000.0,6810501120.0,0.4,1900-01-01 13:22:00,1457,1,0.9893617021276596,1.0
2872,68850eb87b3c97d19cf791e2,Prompt 350,True,0.78,245.02,60.0,1395000000.0,1215000000.0,6810501120.0,0.4,1900-01-01 13:22:00,1457,2,0.9893617021276596,1.0
2873,68850eb97b3c97d19cf791e3,Prompt 350,True,0.78,245.02,60.0,1395000000.0,1215000000.0,6810501120.0,0.4,1900-01-01 13:22:01,1458,3,0.9893617021276596,1.0
2874,68850eba7b3c97d19cf791e4,Prompt 350,True,0.78,245.02,60.0,1395000000.0,1215000000.0,6810501120.0,0.4,1900-01-01 13:22:02,1458,4,0.9893617021276596,1.0
2875,68850eba7b3c97d19cf791e5,Prompt 350,True,0.78,245.02,60.0,1395000000.0,1215000000.0,6810501120.0,0.4,1900-01-01 13:22:02,1459,5,0.9893617021276596,1.0
2876,68850eba7b3c97d19cf791e6,,True,,,,,,,,1900-01-01 13:22:02,,,,
2877,68850ebb7b3c97d19cf791e7,Prompt 351,True,0.78,245.02,60.0,1395000000.0,1215000000.0,6810501120.0,0.4,1900-01-01 13:22:03,1460,1,0.9893617021276596,1.0
2878,68850ebb7b3c97d19cf791e8,Prompt 351,True,0.78,245.02,60.0,1395000000.0,1215000000.0,6810501120.0,0.4,1900-01-01 13:22:03,1460,2,0.9893617021276596,1.0
2879,68850ebc7b3c97d19cf791e9,Prompt 351,True,0.78,245.02,60.0,1395000000.0,1215000000.0,6810501120.0,0.4,1900-01-01 13:22:04,1461,3,0.9893617021276596,1.0
2880,68850ebd7b3c97d19cf791ea,Prompt 351,True,0.78,245.02,60.0,1395000000.0,1215000000.0,6810501120.0,0.4,1900-01-01 13:22:05,1462,4,0.9893617021276596,1.0
2881,68850ebd7b3c97d19cf791eb,,True,,,,,,,,1900-01-01 13:22:04,,,,
2882,68850ebe7b3c97d19cf791ec,Prompt 352,True,0.78,245.02,60.0,1395000000.0,1215000000.0,6810501120.0,0.4,1900-01-01 13:22:06,1462,1,0.9893617021276596,1.0
2883,68850ebe7b3c97d19cf791ed,Prompt 352,True,0.78,245.02,60.0,1395000000.0,1215000000.0,6810501120.0,0.4,1900-01-01 13:22:06,1463,2,0.9893617021276596,1.0
2884,68850ebf7b3c97d19cf791ee,Prompt 352,True,0.78,245.02,60.0,1395000000.0,1215000000.0,6810501120.0,0.4,1900-01-01 13:22:07,1464,3,0.9893617021276596,1.0
2885,68850ebf7b3c97d19cf791ef,Prompt 352,True,0.78,245.02,60.0,1410000000.0,1215000000.0,6810501120.0,0.39,1900-01-01 13:22:07,1464,4,1.0,1.0
2886,68850ec07b3c97d19cf791f0,Prompt 352,True,0.75,238.77,60.0,1410000000.0,1215000000.0,6810501120.0,0.39,1900-01-01 13:22:08,1465,5,1.0,1.0
2887,68850ec07b3c97d19cf791f1,,True,,,,,,,,1900-01-01 13:22:07,,,,
2888,68850ec07b3c97d19cf791f2,Prompt 353,True,0.75,238.77,60.0,1410000000.0,1215000000.0,6810501120.0,0.39,1900-01-01 13:22:08,1465,1,1.0,1.0
2889,68850ec17b3c97d19cf791f3,Prompt 353,True,0.75,238.77,60.0,1410000000.0,1215000000.0,6810501120.0,0.39,1900-01-01 13:22:09,1466,2,1.0,1.0
2890,68850ec17b3c97d19cf791f4,Prompt 353,True,0.75,238.77,60.0,1410000000.0,1215000000.0,6810501120.0,0.39,1900-01-01 13:22:09,1466,3,1.0,1.0
2891,68850ec27b3c97d19cf791f5,Prompt 353,True,0.75,238.77,60.0,1410000000.0,1215000000.0,6810501120.0,0.39,1900-01-01 13:22:10,1467,4,1.0,1.0
2892,68850ec27b3c97d19cf791f6,,True,,,,,,,,1900-01-01 13:22:10,,,,
2893,68850ec37b3c97d19cf791f7,Prompt 354,True,0.75,238.77,60.0,1410000000.0,1215000000.0,6810501120.0,0.39,1900-01-01 13:22:11,1468,1,1.0,1.0
2894,68850ec37b3c97d19cf791f8,Prompt 354,True,0.75,238.77,60.0,1410000000.0,1215000000.0,6810501120.0,0.39,1900-01-01 13:22:11,1468,2,1.0,1.0
2895,68850ec47b3c97d19cf791f9,Prompt 354,True,0.75,238.77,60.0,1410000000.0,1215000000.0,6810501120.0,0.39,1900-01-01 13:22:12,1469,3,1.0,1.0
2896,68850ec47b3c97d19cf791fa,Prompt 354,True,0.75,238.77,60.0,1410000000.0,1215000000.0,6810501120.0,0.39,1900-01-01 13:22:12,1469,4,1.0,1.0
2897,68850ec57b3c97d19cf791fb,Prompt 354,True,0.75,238.77,60.0,1410000000.0,1215000000.0,6810501120.0,0.39,1900-01-01 13:22:13,1470,5,1.0,1.0
2898,68850ec57b3c97d19cf791fc,Prompt 354,True,0.75,238.77,60.0,1410000000.0,1215000000.0,6810501120.0,0.39,1900-01-01 13:22:13,1470,6,1.0,1.0
2899,68850ec67b3c97d19cf791fd,Prompt 354,True,0.75,238.77,60.0,1410000000.0,1215000000.0,6810501120.0,0.39,1900-01-01 13:22:14,1471,7,1.0,1.0
2900,68850ec67b3c97d19cf791fe,,True,,,,,,,,1900-01-01 13:22:14,,,,
2901,68850ec67b3c97d19cf791ff,Prompt 355,True,0.75,238.77,60.0,1410000000.0,1215000000.0,6810501120.0,0.39,1900-01-01 13:22:14,1471,1,1.0,1.0
2902,68850ec77b3c97d19cf79200,Prompt 355,True,0.75,238.77,60.0,1410000000.0,1215000000.0,6810501120.0,0.39,1900-01-01 13:22:15,1472,2,1.0,1.0
2903,68850ec87b3c97d19cf79201,Prompt 355,True,0.75,238.77,60.0,1410000000.0,1215000000.0,6810501120.0,0.39,1900-01-01 13:22:16,1472,3,1.0,1.0
2904,68850ec87b3c97d19cf79202,Prompt 355,True,0.75,238.77,60.0,1410000000.0,1215000000.0,6810501120.0,0.39,1900-01-01 13:22:16,1473,4,1.0,1.0
2905,68850ec97b3c97d19cf79203,Prompt 355,True,0.75,238.77,60.0,1410000000.0,1215000000.0,6810501120.0,0.39,1900-01-01 13:22:17,1474,5,1.0,1.0
2906,68850ec97b3c97d19cf79204,Prompt 355,True,0.75,238.77,60.0,1410000000.0,1215000000.0,6810501120.0,0.39,1900-01-01 13:22:17,1474,6,1.0,1.0
2907,68850ec97b3c97d19cf79205,,True,,,,,,,,1900-01-01 13:22:17,,,,
2908,68850eca7b3c97d19cf79206,Prompt 356,True,0.75,238.77,60.0,1410000000.0,1215000000.0,6810501120.0,0.39,1900-01-01 13:22:18,1475,1,1.0,1.0
2909,68850eca7b3c97d19cf79207,Prompt 356,True,0.75,238.77,60.0,1410000000.0,1215000000.0,6810501120.0,0.39,1900-01-01 13:22:18,1475,2,1.0,1.0
2910,68850ecb7b3c97d19cf79208,Prompt 356,True,0.75,238.77,60.0,1410000000.0,1215000000.0,6810501120.0,0.39,1900-01-01 13:22:19,1476,3,1.0,1.0
2911,68850ecb7b3c97d19cf79209,,True,,,,,,,,1900-01-01 13:22:19,,,,
2912,68850ecc7b3c97d19cf7920a,Prompt 357,True,0.75,238.77,60.0,1410000000.0,1215000000.0,6810501120.0,0.39,1900-01-01 13:22:20,1477,1,1.0,1.0
2913,68850ecd7b3c97d19cf7920b,Prompt 357,True,0.75,238.77,60.0,1410000000.0,1215000000.0,6810501120.0,0.39,1900-01-01 13:22:21,1477,2,1.0,1.0
2914,68850ecd7b3c97d19cf7920c,,True,,,,,,,,1900-01-01 13:22:20,,,,
2915,68850ecd7b3c97d19cf7920d,Prompt 358,True,0.75,238.77,60.0,1410000000.0,1215000000.0,6810501120.0,0.39,1900-01-01 13:22:21,1478,1,1.0,1.0
2916,68850ecd7b3c97d19cf7920e,,True,,,,,,,,1900-01-01 13:22:21,,,,
2917,68850ece7b3c97d19cf7920f,Prompt 359,True,0.75,238.77,60.0,1410000000.0,1215000000.0,6810501120.0,0.39,1900-01-01 13:22:22,1479,1,1.0,1.0
2918,68850ece7b3c97d19cf79210,Prompt 359,True,0.75,236.77,59.0,1395000000.0,1215000000.0,6810501120.0,0.4,1900-01-01 13:22:22,1479,2,0.9893617021276596,1.0
2919,68850ece7b3c97d19cf79211,,True,,,,,,,,1900-01-01 13:22:22,,,,
2920,68850ecf7b3c97d19cf79212,Prompt 360,True,0.75,236.77,59.0,1395000000.0,1215000000.0,6810501120.0,0.4,1900-01-01 13:22:23,1480,1,0.9893617021276596,1.0
2921,68850ed07b3c97d19cf79213,Prompt 360,True,0.75,236.77,59.0,1395000000.0,1215000000.0,6810501120.0,0.4,1900-01-01 13:22:24,1481,2,0.9893617021276596,1.0
2922,68850ed07b3c97d19cf79214,,True,,,,,,,,1900-01-01 13:22:23,,,,
2923,68850ed07b3c97d19cf79215,Prompt 361,True,0.75,236.77,59.0,1395000000.0,1215000000.0,6810501120.0,0.4,1900-01-01 13:22:24,1481,1,0.9893617021276596,1.0
2924,68850ed17b3c97d19cf79216,Prompt 361,True,0.75,236.77,59.0,1395000000.0,1215000000.0,6810501120.0,0.4,1900-01-01 13:22:25,1482,2,0.9893617021276596,1.0
2925,68850ed17b3c97d19cf79217,Prompt 361,True,0.75,236.77,59.0,1395000000.0,1215000000.0,6810501120.0,0.4,1900-01-01 13:22:25,1482,3,0.9893617021276596,1.0
2926,68850ed27b3c97d19cf79218,Prompt 361,True,0.75,236.77,59.0,1395000000.0,1215000000.0,6810501120.0,0.4,1900-01-01 13:22:26,1483,4,0.9893617021276596,1.0
2927,68850ed27b3c97d19cf79219,,True,,,,,,,,1900-01-01 13:22:26,,,,
2928,68850ed27b3c97d19cf7921a,Prompt 362,True,0.75,236.77,59.0,1395000000.0,1215000000.0,6810501120.0,0.4,1900-01-01 13:22:26,1483,1,0.9893617021276596,1.0
2929,68850ed37b3c97d19cf7921b,Prompt 362,True,0.75,236.77,59.0,1395000000.0,1215000000.0,6810501120.0,0.4,1900-01-01 13:22:27,1484,2,0.9893617021276596,1.0
2930,68850ed37b3c97d19cf7921c,Prompt 362,True,0.75,236.77,59.0,1395000000.0,1215000000.0,6810501120.0,0.4,1900-01-01 13:22:27,1484,3,0.9893617021276596,1.0
2931,68850ed47b3c97d19cf7921d,Prompt 362,True,0.75,236.77,59.0,1395000000.0,1215000000.0,6810501120.0,0.4,1900-01-01 13:22:28,1485,4,0.9893617021276596,1.0
2932,68850ed47b3c97d19cf7921e,,True,,,,,,,,1900-01-01 13:22:28,,,,
2933,68850ed57b3c97d19cf7921f,Prompt 363,True,0.75,236.77,59.0,1395000000.0,1215000000.0,6810501120.0,0.4,1900-01-01 13:22:29,1486,1,0.9893617021276596,1.0
2934,68850ed57b3c97d19cf79220,Prompt 363,True,0.75,236.77,59.0,1395000000.0,1215000000.0,6810501120.0,0.4,1900-01-01 13:22:29,1486,2,0.9893617021276596,1.0
2935,68850ed67b3c97d19cf79221,Prompt 363,True,0.75,236.77,59.0,1395000000.0,1215000000.0,6810501120.0,0.4,1900-01-01 13:22:30,1487,3,0.9893617021276596,1.0
2936,68850ed67b3c97d19cf79222,Prompt 363,True,0.75,236.77,59.0,1395000000.0,1215000000.0,6810501120.0,0.4,1900-01-01 13:22:30,1487,4,0.9893617021276596,1.0
2937,68850ed67b3c97d19cf79223,,True,,,,,,,,1900-01-01 13:22:30,,,,
2938,68850ed77b3c97d19cf79224,Prompt 364,True,0.75,236.77,59.0,1395000000.0,1215000000.0,6810501120.0,0.4,1900-01-01 13:22:31,1488,1,0.9893617021276596,1.0
2939,68850ed77b3c97d19cf79225,Prompt 364,True,0.75,236.77,59.0,1395000000.0,1215000000.0,6810501120.0,0.4,1900-01-01 13:22:31,1488,2,0.9893617021276596,1.0
2940,68850ed87b3c97d19cf79226,Prompt 364,True,0.75,236.77,59.0,1395000000.0,1215000000.0,6810501120.0,0.4,1900-01-01 13:22:32,1489,3,0.9893617021276596,1.0
2941,68850ed97b3c97d19cf79227,Prompt 364,True,0.75,236.77,59.0,1395000000.0,1215000000.0,6810501120.0,0.4,1900-01-01 13:22:33,1490,4,0.9893617021276596,1.0
2942,68850ed97b3c97d19cf79228,Prompt 364,True,0.75,236.77,59.0,1395000000.0,1215000000.0,6810501120.0,0.4,1900-01-01 13:22:33,1490,5,0.9893617021276596,1.0
2943,68850eda7b3c97d19cf79229,Prompt 364,True,0.75,236.77,59.0,1395000000.0,1215000000.0,6810501120.0,0.4,1900-01-01 13:22:34,1491,6,0.9893617021276596,1.0
2944,68850eda7b3c97d19cf7922a,Prompt 364,True,0.75,236.77,59.0,1395000000.0,1215000000.0,6810501120.0,0.4,1900-01-01 13:22:34,1491,7,0.9893617021276596,1.0
2945,68850edb7b3c97d19cf7922b,Prompt 364,True,0.75,236.77,59.0,1395000000.0,1215000000.0,6810501120.0,0.4,1900-01-01 13:22:35,1492,8,0.9893617021276596,1.0
2946,68850edb7b3c97d19cf7922c,Prompt 364,True,0.75,236.77,59.0,1395000000.0,1215000000.0,6810501120.0,0.4,1900-01-01 13:22:35,1492,9,0.9893617021276596,1.0
2947,68850edc7b3c97d19cf7922d,Prompt 364,True,0.75,236.77,59.0,1395000000.0,1215000000.0,6810501120.0,0.4,1900-01-01 13:22:36,1493,10,0.9893617021276596,1.0
2948,68850edc7b3c97d19cf7922e,,True,,,,,,,,1900-01-01 13:22:36,,,,
2949,68850edd7b3c97d19cf7922f,Prompt 365,True,0.75,236.77,59.0,1395000000.0,1215000000.0,6810501120.0,0.4,1900-01-01 13:22:37,1493,1,0.9893617021276596,1.0
2950,68850edd7b3c97d19cf79230,Prompt 365,True,0.75,236.77,59.0,1395000000.0,1215000000.0,6810501120.0,0.39,1900-01-01 13:22:37,1494,2,0.9893617021276596,1.0
2951,68850ede7b3c97d19cf79231,Prompt 365,True,0.74,235.15,60.0,1395000000.0,1215000000.0,6810501120.0,0.39,1900-01-01 13:22:38,1495,3,0.9893617021276596,1.0
2952,68850ede7b3c97d19cf79232,Prompt 365,True,0.74,235.15,60.0,1395000000.0,1215000000.0,6810501120.0,0.39,1900-01-01 13:22:38,1495,4,0.9893617021276596,1.0
2953,68850edf7b3c97d19cf79233,Prompt 365,True,0.74,235.15,60.0,1395000000.0,1215000000.0,6810501120.0,0.39,1900-01-01 13:22:39,1496,5,0.9893617021276596,1.0
2954,68850edf7b3c97d19cf79234,Prompt 365,True,0.74,235.15,60.0,1395000000.0,1215000000.0,6810501120.0,0.39,1900-01-01 13:22:39,1496,6,0.9893617021276596,1.0
2955,68850ee07b3c97d19cf79235,Prompt 365,True,0.74,235.15,60.0,1395000000.0,1215000000.0,6810501120.0,0.39,1900-01-01 13:22:40,1497,7,0.9893617021276596,1.0
2956,68850ee07b3c97d19cf79236,,True,,,,,,,,1900-01-01 13:22:40,,,,
2957,68850ee17b3c97d19cf79237,Prompt 366,True,0.74,235.15,60.0,1395000000.0,1215000000.0,6810501120.0,0.39,1900-01-01 13:22:41,1497,1,0.9893617021276596,1.0
2958,68850ee17b3c97d19cf79238,Prompt 366,True,0.74,235.15,60.0,1395000000.0,1215000000.0,6810501120.0,0.39,1900-01-01 13:22:41,1498,2,0.9893617021276596,1.0
2959,68850ee27b3c97d19cf79239,Prompt 366,True,0.74,235.15,60.0,1395000000.0,1215000000.0,6810501120.0,0.39,1900-01-01 13:22:42,1499,3,0.9893617021276596,1.0
2960,68850ee27b3c97d19cf7923a,Prompt 366,True,0.74,235.15,60.0,1395000000.0,1215000000.0,6810501120.0,0.39,1900-01-01 13:22:42,1499,4,0.9893617021276596,1.0
2961,68850ee37b3c97d19cf7923b,Prompt 366,True,0.74,235.15,60.0,1395000000.0,1215000000.0,6810501120.0,0.39,1900-01-01 13:22:43,1500,5,0.9893617021276596,1.0
2962,68850ee37b3c97d19cf7923c,Prompt 366,True,0.74,235.15,60.0,1395000000.0,1215000000.0,6810501120.0,0.39,1900-01-01 13:22:43,1500,6,0.9893617021276596,1.0
2963,68850ee47b3c97d19cf7923d,Prompt 366,True,0.74,235.15,60.0,1395000000.0,1215000000.0,6810501120.0,0.39,1900-01-01 13:22:44,1501,7,0.9893617021276596,1.0
2964,68850ee47b3c97d19cf7923e,Prompt 366,True,0.74,235.15,60.0,1395000000.0,1215000000.0,6810501120.0,0.39,1900-01-01 13:22:44,1501,8,0.9893617021276596,1.0
2965,68850ee57b3c97d19cf7923f,Prompt 366,True,0.74,235.15,60.0,1395000000.0,1215000000.0,6810501120.0,0.39,1900-01-01 13:22:45,1502,9,0.9893617021276596,1.0
2966,68850ee57b3c97d19cf79240,Prompt 366,True,0.74,235.15,60.0,1395000000.0,1215000000.0,6810501120.0,0.39,1900-01-01 13:22:45,1502,10,0.9893617021276596,1.0
2967,68850ee57b3c97d19cf79241,,True,,,,,,,,1900-01-01 13:22:45,,,,
2968,68850ee67b3c97d19cf79242,Prompt 367,True,0.74,235.15,60.0,1395000000.0,1215000000.0,6810501120.0,0.39,1900-01-01 13:22:46,1503,1,0.9893617021276596,1.0
2969,68850ee77b3c97d19cf79243,Prompt 367,True,0.74,235.15,60.0,1395000000.0,1215000000.0,6810501120.0,0.39,1900-01-01 13:22:47,1503,2,0.9893617021276596,1.0
2970,68850ee77b3c97d19cf79244,Prompt 367,True,0.74,235.15,60.0,1395000000.0,1215000000.0,6810501120.0,0.39,1900-01-01 13:22:47,1504,3,0.9893617021276596,1.0
2971,68850ee87b3c97d19cf79245,Prompt 367,True,0.74,235.15,60.0,1395000000.0,1215000000.0,6810501120.0,0.39,1900-01-01 13:22:48,1505,4,0.9893617021276596,1.0
2972,68850ee87b3c97d19cf79246,Prompt 367,True,0.74,235.15,60.0,1395000000.0,1215000000.0,6810501120.0,0.39,1900-01-01 13:22:48,1505,5,0.9893617021276596,1.0
2973,68850ee97b3c97d19cf79247,Prompt 367,True,0.74,235.15,60.0,1395000000.0,1215000000.0,6810501120.0,0.39,1900-01-01 13:22:49,1506,6,0.9893617021276596,1.0
2974,68850ee97b3c97d19cf79248,,True,,,,,,,,1900-01-01 13:22:48,,,,
2975,68850eea7b3c97d19cf79249,Prompt 368,True,0.74,235.15,60.0,1395000000.0,1215000000.0,6810501120.0,0.39,1900-01-01 13:22:50,1507,1,0.9893617021276596,1.0
2976,68850eea7b3c97d19cf7924a,Prompt 368,True,0.74,235.15,60.0,1395000000.0,1215000000.0,6810501120.0,0.39,1900-01-01 13:22:50,1507,2,0.9893617021276596,1.0
2977,68850eeb7b3c97d19cf7924b,Prompt 368,True,0.74,235.15,60.0,1395000000.0,1215000000.0,6810501120.0,0.39,1900-01-01 13:22:51,1508,3,0.9893617021276596,1.0
2978,68850eeb7b3c97d19cf7924c,Prompt 368,True,0.74,235.15,60.0,1395000000.0,1215000000.0,6810501120.0,0.39,1900-01-01 13:22:51,1508,4,0.9893617021276596,1.0
2979,68850eec7b3c97d19cf7924d,Prompt 368,True,0.74,235.15,60.0,1395000000.0,1215000000.0,6810501120.0,0.39,1900-01-01 13:22:52,1509,5,0.9893617021276596,1.0
2980,68850eec7b3c97d19cf7924e,Prompt 368,True,0.74,240.87,61.0,1410000000.0,1215000000.0,6810501120.0,0.39,1900-01-01 13:22:52,1509,6,1.0,1.0
2981,68850eed7b3c97d19cf7924f,Prompt 368,True,0.77,240.87,61.0,1410000000.0,1215000000.0,6810501120.0,0.39,1900-01-01 13:22:53,1510,7,1.0,1.0
2982,68850eed7b3c97d19cf79250,Prompt 368,True,0.77,240.87,61.0,1410000000.0,1215000000.0,6810501120.0,0.39,1900-01-01 13:22:53,1510,8,1.0,1.0
2983,68850eed7b3c97d19cf79251,,True,,,,,,,,1900-01-01 13:22:53,,,,
2984,68850eee7b3c97d19cf79252,Prompt 369,True,0.77,240.87,61.0,1410000000.0,1215000000.0,6810501120.0,0.39,1900-01-01 13:22:54,1511,1,1.0,1.0
2985,68850eef7b3c97d19cf79253,Prompt 369,True,0.77,240.87,61.0,1410000000.0,1215000000.0,6810501120.0,0.39,1900-01-01 13:22:55,1512,2,1.0,1.0
2986,68850eef7b3c97d19cf79254,Prompt 369,True,0.77,240.87,61.0,1410000000.0,1215000000.0,6810501120.0,0.39,1900-01-01 13:22:55,1512,3,1.0,1.0
2987,68850ef07b3c97d19cf79255,Prompt 369,True,0.77,240.87,61.0,1410000000.0,1215000000.0,6810501120.0,0.39,1900-01-01 13:22:56,1513,4,1.0,1.0
2988,68850ef07b3c97d19cf79256,Prompt 369,True,0.77,240.87,61.0,1410000000.0,1215000000.0,6810501120.0,0.39,1900-01-01 13:22:56,1513,5,1.0,1.0
2989,68850ef17b3c97d19cf79257,Prompt 369,True,0.77,240.87,61.0,1410000000.0,1215000000.0,6810501120.0,0.39,1900-01-01 13:22:57,1514,6,1.0,1.0
2990,68850ef17b3c97d19cf79258,Prompt 369,True,0.77,240.87,61.0,1410000000.0,1215000000.0,6810501120.0,0.39,1900-01-01 13:22:57,1514,7,1.0,1.0
2991,68850ef17b3c97d19cf79259,,True,,,,,,,,1900-01-01 13:22:57,,,,
2992,68850ef27b3c97d19cf7925a,Prompt 370,True,0.77,240.87,61.0,1410000000.0,1215000000.0,6810501120.0,0.39,1900-01-01 13:22:58,1515,1,1.0,1.0
2993,68850ef37b3c97d19cf7925b,Prompt 370,True,0.77,240.87,61.0,1410000000.0,1215000000.0,6810501120.0,0.39,1900-01-01 13:22:59,1515,2,1.0,1.0
2994,68850ef37b3c97d19cf7925c,Prompt 370,True,0.77,240.87,61.0,1410000000.0,1215000000.0,6810501120.0,0.39,1900-01-01 13:22:59,1516,3,1.0,1.0
2995,68850ef47b3c97d19cf7925d,Prompt 370,True,0.77,240.87,61.0,1410000000.0,1215000000.0,6810501120.0,0.39,1900-01-01 13:23:00,1516,4,1.0,1.0
2996,68850ef47b3c97d19cf7925e,Prompt 370,True,0.77,240.87,61.0,1410000000.0,1215000000.0,6810501120.0,0.39,1900-01-01 13:23:00,1517,5,1.0,1.0
2997,68850ef57b3c97d19cf7925f,Prompt 370,True,0.77,240.87,61.0,1410000000.0,1215000000.0,6810501120.0,0.39,1900-01-01 13:23:01,1518,6,1.0,1.0
2998,68850ef57b3c97d19cf79260,,True,,,,,,,,1900-01-01 13:23:01,,,,
2999,68850ef57b3c97d19cf79261,Prompt 371,True,0.77,240.87,61.0,1410000000.0,1215000000.0,6810501120.0,0.39,1900-01-01 13:23:01,1518,1,1.0,1.0
3000,68850ef67b3c97d19cf79262,Prompt 371,True,0.77,240.87,61.0,1410000000.0,1215000000.0,6810501120.0,0.39,1900-01-01 13:23:02,1519,2,1.0,1.0
3001,68850ef77b3c97d19cf79263,Prompt 371,True,0.77,240.87,61.0,1410000000.0,1215000000.0,6810501120.0,0.39,1900-01-01 13:23:03,1520,3,1.0,1.0
3002,68850ef77b3c97d19cf79264,Prompt 371,True,0.77,240.87,61.0,1410000000.0,1215000000.0,6810501120.0,0.39,1900-01-01 13:23:03,1520,4,1.0,1.0
3003,68850ef87b3c97d19cf79265,Prompt 371,True,0.77,240.87,61.0,1410000000.0,1215000000.0,6810501120.0,0.39,1900-01-01 13:23:04,1521,5,1.0,1.0
3004,68850ef87b3c97d19cf79266,Prompt 371,True,0.77,240.87,61.0,1410000000.0,1215000000.0,6810501120.0,0.39,1900-01-01 13:23:04,1521,6,1.0,1.0
3005,68850ef87b3c97d19cf79267,,True,,,,,,,,1900-01-01 13:23:04,,,,
3006,68850ef97b3c97d19cf79268,Prompt 372,True,0.77,240.87,61.0,1410000000.0,1215000000.0,6810501120.0,0.39,1900-01-01 13:23:05,1522,1,1.0,1.0
3007,68850ef97b3c97d19cf79269,Prompt 372,True,0.77,240.87,61.0,1410000000.0,1215000000.0,6810501120.0,0.39,1900-01-01 13:23:05,1522,2,1.0,1.0
3008,68850efa7b3c97d19cf7926a,Prompt 372,True,0.77,240.87,61.0,1410000000.0,1215000000.0,6810501120.0,0.39,1900-01-01 13:23:06,1523,3,1.0,1.0
3009,68850efb7b3c97d19cf7926b,Prompt 372,True,0.77,240.87,61.0,1410000000.0,1215000000.0,6810501120.0,0.39,1900-01-01 13:23:07,1523,4,1.0,1.0
3010,68850efb7b3c97d19cf7926c,Prompt 372,True,0.77,240.87,58.0,1410000000.0,1215000000.0,6810501120.0,0.21,1900-01-01 13:23:07,1524,5,1.0,1.0
3011,68850efb7b3c97d19cf7926d,,True,,,,,,,,1900-01-01 13:23:07,,,,
3012,68850efc7b3c97d19cf7926e,Prompt 373,True,0.4,74.66,58.0,1410000000.0,1215000000.0,6810501120.0,0.21,1900-01-01 13:23:08,1525,1,1.0,1.0
3013,68850efc7b3c97d19cf7926f,Prompt 373,True,0.4,74.66,58.0,1410000000.0,1215000000.0,6810501120.0,0.21,1900-01-01 13:23:08,1525,2,1.0,1.0
3014,68850efd7b3c97d19cf79270,Prompt 373,True,0.4,74.66,58.0,1410000000.0,1215000000.0,6810501120.0,0.21,1900-01-01 13:23:09,1526,3,1.0,1.0
3015,68850efd7b3c97d19cf79271,Prompt 373,True,0.4,74.66,58.0,1410000000.0,1215000000.0,6810501120.0,0.21,1900-01-01 13:23:09,1526,4,1.0,1.0
3016,68850efe7b3c97d19cf79272,Prompt 373,True,0.4,74.66,58.0,1410000000.0,1215000000.0,6810501120.0,0.21,1900-01-01 13:23:10,1527,5,1.0,1.0
3017,68850efe7b3c97d19cf79273,,True,,,,,,,,1900-01-01 13:23:10,,,,
3018,68850efe7b3c97d19cf79274,Prompt 374,True,0.4,74.66,58.0,1410000000.0,1215000000.0,6810501120.0,0.21,1900-01-01 13:23:10,1527,1,1.0,1.0
3019,68850eff7b3c97d19cf79275,Prompt 374,True,0.4,74.66,58.0,1410000000.0,1215000000.0,6810501120.0,0.21,1900-01-01 13:23:11,1528,2,1.0,1.0
3020,68850eff7b3c97d19cf79276,Prompt 374,True,0.4,74.66,58.0,1410000000.0,1215000000.0,6810501120.0,0.21,1900-01-01 13:23:11,1528,3,1.0,1.0
3021,68850f007b3c97d19cf79277,Prompt 374,True,0.4,74.66,58.0,1410000000.0,1215000000.0,6810501120.0,0.21,1900-01-01 13:23:12,1529,4,1.0,1.0
3022,68850f007b3c97d19cf79278,Prompt 374,True,0.4,74.66,58.0,1410000000.0,1215000000.0,6810501120.0,0.21,1900-01-01 13:23:12,1529,5,1.0,1.0
3023,68850f007b3c97d19cf79279,,True,,,,,,,,1900-01-01 13:23:12,,,,
3024,68850f017b3c97d19cf7927a,Prompt 375,True,0.4,74.66,58.0,1410000000.0,1215000000.0,6810501120.0,0.21,1900-01-01 13:23:13,1530,1,1.0,1.0
3025,68850f017b3c97d19cf7927b,Prompt 375,True,0.4,74.66,58.0,1410000000.0,1215000000.0,6810501120.0,0.21,1900-01-01 13:23:13,1530,2,1.0,1.0
3026,68850f027b3c97d19cf7927c,Prompt 375,True,0.4,74.66,58.0,1410000000.0,1215000000.0,6810501120.0,0.21,1900-01-01 13:23:14,1531,3,1.0,1.0
3027,68850f037b3c97d19cf7927d,Prompt 375,True,0.4,74.66,58.0,1410000000.0,1215000000.0,6810501120.0,0.21,1900-01-01 13:23:15,1532,4,1.0,1.0
3028,68850f037b3c97d19cf7927e,Prompt 375,True,0.4,74.66,58.0,1410000000.0,1215000000.0,6810501120.0,0.21,1900-01-01 13:23:15,1532,5,1.0,1.0
3029,68850f037b3c97d19cf7927f,,True,,,,,,,,1900-01-01 13:23:15,,,,
3030,68850f047b3c97d19cf79280,Prompt 376,True,0.4,74.66,58.0,1410000000.0,1215000000.0,6810501120.0,0.21,1900-01-01 13:23:16,1533,1,1.0,1.0
3031,68850f047b3c97d19cf79281,Prompt 376,True,0.4,74.66,58.0,1410000000.0,1215000000.0,6810501120.0,0.21,1900-01-01 13:23:16,1533,2,1.0,1.0
3032,68850f057b3c97d19cf79282,Prompt 376,True,0.4,74.66,58.0,1410000000.0,1215000000.0,6810501120.0,0.21,1900-01-01 13:23:17,1534,3,1.0,1.0
3033,68850f057b3c97d19cf79283,,True,,,,,,,,1900-01-01 13:23:17,,,,
3034,68850f067b3c97d19cf79284,Prompt 377,True,0.4,74.66,58.0,1410000000.0,1215000000.0,6810501120.0,0.21,1900-01-01 13:23:18,1535,1,1.0,1.0
3035,68850f067b3c97d19cf79285,Prompt 377,True,0.4,74.66,58.0,1410000000.0,1215000000.0,6810501120.0,0.21,1900-01-01 13:23:18,1535,2,1.0,1.0
3036,68850f077b3c97d19cf79286,Prompt 377,True,0.4,74.66,58.0,1410000000.0,1215000000.0,6810501120.0,0.21,1900-01-01 13:23:19,1536,3,1.0,1.0
3037,68850f077b3c97d19cf79287,,True,,,,,,,,1900-01-01 13:23:19,,,,
3038,68850f087b3c97d19cf79288,Prompt 378,True,0.4,74.66,58.0,1410000000.0,1215000000.0,6810501120.0,0.21,1900-01-01 13:23:20,1536,1,1.0,1.0
3039,68850f087b3c97d19cf79289,Prompt 378,True,0.4,74.66,58.0,1410000000.0,1215000000.0,6810501120.0,0.21,1900-01-01 13:23:20,1537,2,1.0,1.0
3040,68850f097b3c97d19cf7928a,Prompt 378,True,0.4,74.66,58.0,1410000000.0,1215000000.0,6810501120.0,0.21,1900-01-01 13:23:21,1538,3,1.0,1.0
3041,68850f097b3c97d19cf7928b,,True,,,,,,,,1900-01-01 13:23:20,,,,
3042,68850f097b3c97d19cf7928c,Prompt 379,True,0.4,74.66,58.0,1410000000.0,1215000000.0,6810501120.0,0.21,1900-01-01 13:23:21,1538,1,1.0,1.0
3043,68850f0a7b3c97d19cf7928d,Prompt 379,True,0.4,74.66,58.0,1410000000.0,1215000000.0,6810501120.0,0.38,1900-01-01 13:23:22,1539,2,1.0,1.0
3044,68850f0a7b3c97d19cf7928e,Prompt 379,True,0.73,233.33,61.0,1410000000.0,1215000000.0,6810501120.0,0.38,1900-01-01 13:23:22,1539,3,1.0,1.0
3045,68850f0b7b3c97d19cf7928f,Prompt 379,True,0.73,233.33,61.0,1410000000.0,1215000000.0,6810501120.0,0.38,1900-01-01 13:23:23,1540,4,1.0,1.0
3046,68850f0c7b3c97d19cf79290,Prompt 379,True,0.73,233.33,61.0,1410000000.0,1215000000.0,6810501120.0,0.38,1900-01-01 13:23:24,1541,5,1.0,1.0
3047,68850f0c7b3c97d19cf79291,,True,,,,,,,,1900-01-01 13:23:24,,,,
3048,68850f0c7b3c97d19cf79292,Prompt 380,True,0.73,233.33,61.0,1410000000.0,1215000000.0,6810501120.0,0.38,1900-01-01 13:23:24,1541,1,1.0,1.0
3049,68850f0d7b3c97d19cf79293,Prompt 380,True,0.73,233.33,61.0,1410000000.0,1215000000.0,6810501120.0,0.38,1900-01-01 13:23:25,1542,2,1.0,1.0
3050,68850f0d7b3c97d19cf79294,Prompt 380,True,0.73,233.33,61.0,1410000000.0,1215000000.0,6810501120.0,0.38,1900-01-01 13:23:25,1542,3,1.0,1.0
3051,68850f0e7b3c97d19cf79295,Prompt 380,True,0.73,233.33,61.0,1410000000.0,1215000000.0,6810501120.0,0.38,1900-01-01 13:23:26,1543,4,1.0,1.0
3052,68850f0e7b3c97d19cf79296,Prompt 380,True,0.73,233.33,61.0,1410000000.0,1215000000.0,6810501120.0,0.38,1900-01-01 13:23:26,1543,5,1.0,1.0
3053,68850f0f7b3c97d19cf79297,Prompt 380,True,0.73,233.33,61.0,1410000000.0,1215000000.0,6810501120.0,0.38,1900-01-01 13:23:27,1544,6,1.0,1.0
3054,68850f0f7b3c97d19cf79298,,True,,,,,,,,1900-01-01 13:23:27,,,,
3055,68850f107b3c97d19cf79299,Prompt 381,True,0.73,233.33,61.0,1410000000.0,1215000000.0,6810501120.0,0.38,1900-01-01 13:23:28,1544,1,1.0,1.0
3056,68850f107b3c97d19cf7929a,Prompt 381,True,0.73,233.33,61.0,1410000000.0,1215000000.0,6810501120.0,0.38,1900-01-01 13:23:28,1545,2,1.0,1.0
3057,68850f117b3c97d19cf7929b,Prompt 381,True,0.73,233.33,61.0,1410000000.0,1215000000.0,6810501120.0,0.38,1900-01-01 13:23:29,1546,3,1.0,1.0
3058,68850f117b3c97d19cf7929c,Prompt 381,True,0.73,233.33,61.0,1410000000.0,1215000000.0,6810501120.0,0.38,1900-01-01 13:23:29,1546,4,1.0,1.0
3059,68850f127b3c97d19cf7929d,Prompt 381,True,0.73,233.33,61.0,1410000000.0,1215000000.0,6810501120.0,0.38,1900-01-01 13:23:30,1547,5,1.0,1.0
3060,68850f127b3c97d19cf7929e,,True,,,,,,,,1900-01-01 13:23:29,,,,
3061,68850f127b3c97d19cf7929f,Prompt 382,True,0.73,233.33,61.0,1410000000.0,1215000000.0,6810501120.0,0.38,1900-01-01 13:23:30,1547,1,1.0,1.0
3062,68850f137b3c97d19cf792a0,Prompt 382,True,0.73,233.33,61.0,1410000000.0,1215000000.0,6810501120.0,0.38,1900-01-01 13:23:31,1548,2,1.0,1.0
3063,68850f137b3c97d19cf792a1,Prompt 382,True,0.73,233.33,61.0,1410000000.0,1215000000.0,6810501120.0,0.38,1900-01-01 13:23:31,1548,3,1.0,1.0
3064,68850f147b3c97d19cf792a2,Prompt 382,True,0.73,233.33,61.0,1410000000.0,1215000000.0,6810501120.0,0.38,1900-01-01 13:23:32,1549,4,1.0,1.0
3065,68850f157b3c97d19cf792a3,Prompt 382,True,0.73,233.33,61.0,1410000000.0,1215000000.0,6810501120.0,0.38,1900-01-01 13:23:33,1550,5,1.0,1.0
3066,68850f157b3c97d19cf792a4,Prompt 382,True,0.73,233.33,61.0,1410000000.0,1215000000.0,6810501120.0,0.38,1900-01-01 13:23:33,1550,6,1.0,1.0
3067,68850f167b3c97d19cf792a5,Prompt 382,True,0.73,233.33,61.0,1410000000.0,1215000000.0,6810501120.0,0.38,1900-01-01 13:23:34,1551,7,1.0,1.0
3068,68850f167b3c97d19cf792a6,,True,,,,,,,,1900-01-01 13:23:34,,,,
3069,68850f167b3c97d19cf792a7,Prompt 383,True,0.73,233.33,61.0,1410000000.0,1215000000.0,6810501120.0,0.38,1900-01-01 13:23:34,1551,1,1.0,1.0
3070,68850f177b3c97d19cf792a8,Prompt 383,True,0.73,233.33,61.0,1410000000.0,1215000000.0,6810501120.0,0.38,1900-01-01 13:23:35,1552,2,1.0,1.0
3071,68850f187b3c97d19cf792a9,Prompt 383,True,0.73,233.33,61.0,1410000000.0,1215000000.0,6810501120.0,0.38,1900-01-01 13:23:36,1553,3,1.0,1.0
3072,68850f187b3c97d19cf792aa,Prompt 383,True,0.73,233.33,61.0,1410000000.0,1215000000.0,6810501120.0,0.38,1900-01-01 13:23:36,1553,4,1.0,1.0
3073,68850f197b3c97d19cf792ab,Prompt 383,True,0.73,233.33,61.0,1410000000.0,1215000000.0,6810501120.0,0.4,1900-01-01 13:23:37,1554,5,1.0,1.0
3074,68850f197b3c97d19cf792ac,,True,,,,,,,,1900-01-01 13:23:37,,,,
3075,68850f197b3c97d19cf792ad,Prompt 384,True,0.78,74.57,58.0,1410000000.0,1215000000.0,6810501120.0,0.4,1900-01-01 13:23:37,1554,1,1.0,1.0
3076,68850f1a7b3c97d19cf792ae,Prompt 384,True,0.78,74.57,58.0,1410000000.0,1215000000.0,6810501120.0,0.4,1900-01-01 13:23:38,1555,2,1.0,1.0
3077,68850f1b7b3c97d19cf792af,Prompt 384,True,0.78,74.57,58.0,1410000000.0,1215000000.0,6810501120.0,0.4,1900-01-01 13:23:39,1556,3,1.0,1.0
3078,68850f1b7b3c97d19cf792b0,,True,,,,,,,,1900-01-01 13:23:39,,,,
3079,68850f1b7b3c97d19cf792b1,Prompt 385,True,0.78,74.57,58.0,1410000000.0,1215000000.0,6810501120.0,0.4,1900-01-01 13:23:39,1556,1,1.0,1.0
3080,68850f1c7b3c97d19cf792b2,Prompt 385,True,0.78,74.57,58.0,1410000000.0,1215000000.0,6810501120.0,0.4,1900-01-01 13:23:40,1557,2,1.0,1.0
3081,68850f1d7b3c97d19cf792b3,Prompt 385,True,0.78,74.57,58.0,1410000000.0,1215000000.0,6810501120.0,0.4,1900-01-01 13:23:41,1558,3,1.0,1.0
3082,68850f1d7b3c97d19cf792b4,,True,,,,,,,,1900-01-01 13:23:40,,,,
3083,68850f1d7b3c97d19cf792b5,Prompt 386,True,0.78,74.57,58.0,1410000000.0,1215000000.0,6810501120.0,0.4,1900-01-01 13:23:41,1558,1,1.0,1.0
3084,68850f1e7b3c97d19cf792b6,Prompt 386,True,0.78,74.57,58.0,1410000000.0,1215000000.0,6810501120.0,0.4,1900-01-01 13:23:42,1559,2,1.0,1.0
3085,68850f1f7b3c97d19cf792b7,Prompt 386,True,0.78,74.57,58.0,1410000000.0,1215000000.0,6810501120.0,0.4,1900-01-01 13:23:43,1559,3,1.0,1.0
3086,68850f1f7b3c97d19cf792b8,,True,,,,,,,,1900-01-01 13:23:42,,,,
3087,68850f1f7b3c97d19cf792b9,Prompt 387,True,0.78,74.57,58.0,1410000000.0,1215000000.0,6810501120.0,0.4,1900-01-01 13:23:43,1560,1,1.0,1.0
3088,68850f207b3c97d19cf792ba,Prompt 387,True,0.78,74.57,58.0,1410000000.0,1215000000.0,6810501120.0,0.4,1900-01-01 13:23:44,1561,2,1.0,1.0
3089,68850f207b3c97d19cf792bb,Prompt 387,True,0.78,74.57,58.0,1410000000.0,1215000000.0,6810501120.0,0.4,1900-01-01 13:23:44,1561,3,1.0,1.0
3090,68850f207b3c97d19cf792bc,,True,,,,,,,,1900-01-01 13:23:44,,,,
3091,68850f217b3c97d19cf792bd,Prompt 388,True,0.78,74.57,58.0,1410000000.0,1215000000.0,6810501120.0,0.4,1900-01-01 13:23:45,1562,1,1.0,1.0
3092,68850f217b3c97d19cf792be,Prompt 388,True,0.78,74.57,58.0,1410000000.0,1215000000.0,6810501120.0,0.4,1900-01-01 13:23:45,1562,2,1.0,1.0
3093,68850f217b3c97d19cf792bf,,True,,,,,,,,1900-01-01 13:23:45,,,,
3094,68850f227b3c97d19cf792c0,Prompt 389,True,0.78,74.57,58.0,1410000000.0,1215000000.0,6810501120.0,0.4,1900-01-01 13:23:46,1563,1,1.0,1.0
3095,68850f237b3c97d19cf792c1,Prompt 389,True,0.78,74.57,58.0,1410000000.0,1215000000.0,6810501120.0,0.4,1900-01-01 13:23:47,1564,2,1.0,1.0
3096,68850f237b3c97d19cf792c2,,True,,,,,,,,1900-01-01 13:23:46,,,,
3097,68850f237b3c97d19cf792c3,Prompt 390,True,0.78,74.57,58.0,1410000000.0,1215000000.0,6810501120.0,0.4,1900-01-01 13:23:47,1564,1,1.0,1.0
3098,68850f247b3c97d19cf792c4,Prompt 390,True,0.78,74.57,58.0,1410000000.0,1215000000.0,6810501120.0,0.4,1900-01-01 13:23:48,1565,2,1.0,1.0
3099,68850f247b3c97d19cf792c5,Prompt 390,True,0.78,74.57,58.0,1410000000.0,1215000000.0,6810501120.0,0.4,1900-01-01 13:23:48,1565,3,1.0,1.0
3100,68850f247b3c97d19cf792c6,,True,,,,,,,,1900-01-01 13:23:48,,,,
3101,68850f257b3c97d19cf792c7,Prompt 391,True,0.78,74.57,58.0,1410000000.0,1215000000.0,6810501120.0,0.4,1900-01-01 13:23:49,1566,1,1.0,1.0
3102,68850f257b3c97d19cf792c8,,True,,,,,,,,1900-01-01 13:23:49,,,,
3103,68850f267b3c97d19cf792c9,Prompt 392,True,0.78,74.57,58.0,1410000000.0,1215000000.0,6810501120.0,0.4,1900-01-01 13:23:50,1567,1,1.0,1.0
3104,68850f267b3c97d19cf792ca,,True,,,,,,,,1900-01-01 13:23:49,,,,
3105,68850f267b3c97d19cf792cb,Prompt 393,True,0.78,74.57,58.0,1410000000.0,1215000000.0,6810501120.0,0.4,1900-01-01 13:23:50,1567,1,1.0,1.0
3106,68850f267b3c97d19cf792cc,,True,,,,,,,,1900-01-01 13:23:50,,,,
3107,68850f277b3c97d19cf792cd,Prompt 394,True,0.78,74.57,58.0,1410000000.0,1215000000.0,6810501120.0,0.4,1900-01-01 13:23:51,1568,1,1.0,1.0
3108,68850f277b3c97d19cf792ce,,True,,,,,,,,1900-01-01 13:23:51,,,,
3109,68850f277b3c97d19cf792cf,Prompt 395,True,0.78,74.57,58.0,1410000000.0,1215000000.0,6810501120.0,0.4,1900-01-01 13:23:51,1568,1,1.0,1.0
3110,68850f287b3c97d19cf792d0,Prompt 395,True,0.78,74.57,58.0,1410000000.0,1215000000.0,6810501120.0,0.37,1900-01-01 13:23:52,1569,2,1.0,1.0
3111,68850f287b3c97d19cf792d1,,True,,,,,,,,1900-01-01 13:23:52,,,,
3112,68850f297b3c97d19cf792d2,Prompt 396,True,0.7000000000000001,72.89,56.0,1410000000.0,1215000000.0,6810501120.0,0.37,1900-01-01 13:23:53,1570,1,1.0,1.0
3113,68850f297b3c97d19cf792d3,Prompt 396,True,0.7000000000000001,72.89,56.0,1410000000.0,1215000000.0,6810501120.0,0.37,1900-01-01 13:23:53,1570,2,1.0,1.0
3114,68850f2a7b3c97d19cf792d4,Prompt 396,True,0.7000000000000001,72.89,56.0,1410000000.0,1215000000.0,6810501120.0,0.37,1900-01-01 13:23:54,1571,3,1.0,1.0
3115,68850f2a7b3c97d19cf792d5,Prompt 396,True,0.7000000000000001,72.89,56.0,1410000000.0,1215000000.0,6810501120.0,0.37,1900-01-01 13:23:54,1571,4,1.0,1.0
3116,68850f2b7b3c97d19cf792d6,Prompt 396,True,0.7000000000000001,72.89,56.0,1410000000.0,1215000000.0,6810501120.0,0.37,1900-01-01 13:23:55,1572,5,1.0,1.0
3117,68850f2b7b3c97d19cf792d7,Prompt 396,True,0.7000000000000001,72.89,56.0,1410000000.0,1215000000.0,6810501120.0,0.37,1900-01-01 13:23:55,1572,6,1.0,1.0
3118,68850f2c7b3c97d19cf792d8,Prompt 396,True,0.7000000000000001,72.89,56.0,1410000000.0,1215000000.0,6810501120.0,0.37,1900-01-01 13:23:56,1573,7,1.0,1.0
3119,68850f2d7b3c97d19cf792d9,Prompt 396,True,0.7000000000000001,72.89,56.0,1410000000.0,1215000000.0,6810501120.0,0.37,1900-01-01 13:23:57,1573,8,1.0,1.0
3120,68850f2d7b3c97d19cf792da,Prompt 396,True,0.7000000000000001,72.89,56.0,1410000000.0,1215000000.0,6810501120.0,0.37,1900-01-01 13:23:57,1574,9,1.0,1.0
3121,68850f2d7b3c97d19cf792db,,True,,,,,,,,1900-01-01 13:23:57,,,,
3122,68850f2e7b3c97d19cf792dc,Prompt 397,True,0.7000000000000001,72.89,56.0,1410000000.0,1215000000.0,6810501120.0,0.37,1900-01-01 13:23:58,1575,1,1.0,1.0
3123,68850f2e7b3c97d19cf792dd,Prompt 397,True,0.7000000000000001,72.89,56.0,1410000000.0,1215000000.0,6810501120.0,0.37,1900-01-01 13:23:58,1575,2,1.0,1.0
3124,68850f2f7b3c97d19cf792de,Prompt 397,True,0.7000000000000001,72.89,56.0,1410000000.0,1215000000.0,6810501120.0,0.37,1900-01-01 13:23:59,1576,3,1.0,1.0
3125,68850f307b3c97d19cf792df,Prompt 397,True,0.7000000000000001,72.89,56.0,1410000000.0,1215000000.0,6810501120.0,0.37,1900-01-01 13:24:00,1576,4,1.0,1.0
3126,68850f307b3c97d19cf792e0,,True,,,,,,,,1900-01-01 13:24:00,,,,
3127,68850f307b3c97d19cf792e1,Prompt 398,True,0.7000000000000001,72.89,56.0,1410000000.0,1215000000.0,6810501120.0,0.37,1900-01-01 13:24:00,1577,1,1.0,1.0
3128,68850f317b3c97d19cf792e2,Prompt 398,True,0.7000000000000001,72.89,56.0,1410000000.0,1215000000.0,6810501120.0,0.37,1900-01-01 13:24:01,1578,2,1.0,1.0
3129,68850f317b3c97d19cf792e3,Prompt 398,True,0.7000000000000001,72.89,56.0,1410000000.0,1215000000.0,6810501120.0,0.37,1900-01-01 13:24:01,1578,3,1.0,1.0
3130,68850f327b3c97d19cf792e4,Prompt 398,True,0.7000000000000001,72.89,56.0,1410000000.0,1215000000.0,6810501120.0,0.37,1900-01-01 13:24:02,1579,4,1.0,1.0
3131,68850f327b3c97d19cf792e5,,True,,,,,,,,1900-01-01 13:24:02,,,,
3132,68850f337b3c97d19cf792e6,Prompt 399,True,0.7000000000000001,72.89,56.0,1410000000.0,1215000000.0,6810501120.0,0.37,1900-01-01 13:24:03,1580,1,1.0,1.0
3133,68850f337b3c97d19cf792e7,Prompt 399,True,0.7000000000000001,72.89,56.0,1410000000.0,1215000000.0,6810501120.0,0.37,1900-01-01 13:24:03,1580,2,1.0,1.0
3134,68850f347b3c97d19cf792e8,Prompt 399,True,0.7000000000000001,72.89,56.0,1410000000.0,1215000000.0,6810501120.0,0.37,1900-01-01 13:24:04,1581,3,1.0,1.0
3135,68850f357b3c97d19cf792e9,Prompt 399,True,0.7000000000000001,72.89,56.0,1410000000.0,1215000000.0,6810501120.0,0.37,1900-01-01 13:24:05,1581,4,1.0,1.0
3136,68850f357b3c97d19cf792ea,Prompt 399,True,0.7000000000000001,72.89,56.0,1410000000.0,1215000000.0,6810501120.0,0.37,1900-01-01 13:24:05,1582,5,1.0,1.0
3137,68850f367b3c97d19cf792eb,Prompt 399,True,0.7000000000000001,72.89,56.0,1410000000.0,1215000000.0,6810501120.0,0.37,1900-01-01 13:24:06,1582,6,1.0,1.0
3138,68850f367b3c97d19cf792ec,Prompt 399,True,0.7000000000000001,72.89,56.0,1410000000.0,1215000000.0,6810501120.0,0.37,1900-01-01 13:24:06,1583,7,1.0,1.0
3139,68850f377b3c97d19cf792ed,Prompt 399,True,0.7000000000000001,72.89,56.0,1410000000.0,1215000000.0,6810501120.0,0.26,1900-01-01 13:24:07,1584,8,1.0,1.0
3140,68850f377b3c97d19cf792ee,,True,,,,,,,,1900-01-01 13:24:06,,,,
3141,68850f387b3c97d19cf792ef,Prompt 400,True,0.53,73.79,58.0,1410000000.0,1215000000.0,6810501120.0,0.26,1900-01-01 13:24:08,1584,1,1.0,1.0
3142,68850f387b3c97d19cf792f0,Prompt 400,True,0.53,73.79,58.0,1410000000.0,1215000000.0,6810501120.0,0.26,1900-01-01 13:24:08,1585,2,1.0,1.0
3143,68850f397b3c97d19cf792f1,Prompt 400,True,0.53,73.79,58.0,1410000000.0,1215000000.0,6810501120.0,0.26,1900-01-01 13:24:09,1586,3,1.0,1.0
3144,68850f397b3c97d19cf792f2,Prompt 400,True,0.53,73.79,58.0,1410000000.0,1215000000.0,6810501120.0,0.26,1900-01-01 13:24:09,1586,4,1.0,1.0
3145,68850f3a7b3c97d19cf792f3,Prompt 400,True,0.53,73.79,58.0,1410000000.0,1215000000.0,6810501120.0,0.26,1900-01-01 13:24:10,1587,5,1.0,1.0
3146,68850f3b7b3c97d19cf792f4,Prompt 400,True,0.53,73.79,58.0,1410000000.0,1215000000.0,6810501120.0,0.26,1900-01-01 13:24:11,1588,6,1.0,1.0
3147,68850f3b7b3c97d19cf792f5,Prompt 400,True,0.53,73.79,58.0,1410000000.0,1215000000.0,6810501120.0,0.26,1900-01-01 13:24:11,1588,7,1.0,1.0
3148,68850f3b7b3c97d19cf792f6,,True,,,,,,,,1900-01-01 13:24:11,,,,
3149,68850f3c7b3c97d19cf792f7,Prompt 401,True,0.53,73.79,58.0,1410000000.0,1215000000.0,6810501120.0,0.26,1900-01-01 13:24:12,1589,1,1.0,1.0
3150,68850f3d7b3c97d19cf792f8,Prompt 401,True,0.53,73.79,58.0,1410000000.0,1215000000.0,6810501120.0,0.26,1900-01-01 13:24:13,1589,2,1.0,1.0
3151,68850f3d7b3c97d19cf792f9,Prompt 401,True,0.53,73.79,58.0,1410000000.0,1215000000.0,6810501120.0,0.26,1900-01-01 13:24:13,1590,3,1.0,1.0
3152,68850f3e7b3c97d19cf792fa,Prompt 401,True,0.53,73.79,58.0,1410000000.0,1215000000.0,6810501120.0,0.26,1900-01-01 13:24:14,1591,4,1.0,1.0
3153,68850f3e7b3c97d19cf792fb,Prompt 401,True,0.53,73.79,58.0,1410000000.0,1215000000.0,6810501120.0,0.26,1900-01-01 13:24:14,1591,5,1.0,1.0
3154,68850f3f7b3c97d19cf792fc,Prompt 401,True,0.53,73.79,58.0,1410000000.0,1215000000.0,6810501120.0,0.26,1900-01-01 13:24:15,1592,6,1.0,1.0
3155,68850f407b3c97d19cf792fd,Prompt 401,True,0.53,73.79,58.0,1410000000.0,1215000000.0,6810501120.0,0.26,1900-01-01 13:24:16,1592,7,1.0,1.0
3156,68850f407b3c97d19cf792fe,Prompt 401,True,0.53,73.79,58.0,1410000000.0,1215000000.0,6810501120.0,0.26,1900-01-01 13:24:16,1593,8,1.0,1.0
3157,68850f407b3c97d19cf792ff,,True,,,,,,,,1900-01-01 13:24:16,,,,
3158,68850f417b3c97d19cf79300,Prompt 402,True,0.53,73.79,58.0,1410000000.0,1215000000.0,6810501120.0,0.26,1900-01-01 13:24:17,1594,1,1.0,1.0
3159,68850f417b3c97d19cf79301,Prompt 402,True,0.53,73.79,58.0,1410000000.0,1215000000.0,6810501120.0,0.26,1900-01-01 13:24:17,1594,2,1.0,1.0
3160,68850f427b3c97d19cf79302,Prompt 402,True,0.53,73.79,58.0,1410000000.0,1215000000.0,6810501120.0,0.26,1900-01-01 13:24:18,1595,3,1.0,1.0
3161,68850f427b3c97d19cf79303,Prompt 402,True,0.53,73.79,58.0,1410000000.0,1215000000.0,6810501120.0,0.26,1900-01-01 13:24:18,1595,4,1.0,1.0
3162,68850f437b3c97d19cf79304,Prompt 402,True,0.53,73.79,58.0,1410000000.0,1215000000.0,6810501120.0,0.26,1900-01-01 13:24:19,1596,5,1.0,1.0
3163,68850f437b3c97d19cf79305,Prompt 402,True,0.53,73.79,58.0,1410000000.0,1215000000.0,6810501120.0,0.26,1900-01-01 13:24:19,1596,6,1.0,1.0
3164,68850f447b3c97d19cf79306,Prompt 402,True,0.53,73.79,58.0,1410000000.0,1215000000.0,6810501120.0,0.26,1900-01-01 13:24:20,1597,7,1.0,1.0
3165,68850f457b3c97d19cf79307,Prompt 402,True,0.53,73.79,58.0,1410000000.0,1215000000.0,6810501120.0,0.26,1900-01-01 13:24:21,1597,8,1.0,1.0
3166,68850f457b3c97d19cf79308,,True,,,,,,,,1900-01-01 13:24:20,,,,
3167,68850f457b3c97d19cf79309,Prompt 403,True,0.53,73.79,58.0,1410000000.0,1215000000.0,6810501120.0,0.26,1900-01-01 13:24:21,1598,1,1.0,1.0
3168,68850f467b3c97d19cf7930a,Prompt 403,True,0.53,73.79,58.0,1410000000.0,1215000000.0,6810501120.0,0.26,1900-01-01 13:24:22,1598,2,1.0,1.0
3169,68850f467b3c97d19cf7930b,Prompt 403,True,0.53,73.79,58.0,1395000000.0,1215000000.0,6810501120.0,0.39,1900-01-01 13:24:22,1599,3,0.9893617021276596,1.0
3170,68850f477b3c97d19cf7930c,Prompt 403,True,0.74,244.99,62.0,1395000000.0,1215000000.0,6810501120.0,0.39,1900-01-01 13:24:23,1600,4,0.9893617021276596,1.0
3171,68850f477b3c97d19cf7930d,Prompt 403,True,0.74,244.99,62.0,1395000000.0,1215000000.0,6810501120.0,0.39,1900-01-01 13:24:23,1600,5,0.9893617021276596,1.0
3172,68850f487b3c97d19cf7930e,Prompt 403,True,0.74,244.99,62.0,1395000000.0,1215000000.0,6810501120.0,0.39,1900-01-01 13:24:24,1601,6,0.9893617021276596,1.0
3173,68850f497b3c97d19cf7930f,Prompt 403,True,0.74,244.99,62.0,1395000000.0,1215000000.0,6810501120.0,0.39,1900-01-01 13:24:25,1601,7,0.9893617021276596,1.0
3174,68850f497b3c97d19cf79310,Prompt 403,True,0.74,244.99,62.0,1395000000.0,1215000000.0,6810501120.0,0.39,1900-01-01 13:24:25,1602,8,0.9893617021276596,1.0
3175,68850f4a7b3c97d19cf79311,Prompt 403,True,0.74,244.99,62.0,1395000000.0,1215000000.0,6810501120.0,0.39,1900-01-01 13:24:26,1603,9,0.9893617021276596,1.0
3176,68850f4a7b3c97d19cf79312,Prompt 403,True,0.74,244.99,62.0,1395000000.0,1215000000.0,6810501120.0,0.39,1900-01-01 13:24:26,1603,10,0.9893617021276596,1.0
3177,68850f4b7b3c97d19cf79313,Prompt 403,True,0.74,244.99,62.0,1395000000.0,1215000000.0,6810501120.0,0.39,1900-01-01 13:24:27,1604,11,0.9893617021276596,1.0
3178,68850f4b7b3c97d19cf79314,Prompt 403,True,0.74,244.99,62.0,1395000000.0,1215000000.0,6810501120.0,0.39,1900-01-01 13:24:27,1604,12,0.9893617021276596,1.0
3179,68850f4c7b3c97d19cf79315,Prompt 403,True,0.74,244.99,62.0,1395000000.0,1215000000.0,6810501120.0,0.39,1900-01-01 13:24:28,1605,13,0.9893617021276596,1.0
3180,68850f4c7b3c97d19cf79316,Prompt 403,True,0.74,244.99,62.0,1395000000.0,1215000000.0,6810501120.0,0.39,1900-01-01 13:24:28,1605,14,0.9893617021276596,1.0
3181,68850f4c7b3c97d19cf79317,,True,,,,,,,,1900-01-01 13:24:28,,,,
3182,68850f4d7b3c97d19cf79318,Prompt 404,True,0.74,244.99,62.0,1395000000.0,1215000000.0,6810501120.0,0.39,1900-01-01 13:24:29,1606,1,0.9893617021276596,1.0
3183,68850f4e7b3c97d19cf79319,Prompt 404,True,0.74,244.99,62.0,1395000000.0,1215000000.0,6810501120.0,0.39,1900-01-01 13:24:30,1606,2,0.9893617021276596,1.0
3184,68850f4e7b3c97d19cf7931a,,True,,,,,,,,1900-01-01 13:24:29,,,,
3185,68850f4e7b3c97d19cf7931b,Prompt 405,True,0.74,244.99,62.0,1395000000.0,1215000000.0,6810501120.0,0.39,1900-01-01 13:24:30,1607,1,0.9893617021276596,1.0
3186,68850f4f7b3c97d19cf7931c,Prompt 405,True,0.74,244.99,62.0,1395000000.0,1215000000.0,6810501120.0,0.39,1900-01-01 13:24:31,1608,2,0.9893617021276596,1.0
3187,68850f4f7b3c97d19cf7931d,Prompt 405,True,0.74,244.99,62.0,1395000000.0,1215000000.0,6810501120.0,0.39,1900-01-01 13:24:31,1608,3,0.9893617021276596,1.0
3188,68850f4f7b3c97d19cf7931e,,True,,,,,,,,1900-01-01 13:24:31,,,,
3189,68850f507b3c97d19cf7931f,Prompt 406,True,0.74,244.99,62.0,1395000000.0,1215000000.0,6810501120.0,0.39,1900-01-01 13:24:32,1609,1,0.9893617021276596,1.0
3190,68850f507b3c97d19cf79320,Prompt 406,True,0.74,244.99,62.0,1395000000.0,1215000000.0,6810501120.0,0.39,1900-01-01 13:24:32,1609,2,0.9893617021276596,1.0
3191,68850f517b3c97d19cf79321,Prompt 406,True,0.74,244.99,62.0,1395000000.0,1215000000.0,6810501120.0,0.39,1900-01-01 13:24:33,1610,3,0.9893617021276596,1.0
3192,68850f527b3c97d19cf79322,Prompt 406,True,0.74,244.99,62.0,1395000000.0,1215000000.0,6810501120.0,0.39,1900-01-01 13:24:34,1610,4,0.9893617021276596,1.0
3193,68850f527b3c97d19cf79323,,True,,,,,,,,1900-01-01 13:24:33,,,,
3194,68850f527b3c97d19cf79324,Prompt 407,True,0.74,244.99,62.0,1395000000.0,1215000000.0,6810501120.0,0.39,1900-01-01 13:24:34,1611,1,0.9893617021276596,1.0
3195,68850f537b3c97d19cf79325,Prompt 407,True,0.74,244.99,62.0,1395000000.0,1215000000.0,6810501120.0,0.39,1900-01-01 13:24:35,1612,2,0.9893617021276596,1.0
3196,68850f547b3c97d19cf79326,Prompt 407,True,0.74,244.99,62.0,1395000000.0,1215000000.0,6810501120.0,0.39,1900-01-01 13:24:36,1612,3,0.9893617021276596,1.0
3197,68850f547b3c97d19cf79327,Prompt 407,True,0.74,244.99,62.0,1395000000.0,1215000000.0,6810501120.0,0.39,1900-01-01 13:24:36,1613,4,0.9893617021276596,1.0
3198,68850f557b3c97d19cf79328,Prompt 407,True,0.74,244.99,62.0,1395000000.0,1215000000.0,6810501120.0,0.39,1900-01-01 13:24:37,1614,5,0.9893617021276596,1.0
