,_id,Category,Collect,GPU Utilization (%),Power Draw (Watts),GPU Temp (°C),GPU Current Clock (MHz),Memory Current Clock (MHz),Memory Allocation Used (MB),Memory Utilization (%),Current Time,Time Delta,Iteration
1,68755bb2c9327eb904ad10f0,Prompt 0,True,0.0,23.74,22.0,135000000.0,877000000.0,9437184.0,0.0,1900-01-01 15:34:10,1,1
2,68755bb2c9327eb904ad10f1,Prompt 0,True,0.0,23.74,22.0,135000000.0,877000000.0,9437184.0,0.0,1900-01-01 15:34:10,1,2
3,68755bb3c9327eb904ad10f2,Prompt 0,True,0.0,23.74,22.0,135000000.0,877000000.0,9437184.0,0.0,1900-01-01 15:34:11,1,3
4,68755bb3c9327eb904ad10f3,Prompt 0,True,0.0,23.74,22.0,135000000.0,877000000.0,9437184.0,0.0,1900-01-01 15:34:11,1,4
5,68755bb3c9327eb904ad10f4,Prompt 0,True,0.0,23.74,22.0,135000000.0,877000000.0,9437184.0,0.0,1900-01-01 15:34:11,2,5
6,68755bb3c9327eb904ad10f5,Prompt 0,True,0.0,23.74,22.0,135000000.0,877000000.0,9437184.0,0.0,1900-01-01 15:34:11,2,6
7,68755bb3c9327eb904ad10f6,Prompt 0,True,0.0,23.74,22.0,135000000.0,877000000.0,9437184.0,0.0,1900-01-01 15:34:11,2,7
8,68755bb4c9327eb904ad10f7,Prompt 0,True,0.0,23.74,22.0,135000000.0,877000000.0,9437184.0,0.0,1900-01-01 15:34:12,2,8
9,68755bb4c9327eb904ad10f8,Prompt 0,True,0.0,23.74,22.0,135000000.0,877000000.0,9437184.0,0.0,1900-01-01 15:34:12,2,9
10,68755bb4c9327eb904ad10f9,Prompt 0,True,0.0,23.74,22.0,135000000.0,877000000.0,9437184.0,0.0,1900-01-01 15:34:12,3,10
11,68755bb4c9327eb904ad10fa,Prompt 0,True,0.0,23.74,22.0,135000000.0,877000000.0,9437184.0,0.0,1900-01-01 15:34:12,3,11
12,68755bb5c9327eb904ad10fb,Prompt 0,True,0.0,23.74,22.0,135000000.0,877000000.0,9437184.0,0.0,1900-01-01 15:34:13,3,12
13,68755bb5c9327eb904ad10fc,,True,,,,,,,,1900-01-01 15:34:12,,
14,68755bb5c9327eb904ad10fd,Prompt 1,True,0.0,23.74,22.0,135000000.0,877000000.0,9437184.0,0.0,1900-01-01 15:34:13,3,1
15,68755bb5c9327eb904ad10fe,Prompt 1,True,0.0,23.74,22.0,135000000.0,877000000.0,9437184.0,0.0,1900-01-01 15:34:13,4,2
16,68755bb5c9327eb904ad10ff,Prompt 1,True,0.0,23.74,22.0,135000000.0,877000000.0,9437184.0,0.0,1900-01-01 15:34:13,4,3
17,68755bb5c9327eb904ad1100,,True,,,,,,,,1900-01-01 15:34:13,,
18,68755bb5c9327eb904ad1101,Prompt 2,True,0.0,23.74,22.0,135000000.0,877000000.0,9437184.0,0.0,1900-01-01 15:34:13,4,1
19,68755bb6c9327eb904ad1102,Prompt 2,True,0.0,23.74,22.0,135000000.0,877000000.0,9437184.0,0.0,1900-01-01 15:34:14,4,2
20,68755bb6c9327eb904ad1103,Prompt 2,True,0.0,23.74,22.0,135000000.0,877000000.0,9437184.0,0.0,1900-01-01 15:34:14,4,3
21,68755bb6c9327eb904ad1104,Prompt 2,True,0.0,23.74,22.0,135000000.0,877000000.0,9437184.0,0.0,1900-01-01 15:34:14,5,4
22,68755bb6c9327eb904ad1105,Prompt 2,True,0.0,23.74,22.0,135000000.0,877000000.0,9437184.0,0.0,1900-01-01 15:34:14,5,5
23,68755bb7c9327eb904ad1106,Prompt 2,True,0.0,23.74,22.0,135000000.0,877000000.0,9437184.0,0.0,1900-01-01 15:34:15,5,6
24,68755bb7c9327eb904ad1107,Prompt 2,True,0.0,23.74,22.0,135000000.0,877000000.0,9437184.0,0.0,1900-01-01 15:34:15,5,7
25,68755bb7c9327eb904ad1108,Prompt 2,True,0.0,23.74,22.0,135000000.0,877000000.0,9437184.0,0.0,1900-01-01 15:34:15,6,8
26,68755bb7c9327eb904ad1109,Prompt 2,True,0.0,23.74,22.0,135000000.0,877000000.0,9437184.0,0.0,1900-01-01 15:34:15,6,9
27,68755bb7c9327eb904ad110a,Prompt 2,True,0.0,23.74,22.0,135000000.0,877000000.0,9437184.0,0.0,1900-01-01 15:34:15,6,10
28,68755bb8c9327eb904ad110b,Prompt 2,True,0.0,23.74,22.0,135000000.0,877000000.0,9437184.0,0.0,1900-01-01 15:34:16,6,11
29,68755bb8c9327eb904ad110c,Prompt 2,True,0.0,23.74,22.0,135000000.0,877000000.0,9437184.0,0.0,1900-01-01 15:34:16,6,12
30,68755bb8c9327eb904ad110d,Prompt 2,True,0.0,23.74,22.0,135000000.0,877000000.0,9437184.0,0.0,1900-01-01 15:34:16,7,13
31,68755bb8c9327eb904ad110e,,True,,,,,,,,1900-01-01 15:34:16,,
32,68755bb8c9327eb904ad110f,Prompt 3,True,0.0,23.74,22.0,135000000.0,877000000.0,9437184.0,0.0,1900-01-01 15:34:16,7,1
33,68755bb8c9327eb904ad1110,Prompt 3,True,0.0,23.74,22.0,135000000.0,877000000.0,9437184.0,0.0,1900-01-01 15:34:16,7,2
34,68755bb9c9327eb904ad1111,Prompt 3,True,0.0,23.74,22.0,135000000.0,877000000.0,9437184.0,0.0,1900-01-01 15:34:17,7,3
35,68755bb9c9327eb904ad1112,Prompt 3,True,0.0,23.74,22.0,135000000.0,877000000.0,9437184.0,0.0,1900-01-01 15:34:17,7,4
36,68755bb9c9327eb904ad1113,Prompt 3,True,0.0,23.74,22.0,135000000.0,877000000.0,9437184.0,0.0,1900-01-01 15:34:17,8,5
37,68755bb9c9327eb904ad1114,,True,,,,,,,,1900-01-01 15:34:17,,
38,68755bb9c9327eb904ad1115,Prompt 4,True,0.0,23.74,22.0,135000000.0,877000000.0,6665797632.0,0.03,1900-01-01 15:34:17,8,1
39,68755bbac9327eb904ad1116,Prompt 4,True,0.04,179.85,29.0,1380000000.0,877000000.0,6665797632.0,0.03,1900-01-01 15:34:18,8,2
40,68755bbac9327eb904ad1117,Prompt 4,True,0.04,179.85,29.0,1380000000.0,877000000.0,6665797632.0,0.03,1900-01-01 15:34:18,8,3
41,68755bbac9327eb904ad1118,Prompt 4,True,0.04,179.85,29.0,1380000000.0,877000000.0,6665797632.0,0.03,1900-01-01 15:34:18,9,4
42,68755bbac9327eb904ad1119,Prompt 4,True,0.04,179.85,29.0,1380000000.0,877000000.0,6665797632.0,0.03,1900-01-01 15:34:18,9,5
43,68755bbac9327eb904ad111a,Prompt 4,True,0.04,179.85,29.0,1380000000.0,877000000.0,6665797632.0,0.03,1900-01-01 15:34:18,9,6
44,68755bbac9327eb904ad111b,,True,,,,,,,,1900-01-01 15:34:18,,
45,68755bbbc9327eb904ad111c,Prompt 5,True,0.04,179.85,29.0,1380000000.0,877000000.0,6665797632.0,0.03,1900-01-01 15:34:19,9,1
46,68755bbbc9327eb904ad111d,Prompt 5,True,0.04,179.85,29.0,1380000000.0,877000000.0,6665797632.0,0.03,1900-01-01 15:34:19,9,2
47,68755bbbc9327eb904ad111e,Prompt 5,True,0.04,179.85,29.0,1380000000.0,877000000.0,6665797632.0,0.03,1900-01-01 15:34:19,10,3
48,68755bbbc9327eb904ad111f,Prompt 5,True,0.04,179.85,29.0,1380000000.0,877000000.0,6665797632.0,0.03,1900-01-01 15:34:19,10,4
49,68755bbcc9327eb904ad1120,Prompt 5,True,0.04,179.85,29.0,1380000000.0,877000000.0,6665797632.0,0.03,1900-01-01 15:34:20,10,5
50,68755bbcc9327eb904ad1121,Prompt 5,True,0.04,179.85,29.0,1380000000.0,877000000.0,6665797632.0,0.03,1900-01-01 15:34:20,10,6
51,68755bbcc9327eb904ad1122,Prompt 5,True,0.04,179.85,29.0,1380000000.0,877000000.0,6665797632.0,0.03,1900-01-01 15:34:20,11,7
52,68755bbcc9327eb904ad1123,Prompt 5,True,0.04,179.85,29.0,1380000000.0,877000000.0,6665797632.0,0.03,1900-01-01 15:34:20,11,8
53,68755bbdc9327eb904ad1124,Prompt 5,True,0.04,179.85,29.0,1380000000.0,877000000.0,6665797632.0,0.03,1900-01-01 15:34:21,11,9
54,68755bbdc9327eb904ad1125,Prompt 5,True,0.04,179.85,29.0,1380000000.0,877000000.0,6665797632.0,0.03,1900-01-01 15:34:21,11,10
55,68755bbdc9327eb904ad1126,Prompt 5,True,0.04,179.85,29.0,1380000000.0,877000000.0,6665797632.0,0.03,1900-01-01 15:34:21,12,11
56,68755bbdc9327eb904ad1127,Prompt 5,True,0.04,179.85,29.0,1380000000.0,877000000.0,6665797632.0,0.03,1900-01-01 15:34:21,12,12
57,68755bbdc9327eb904ad1128,Prompt 5,True,0.04,179.85,29.0,1380000000.0,877000000.0,6665797632.0,0.03,1900-01-01 15:34:21,12,13
58,68755bbec9327eb904ad1129,Prompt 5,True,0.04,179.85,29.0,1380000000.0,877000000.0,6665797632.0,0.03,1900-01-01 15:34:22,12,14
59,68755bbec9327eb904ad112a,Prompt 5,True,0.04,179.85,29.0,1380000000.0,877000000.0,6665797632.0,0.03,1900-01-01 15:34:22,12,15
60,68755bbec9327eb904ad112b,Prompt 5,True,0.04,179.85,29.0,1380000000.0,877000000.0,6665797632.0,0.03,1900-01-01 15:34:22,13,16
61,68755bbec9327eb904ad112c,Prompt 5,True,0.04,179.85,29.0,1380000000.0,877000000.0,6665797632.0,0.03,1900-01-01 15:34:22,13,17
62,68755bbfc9327eb904ad112d,Prompt 5,True,0.04,179.85,29.0,1380000000.0,877000000.0,6665797632.0,0.03,1900-01-01 15:34:23,13,18
63,68755bbfc9327eb904ad112e,Prompt 5,True,0.04,179.85,29.0,1380000000.0,877000000.0,6665797632.0,0.03,1900-01-01 15:34:23,13,19
64,68755bbfc9327eb904ad112f,Prompt 5,True,0.04,179.85,29.0,1380000000.0,877000000.0,6665797632.0,0.03,1900-01-01 15:34:23,14,20
65,68755bbfc9327eb904ad1130,Prompt 5,True,0.04,179.85,29.0,1380000000.0,877000000.0,6665797632.0,0.03,1900-01-01 15:34:23,14,21
66,68755bbfc9327eb904ad1131,Prompt 5,True,0.04,179.85,29.0,1380000000.0,877000000.0,6665797632.0,0.03,1900-01-01 15:34:23,14,22
67,68755bc0c9327eb904ad1132,Prompt 5,True,0.04,179.85,29.0,1380000000.0,877000000.0,6665797632.0,0.03,1900-01-01 15:34:24,14,23
68,68755bc0c9327eb904ad1133,Prompt 5,True,0.04,179.85,29.0,1380000000.0,877000000.0,6665797632.0,0.03,1900-01-01 15:34:24,14,24
69,68755bc0c9327eb904ad1134,Prompt 5,True,0.04,179.85,29.0,1380000000.0,877000000.0,6665797632.0,0.03,1900-01-01 15:34:24,15,25
70,68755bc0c9327eb904ad1135,Prompt 5,True,0.04,179.85,29.0,1380000000.0,877000000.0,6665797632.0,0.03,1900-01-01 15:34:24,15,26
71,68755bc1c9327eb904ad1136,Prompt 5,True,0.04,179.85,29.0,1380000000.0,877000000.0,6665797632.0,0.03,1900-01-01 15:34:25,15,27
72,68755bc1c9327eb904ad1137,Prompt 5,True,0.04,179.85,29.0,1380000000.0,877000000.0,6665797632.0,0.03,1900-01-01 15:34:25,15,28
73,68755bc1c9327eb904ad1138,Prompt 5,True,0.04,179.85,29.0,1380000000.0,877000000.0,6665797632.0,0.03,1900-01-01 15:34:25,16,29
74,68755bc1c9327eb904ad1139,,True,,,,,,,,1900-01-01 15:34:25,,
75,68755bc1c9327eb904ad113a,Prompt 6,True,0.04,179.85,29.0,1380000000.0,877000000.0,6665797632.0,0.03,1900-01-01 15:34:25,16,1
76,68755bc1c9327eb904ad113b,Prompt 6,True,0.04,179.85,29.0,1380000000.0,877000000.0,6665797632.0,0.03,1900-01-01 15:34:25,16,2
77,68755bc2c9327eb904ad113c,Prompt 6,True,0.04,179.85,29.0,1380000000.0,877000000.0,6665797632.0,0.03,1900-01-01 15:34:26,16,3
78,68755bc2c9327eb904ad113d,Prompt 6,True,0.04,179.85,29.0,1380000000.0,877000000.0,6665797632.0,0.03,1900-01-01 15:34:26,16,4
79,68755bc2c9327eb904ad113e,Prompt 6,True,0.04,179.85,29.0,1380000000.0,877000000.0,6665797632.0,0.03,1900-01-01 15:34:26,17,5
80,68755bc2c9327eb904ad113f,Prompt 6,True,0.04,179.85,29.0,1380000000.0,877000000.0,6665797632.0,0.03,1900-01-01 15:34:26,17,6
81,68755bc2c9327eb904ad1140,Prompt 6,True,0.04,179.85,29.0,1380000000.0,877000000.0,6665797632.0,0.03,1900-01-01 15:34:26,17,7
82,68755bc3c9327eb904ad1141,Prompt 6,True,0.04,179.85,29.0,1380000000.0,877000000.0,6665797632.0,0.03,1900-01-01 15:34:27,17,8
83,68755bc3c9327eb904ad1142,Prompt 6,True,0.04,179.85,29.0,1380000000.0,877000000.0,6665797632.0,0.03,1900-01-01 15:34:27,17,9
84,68755bc3c9327eb904ad1143,Prompt 6,True,0.04,179.85,29.0,1380000000.0,877000000.0,6665797632.0,0.03,1900-01-01 15:34:27,18,10
85,68755bc3c9327eb904ad1144,Prompt 6,True,0.04,179.85,29.0,1380000000.0,877000000.0,6665797632.0,0.03,1900-01-01 15:34:27,18,11
86,68755bc4c9327eb904ad1145,Prompt 6,True,0.04,179.85,29.0,1380000000.0,877000000.0,6665797632.0,0.03,1900-01-01 15:34:28,18,12
87,68755bc4c9327eb904ad1146,Prompt 6,True,0.04,179.85,29.0,1380000000.0,877000000.0,6665797632.0,0.03,1900-01-01 15:34:28,18,13
88,68755bc4c9327eb904ad1147,Prompt 6,True,0.04,179.85,29.0,1380000000.0,877000000.0,6665797632.0,0.03,1900-01-01 15:34:28,19,14
89,68755bc4c9327eb904ad1148,Prompt 6,True,0.04,179.85,29.0,1380000000.0,877000000.0,6665797632.0,0.03,1900-01-01 15:34:28,19,15
90,68755bc5c9327eb904ad1149,Prompt 6,True,0.04,179.85,29.0,1380000000.0,877000000.0,6665797632.0,0.03,1900-01-01 15:34:29,19,16
91,68755bc5c9327eb904ad114a,Prompt 6,True,0.04,179.85,29.0,1380000000.0,877000000.0,6665797632.0,0.03,1900-01-01 15:34:29,19,17
92,68755bc5c9327eb904ad114b,Prompt 6,True,0.04,179.85,29.0,1380000000.0,877000000.0,6665797632.0,0.03,1900-01-01 15:34:29,20,18
93,68755bc5c9327eb904ad114c,Prompt 6,True,0.04,179.85,29.0,1380000000.0,877000000.0,6665797632.0,0.03,1900-01-01 15:34:29,20,19
94,68755bc6c9327eb904ad114d,Prompt 6,True,0.04,179.85,29.0,1380000000.0,877000000.0,6665797632.0,0.03,1900-01-01 15:34:30,20,20
95,68755bc6c9327eb904ad114e,Prompt 6,True,0.04,179.85,29.0,1380000000.0,877000000.0,6665797632.0,0.03,1900-01-01 15:34:30,20,21
96,68755bc6c9327eb904ad114f,Prompt 6,True,0.04,179.85,29.0,1380000000.0,877000000.0,6665797632.0,0.03,1900-01-01 15:34:30,21,22
97,68755bc6c9327eb904ad1150,Prompt 6,True,0.04,179.85,29.0,1380000000.0,877000000.0,6665797632.0,0.03,1900-01-01 15:34:30,21,23
98,68755bc6c9327eb904ad1151,Prompt 6,True,0.04,179.85,29.0,1380000000.0,877000000.0,6665797632.0,0.03,1900-01-01 15:34:30,21,24
99,68755bc7c9327eb904ad1152,Prompt 6,True,0.04,179.85,29.0,1380000000.0,877000000.0,6665797632.0,0.03,1900-01-01 15:34:31,21,25
100,68755bc7c9327eb904ad1153,Prompt 6,True,0.04,179.85,29.0,1380000000.0,877000000.0,6665797632.0,0.03,1900-01-01 15:34:31,21,26
101,68755bc7c9327eb904ad1154,Prompt 6,True,0.04,179.85,29.0,1380000000.0,877000000.0,6665797632.0,0.03,1900-01-01 15:34:31,22,27
102,68755bc7c9327eb904ad1155,Prompt 6,True,0.04,179.85,29.0,1380000000.0,877000000.0,6665797632.0,0.03,1900-01-01 15:34:31,22,28
103,68755bc8c9327eb904ad1156,Prompt 6,True,0.04,179.85,29.0,1380000000.0,877000000.0,6665797632.0,0.03,1900-01-01 15:34:32,22,29
104,68755bc8c9327eb904ad1157,Prompt 6,True,0.04,179.85,29.0,1380000000.0,877000000.0,6665797632.0,0.03,1900-01-01 15:34:32,22,30
105,68755bc8c9327eb904ad1158,Prompt 6,True,0.04,179.85,29.0,1380000000.0,877000000.0,6665797632.0,0.03,1900-01-01 15:34:32,23,31
106,68755bc8c9327eb904ad1159,Prompt 6,True,0.04,179.85,29.0,1380000000.0,877000000.0,6665797632.0,0.03,1900-01-01 15:34:32,23,32
107,68755bc8c9327eb904ad115a,Prompt 6,True,0.04,190.17,36.0,1380000000.0,877000000.0,6667894784.0,0.56,1900-01-01 15:34:32,23,33
108,68755bc9c9327eb904ad115b,Prompt 6,True,0.81,190.17,36.0,1380000000.0,877000000.0,6667894784.0,0.56,1900-01-01 15:34:33,23,34
109,68755bc9c9327eb904ad115c,Prompt 6,True,0.81,190.17,36.0,1380000000.0,877000000.0,6667894784.0,0.56,1900-01-01 15:34:33,23,35
110,68755bc9c9327eb904ad115d,Prompt 6,True,0.81,190.17,36.0,1380000000.0,877000000.0,6667894784.0,0.56,1900-01-01 15:34:33,24,36
111,68755bc9c9327eb904ad115e,Prompt 6,True,0.81,190.17,36.0,1380000000.0,877000000.0,6667894784.0,0.56,1900-01-01 15:34:33,24,37
112,68755bcac9327eb904ad115f,Prompt 6,True,0.81,190.17,36.0,1380000000.0,877000000.0,6667894784.0,0.56,1900-01-01 15:34:34,24,38
113,68755bcac9327eb904ad1160,Prompt 6,True,0.81,190.17,36.0,1380000000.0,877000000.0,6667894784.0,0.56,1900-01-01 15:34:34,24,39
114,68755bcac9327eb904ad1161,Prompt 6,True,0.81,190.17,36.0,1380000000.0,877000000.0,6667894784.0,0.56,1900-01-01 15:34:34,25,40
115,68755bcac9327eb904ad1162,Prompt 6,True,0.81,190.17,36.0,1380000000.0,877000000.0,6667894784.0,0.56,1900-01-01 15:34:34,25,41
116,68755bcac9327eb904ad1163,Prompt 6,True,0.81,190.17,36.0,1380000000.0,877000000.0,6667894784.0,0.56,1900-01-01 15:34:34,25,42
117,68755bcbc9327eb904ad1164,Prompt 6,True,0.81,190.17,36.0,1380000000.0,877000000.0,6667894784.0,0.56,1900-01-01 15:34:35,25,43
118,68755bcbc9327eb904ad1165,Prompt 6,True,0.81,190.17,36.0,1380000000.0,877000000.0,6667894784.0,0.56,1900-01-01 15:34:35,25,44
119,68755bcbc9327eb904ad1166,Prompt 6,True,0.81,190.17,36.0,1380000000.0,877000000.0,6667894784.0,0.56,1900-01-01 15:34:35,26,45
120,68755bcbc9327eb904ad1167,Prompt 6,True,0.81,190.17,36.0,1380000000.0,877000000.0,6667894784.0,0.56,1900-01-01 15:34:35,26,46
121,68755bcbc9327eb904ad1168,Prompt 6,True,0.81,190.17,36.0,1380000000.0,877000000.0,6667894784.0,0.56,1900-01-01 15:34:35,26,47
122,68755bccc9327eb904ad1169,Prompt 6,True,0.81,190.17,36.0,1380000000.0,877000000.0,6667894784.0,0.56,1900-01-01 15:34:36,26,48
123,68755bccc9327eb904ad116a,Prompt 6,True,0.81,190.17,36.0,1380000000.0,877000000.0,6667894784.0,0.56,1900-01-01 15:34:36,26,49
124,68755bccc9327eb904ad116b,Prompt 6,True,0.81,190.17,36.0,1380000000.0,877000000.0,6667894784.0,0.56,1900-01-01 15:34:36,27,50
125,68755bccc9327eb904ad116c,Prompt 6,True,0.81,190.17,36.0,1380000000.0,877000000.0,6667894784.0,0.56,1900-01-01 15:34:36,27,51
126,68755bcdc9327eb904ad116d,Prompt 6,True,0.81,190.17,36.0,1380000000.0,877000000.0,6667894784.0,0.56,1900-01-01 15:34:37,27,52
127,68755bcdc9327eb904ad116e,Prompt 6,True,0.81,190.17,36.0,1380000000.0,877000000.0,6667894784.0,0.56,1900-01-01 15:34:37,27,53
128,68755bcdc9327eb904ad116f,Prompt 6,True,0.81,190.17,36.0,1380000000.0,877000000.0,6667894784.0,0.56,1900-01-01 15:34:37,28,54
129,68755bcdc9327eb904ad1170,Prompt 6,True,0.81,190.17,36.0,1380000000.0,877000000.0,6667894784.0,0.56,1900-01-01 15:34:37,28,55
130,68755bcdc9327eb904ad1171,Prompt 6,True,0.81,190.17,36.0,1380000000.0,877000000.0,6667894784.0,0.56,1900-01-01 15:34:37,28,56
131,68755bcec9327eb904ad1172,Prompt 6,True,0.81,190.17,36.0,1380000000.0,877000000.0,6667894784.0,0.56,1900-01-01 15:34:38,28,57
132,68755bcec9327eb904ad1173,Prompt 6,True,0.81,190.17,36.0,1380000000.0,877000000.0,6667894784.0,0.56,1900-01-01 15:34:38,28,58
133,68755bcec9327eb904ad1174,Prompt 6,True,0.81,190.17,36.0,1380000000.0,877000000.0,6667894784.0,0.56,1900-01-01 15:34:38,29,59
134,68755bcec9327eb904ad1175,Prompt 6,True,0.81,190.17,36.0,1380000000.0,877000000.0,6667894784.0,0.56,1900-01-01 15:34:38,29,60
135,68755bcfc9327eb904ad1176,Prompt 6,True,0.81,190.17,36.0,1380000000.0,877000000.0,6667894784.0,0.56,1900-01-01 15:34:39,29,61
136,68755bcfc9327eb904ad1177,Prompt 6,True,0.81,190.17,36.0,1380000000.0,877000000.0,6667894784.0,0.56,1900-01-01 15:34:39,29,62
137,68755bcfc9327eb904ad1178,Prompt 6,True,0.81,190.17,36.0,1380000000.0,877000000.0,6667894784.0,0.56,1900-01-01 15:34:39,30,63
138,68755bcfc9327eb904ad1179,Prompt 6,True,0.81,190.17,36.0,1380000000.0,877000000.0,6667894784.0,0.56,1900-01-01 15:34:39,30,64
139,68755bcfc9327eb904ad117a,Prompt 6,True,0.81,190.17,36.0,1380000000.0,877000000.0,6667894784.0,0.56,1900-01-01 15:34:39,30,65
140,68755bd0c9327eb904ad117b,Prompt 6,True,0.81,190.17,36.0,1380000000.0,877000000.0,6667894784.0,0.56,1900-01-01 15:34:40,30,66
141,68755bd0c9327eb904ad117c,Prompt 6,True,0.81,190.17,36.0,1380000000.0,877000000.0,6667894784.0,0.56,1900-01-01 15:34:40,30,67
142,68755bd0c9327eb904ad117d,Prompt 6,True,0.81,190.17,36.0,1380000000.0,877000000.0,6667894784.0,0.56,1900-01-01 15:34:40,31,68
143,68755bd0c9327eb904ad117e,Prompt 6,True,0.81,190.17,36.0,1380000000.0,877000000.0,6667894784.0,0.56,1900-01-01 15:34:40,31,69
144,68755bd0c9327eb904ad117f,Prompt 6,True,0.81,190.17,36.0,1380000000.0,877000000.0,6667894784.0,0.56,1900-01-01 15:34:40,31,70
145,68755bd1c9327eb904ad1180,Prompt 6,True,0.81,190.17,36.0,1380000000.0,877000000.0,6667894784.0,0.56,1900-01-01 15:34:41,31,71
146,68755bd1c9327eb904ad1181,Prompt 6,True,0.81,190.17,36.0,1380000000.0,877000000.0,6667894784.0,0.56,1900-01-01 15:34:41,31,72
147,68755bd1c9327eb904ad1182,Prompt 6,True,0.81,190.17,36.0,1380000000.0,877000000.0,6667894784.0,0.56,1900-01-01 15:34:41,32,73
148,68755bd1c9327eb904ad1183,Prompt 6,True,0.81,190.17,36.0,1380000000.0,877000000.0,6667894784.0,0.56,1900-01-01 15:34:41,32,74
149,68755bd2c9327eb904ad1184,Prompt 6,True,0.81,190.17,36.0,1380000000.0,877000000.0,6667894784.0,0.56,1900-01-01 15:34:42,32,75
150,68755bd2c9327eb904ad1185,Prompt 6,True,0.81,190.17,36.0,1380000000.0,877000000.0,6667894784.0,0.56,1900-01-01 15:34:42,32,76
151,68755bd2c9327eb904ad1186,Prompt 6,True,0.81,190.17,36.0,1380000000.0,877000000.0,6667894784.0,0.56,1900-01-01 15:34:42,32,77
152,68755bd2c9327eb904ad1187,Prompt 6,True,0.81,190.17,36.0,1380000000.0,877000000.0,6667894784.0,0.56,1900-01-01 15:34:42,33,78
153,68755bd2c9327eb904ad1188,Prompt 6,True,0.81,190.17,36.0,1380000000.0,877000000.0,6667894784.0,0.56,1900-01-01 15:34:42,33,79
154,68755bd3c9327eb904ad1189,Prompt 6,True,0.81,190.17,36.0,1380000000.0,877000000.0,6667894784.0,0.56,1900-01-01 15:34:43,33,80
155,68755bd3c9327eb904ad118a,Prompt 6,True,0.81,190.17,36.0,1380000000.0,877000000.0,6667894784.0,0.56,1900-01-01 15:34:43,33,81
156,68755bd3c9327eb904ad118b,Prompt 6,True,0.81,190.17,36.0,1380000000.0,877000000.0,6667894784.0,0.56,1900-01-01 15:34:43,34,82
157,68755bd3c9327eb904ad118c,Prompt 6,True,0.81,190.17,36.0,1380000000.0,877000000.0,6667894784.0,0.56,1900-01-01 15:34:43,34,83
158,68755bd3c9327eb904ad118d,Prompt 6,True,0.81,190.17,36.0,1380000000.0,877000000.0,6667894784.0,0.56,1900-01-01 15:34:43,34,84
159,68755bd4c9327eb904ad118e,Prompt 6,True,0.81,190.17,36.0,1380000000.0,877000000.0,6667894784.0,0.56,1900-01-01 15:34:44,34,85
160,68755bd4c9327eb904ad118f,Prompt 6,True,0.81,190.17,36.0,1380000000.0,877000000.0,6667894784.0,0.56,1900-01-01 15:34:44,34,86
161,68755bd4c9327eb904ad1190,Prompt 6,True,0.81,190.17,36.0,1380000000.0,877000000.0,6667894784.0,0.56,1900-01-01 15:34:44,35,87
162,68755bd4c9327eb904ad1191,Prompt 6,True,0.81,190.17,36.0,1380000000.0,877000000.0,6667894784.0,0.56,1900-01-01 15:34:44,35,88
163,68755bd5c9327eb904ad1192,Prompt 6,True,0.81,190.17,36.0,1380000000.0,877000000.0,6667894784.0,0.56,1900-01-01 15:34:45,35,89
164,68755bd5c9327eb904ad1193,Prompt 6,True,0.81,190.17,36.0,1380000000.0,877000000.0,6667894784.0,0.56,1900-01-01 15:34:45,35,90
165,68755bd5c9327eb904ad1194,Prompt 6,True,0.81,190.17,36.0,1380000000.0,877000000.0,6667894784.0,0.56,1900-01-01 15:34:45,36,91
166,68755bd5c9327eb904ad1195,Prompt 6,True,0.81,190.17,36.0,1380000000.0,877000000.0,6667894784.0,0.56,1900-01-01 15:34:45,36,92
167,68755bd5c9327eb904ad1196,Prompt 6,True,0.81,190.17,36.0,1380000000.0,877000000.0,6667894784.0,0.56,1900-01-01 15:34:45,36,93
168,68755bd6c9327eb904ad1197,Prompt 6,True,0.81,190.17,36.0,1380000000.0,877000000.0,6667894784.0,0.56,1900-01-01 15:34:46,36,94
169,68755bd6c9327eb904ad1198,Prompt 6,True,0.81,190.17,36.0,1380000000.0,877000000.0,6667894784.0,0.56,1900-01-01 15:34:46,36,95
170,68755bd6c9327eb904ad1199,Prompt 6,True,0.81,190.17,36.0,1380000000.0,877000000.0,6667894784.0,0.56,1900-01-01 15:34:46,37,96
171,68755bd6c9327eb904ad119a,Prompt 6,True,0.81,190.17,36.0,1380000000.0,877000000.0,6667894784.0,0.56,1900-01-01 15:34:46,37,97
172,68755bd7c9327eb904ad119b,Prompt 6,True,0.81,190.17,36.0,1380000000.0,877000000.0,6667894784.0,0.56,1900-01-01 15:34:47,37,98
173,68755bd7c9327eb904ad119c,Prompt 6,True,0.81,190.17,36.0,1380000000.0,877000000.0,6667894784.0,0.56,1900-01-01 15:34:47,37,99
174,68755bd7c9327eb904ad119d,Prompt 6,True,0.81,190.17,36.0,1380000000.0,877000000.0,6667894784.0,0.56,1900-01-01 15:34:47,38,100
175,68755bd7c9327eb904ad119e,Prompt 6,True,0.81,190.17,36.0,1380000000.0,877000000.0,6667894784.0,0.56,1900-01-01 15:34:47,38,101
176,68755bd7c9327eb904ad119f,Prompt 6,True,0.81,180.32,39.0,1380000000.0,877000000.0,6667894784.0,0.55,1900-01-01 15:34:47,38,102
177,68755bd8c9327eb904ad11a0,Prompt 6,True,0.8200000000000001,180.32,39.0,1380000000.0,877000000.0,6667894784.0,0.55,1900-01-01 15:34:48,38,103
178,68755bd8c9327eb904ad11a1,Prompt 6,True,0.8200000000000001,180.32,39.0,1380000000.0,877000000.0,6667894784.0,0.55,1900-01-01 15:34:48,38,104
179,68755bd8c9327eb904ad11a2,Prompt 6,True,0.8200000000000001,180.32,39.0,1380000000.0,877000000.0,6667894784.0,0.55,1900-01-01 15:34:48,39,105
180,68755bd8c9327eb904ad11a3,Prompt 6,True,0.8200000000000001,180.32,39.0,1380000000.0,877000000.0,6667894784.0,0.55,1900-01-01 15:34:48,39,106
181,68755bd9c9327eb904ad11a4,Prompt 6,True,0.8200000000000001,180.32,39.0,1380000000.0,877000000.0,6667894784.0,0.55,1900-01-01 15:34:49,39,107
182,68755bd9c9327eb904ad11a5,Prompt 6,True,0.8200000000000001,180.32,39.0,1380000000.0,877000000.0,6667894784.0,0.55,1900-01-01 15:34:49,39,108
183,68755bd9c9327eb904ad11a6,Prompt 6,True,0.8200000000000001,180.32,39.0,1380000000.0,877000000.0,6667894784.0,0.55,1900-01-01 15:34:49,40,109
184,68755bd9c9327eb904ad11a7,Prompt 6,True,0.8200000000000001,180.32,39.0,1380000000.0,877000000.0,6667894784.0,0.55,1900-01-01 15:34:49,40,110
185,68755bd9c9327eb904ad11a8,Prompt 6,True,0.8200000000000001,180.32,39.0,1380000000.0,877000000.0,6667894784.0,0.55,1900-01-01 15:34:49,40,111
186,68755bdac9327eb904ad11a9,Prompt 6,True,0.8200000000000001,180.32,39.0,1380000000.0,877000000.0,6667894784.0,0.55,1900-01-01 15:34:50,40,112
187,68755bdac9327eb904ad11aa,Prompt 6,True,0.8200000000000001,180.32,39.0,1380000000.0,877000000.0,6667894784.0,0.55,1900-01-01 15:34:50,40,113
188,68755bdac9327eb904ad11ab,Prompt 6,True,0.8200000000000001,180.32,39.0,1380000000.0,877000000.0,6667894784.0,0.55,1900-01-01 15:34:50,41,114
189,68755bdac9327eb904ad11ac,Prompt 6,True,0.8200000000000001,180.32,39.0,1380000000.0,877000000.0,6667894784.0,0.55,1900-01-01 15:34:50,41,115
190,68755bdbc9327eb904ad11ad,Prompt 6,True,0.8200000000000001,180.32,39.0,1380000000.0,877000000.0,6667894784.0,0.55,1900-01-01 15:34:51,41,116
191,68755bdbc9327eb904ad11ae,Prompt 6,True,0.8200000000000001,180.32,39.0,1380000000.0,877000000.0,6667894784.0,0.55,1900-01-01 15:34:51,41,117
192,68755bdbc9327eb904ad11af,Prompt 6,True,0.8200000000000001,180.32,39.0,1380000000.0,877000000.0,6667894784.0,0.55,1900-01-01 15:34:51,42,118
193,68755bdbc9327eb904ad11b0,Prompt 6,True,0.8200000000000001,180.32,39.0,1380000000.0,877000000.0,6667894784.0,0.55,1900-01-01 15:34:51,42,119
194,68755bdbc9327eb904ad11b1,Prompt 6,True,0.8200000000000001,180.32,39.0,1380000000.0,877000000.0,6667894784.0,0.55,1900-01-01 15:34:51,42,120
195,68755bdcc9327eb904ad11b2,Prompt 6,True,0.8200000000000001,180.32,39.0,1380000000.0,877000000.0,6667894784.0,0.55,1900-01-01 15:34:52,42,121
196,68755bdcc9327eb904ad11b3,Prompt 6,True,0.8200000000000001,180.32,39.0,1380000000.0,877000000.0,6667894784.0,0.55,1900-01-01 15:34:52,43,122
197,68755bdcc9327eb904ad11b4,Prompt 6,True,0.8200000000000001,180.32,39.0,1380000000.0,877000000.0,6667894784.0,0.55,1900-01-01 15:34:52,43,123
198,68755bdcc9327eb904ad11b5,Prompt 6,True,0.8200000000000001,180.32,39.0,1380000000.0,877000000.0,6667894784.0,0.55,1900-01-01 15:34:52,43,124
199,68755bddc9327eb904ad11b6,Prompt 6,True,0.8200000000000001,180.32,39.0,1380000000.0,877000000.0,6667894784.0,0.55,1900-01-01 15:34:53,43,125
200,68755bddc9327eb904ad11b7,Prompt 6,True,0.8200000000000001,180.32,39.0,1380000000.0,877000000.0,6667894784.0,0.55,1900-01-01 15:34:53,43,126
201,68755bddc9327eb904ad11b8,Prompt 6,True,0.8200000000000001,180.32,39.0,1380000000.0,877000000.0,6667894784.0,0.55,1900-01-01 15:34:53,44,127
202,68755bddc9327eb904ad11b9,Prompt 6,True,0.8200000000000001,180.32,39.0,1380000000.0,877000000.0,6667894784.0,0.55,1900-01-01 15:34:53,44,128
203,68755bdec9327eb904ad11ba,Prompt 6,True,0.8200000000000001,180.32,39.0,1380000000.0,877000000.0,6667894784.0,0.55,1900-01-01 15:34:54,44,129
204,68755bdec9327eb904ad11bb,Prompt 6,True,0.8200000000000001,180.32,39.0,1380000000.0,877000000.0,6667894784.0,0.55,1900-01-01 15:34:54,44,130
205,68755bdec9327eb904ad11bc,Prompt 6,True,0.8200000000000001,180.32,39.0,1380000000.0,877000000.0,6667894784.0,0.55,1900-01-01 15:34:54,45,131
206,68755bdec9327eb904ad11bd,Prompt 6,True,0.8200000000000001,180.32,39.0,1380000000.0,877000000.0,6667894784.0,0.55,1900-01-01 15:34:54,45,132
207,68755bdec9327eb904ad11be,Prompt 6,True,0.8200000000000001,180.32,39.0,1380000000.0,877000000.0,6667894784.0,0.55,1900-01-01 15:34:54,45,133
208,68755bdfc9327eb904ad11bf,Prompt 6,True,0.8200000000000001,180.32,39.0,1380000000.0,877000000.0,6667894784.0,0.55,1900-01-01 15:34:55,45,134
209,68755bdfc9327eb904ad11c0,Prompt 6,True,0.8200000000000001,180.32,39.0,1380000000.0,877000000.0,6667894784.0,0.55,1900-01-01 15:34:55,45,135
210,68755bdfc9327eb904ad11c1,Prompt 6,True,0.8200000000000001,180.32,39.0,1380000000.0,877000000.0,6667894784.0,0.55,1900-01-01 15:34:55,46,136
211,68755bdfc9327eb904ad11c2,Prompt 6,True,0.8200000000000001,180.32,39.0,1380000000.0,877000000.0,6667894784.0,0.55,1900-01-01 15:34:55,46,137
212,68755bdfc9327eb904ad11c3,Prompt 6,True,0.8200000000000001,180.32,39.0,1380000000.0,877000000.0,6667894784.0,0.55,1900-01-01 15:34:55,46,138
213,68755be0c9327eb904ad11c4,Prompt 6,True,0.8200000000000001,180.32,39.0,1380000000.0,877000000.0,6667894784.0,0.55,1900-01-01 15:34:56,46,139
214,68755be0c9327eb904ad11c5,Prompt 6,True,0.8200000000000001,180.32,39.0,1380000000.0,877000000.0,6667894784.0,0.55,1900-01-01 15:34:56,46,140
215,68755be0c9327eb904ad11c6,Prompt 6,True,0.8200000000000001,180.32,39.0,1380000000.0,877000000.0,6667894784.0,0.55,1900-01-01 15:34:56,47,141
216,68755be0c9327eb904ad11c7,Prompt 6,True,0.8200000000000001,180.32,39.0,1380000000.0,877000000.0,6667894784.0,0.55,1900-01-01 15:34:56,47,142
217,68755be0c9327eb904ad11c8,Prompt 6,True,0.8200000000000001,180.32,39.0,1380000000.0,877000000.0,6667894784.0,0.55,1900-01-01 15:34:56,47,143
218,68755be1c9327eb904ad11c9,Prompt 6,True,0.8200000000000001,180.32,39.0,1380000000.0,877000000.0,6667894784.0,0.55,1900-01-01 15:34:57,47,144
219,68755be1c9327eb904ad11ca,Prompt 6,True,0.8200000000000001,180.32,39.0,1380000000.0,877000000.0,6667894784.0,0.55,1900-01-01 15:34:57,47,145
220,68755be1c9327eb904ad11cb,Prompt 6,True,0.8200000000000001,180.32,39.0,1380000000.0,877000000.0,6667894784.0,0.55,1900-01-01 15:34:57,48,146
221,68755be1c9327eb904ad11cc,Prompt 6,True,0.8200000000000001,180.32,39.0,1380000000.0,877000000.0,6667894784.0,0.55,1900-01-01 15:34:57,48,147
222,68755be2c9327eb904ad11cd,Prompt 6,True,0.8200000000000001,180.32,39.0,1380000000.0,877000000.0,6667894784.0,0.55,1900-01-01 15:34:58,48,148
223,68755be2c9327eb904ad11ce,Prompt 6,True,0.8200000000000001,180.32,39.0,1380000000.0,877000000.0,6667894784.0,0.55,1900-01-01 15:34:58,48,149
224,68755be2c9327eb904ad11cf,Prompt 6,True,0.8200000000000001,180.32,39.0,1380000000.0,877000000.0,6667894784.0,0.55,1900-01-01 15:34:58,49,150
225,68755be2c9327eb904ad11d0,Prompt 6,True,0.8200000000000001,180.32,39.0,1380000000.0,877000000.0,6667894784.0,0.55,1900-01-01 15:34:58,49,151
226,68755be2c9327eb904ad11d1,Prompt 6,True,0.8200000000000001,180.32,39.0,1380000000.0,877000000.0,6667894784.0,0.55,1900-01-01 15:34:58,49,152
227,68755be3c9327eb904ad11d2,Prompt 6,True,0.8200000000000001,180.32,39.0,1380000000.0,877000000.0,6667894784.0,0.55,1900-01-01 15:34:59,49,153
228,68755be3c9327eb904ad11d3,Prompt 6,True,0.8200000000000001,180.32,39.0,1380000000.0,877000000.0,6667894784.0,0.55,1900-01-01 15:34:59,49,154
229,68755be3c9327eb904ad11d4,Prompt 6,True,0.8200000000000001,180.32,39.0,1380000000.0,877000000.0,6667894784.0,0.55,1900-01-01 15:34:59,50,155
230,68755be3c9327eb904ad11d5,Prompt 6,True,0.8200000000000001,180.32,39.0,1380000000.0,877000000.0,6667894784.0,0.55,1900-01-01 15:34:59,50,156
231,68755be3c9327eb904ad11d6,Prompt 6,True,0.8200000000000001,180.32,39.0,1380000000.0,877000000.0,6667894784.0,0.55,1900-01-01 15:34:59,50,157
232,68755be4c9327eb904ad11d7,Prompt 6,True,0.8200000000000001,180.32,39.0,1380000000.0,877000000.0,6667894784.0,0.55,1900-01-01 15:35:00,50,158
233,68755be4c9327eb904ad11d8,Prompt 6,True,0.8200000000000001,180.32,39.0,1380000000.0,877000000.0,6667894784.0,0.55,1900-01-01 15:35:00,50,159
234,68755be4c9327eb904ad11d9,Prompt 6,True,0.8200000000000001,180.32,39.0,1380000000.0,877000000.0,6667894784.0,0.55,1900-01-01 15:35:00,51,160
235,68755be4c9327eb904ad11da,Prompt 6,True,0.8200000000000001,180.32,39.0,1380000000.0,877000000.0,6667894784.0,0.55,1900-01-01 15:35:00,51,161
236,68755be4c9327eb904ad11db,Prompt 6,True,0.8200000000000001,180.32,39.0,1380000000.0,877000000.0,6667894784.0,0.55,1900-01-01 15:35:00,51,162
237,68755be5c9327eb904ad11dc,Prompt 6,True,0.8200000000000001,180.32,39.0,1380000000.0,877000000.0,6667894784.0,0.55,1900-01-01 15:35:01,51,163
238,68755be5c9327eb904ad11dd,Prompt 6,True,0.8200000000000001,180.32,39.0,1380000000.0,877000000.0,6667894784.0,0.55,1900-01-01 15:35:01,51,164
239,68755be5c9327eb904ad11de,Prompt 6,True,0.8200000000000001,180.32,39.0,1380000000.0,877000000.0,6667894784.0,0.55,1900-01-01 15:35:01,52,165
240,68755be5c9327eb904ad11df,Prompt 6,True,0.8200000000000001,180.32,39.0,1380000000.0,877000000.0,6667894784.0,0.55,1900-01-01 15:35:01,52,166
241,68755be6c9327eb904ad11e0,Prompt 6,True,0.8200000000000001,180.32,39.0,1380000000.0,877000000.0,6667894784.0,0.55,1900-01-01 15:35:02,52,167
242,68755be6c9327eb904ad11e1,Prompt 6,True,0.8200000000000001,180.32,39.0,1380000000.0,877000000.0,6667894784.0,0.55,1900-01-01 15:35:02,53,168
243,68755be6c9327eb904ad11e2,Prompt 6,True,0.8200000000000001,180.32,39.0,1380000000.0,877000000.0,6667894784.0,0.55,1900-01-01 15:35:02,53,169
244,68755be6c9327eb904ad11e3,Prompt 6,True,0.8200000000000001,180.32,39.0,1380000000.0,877000000.0,6667894784.0,0.55,1900-01-01 15:35:02,53,170
245,68755be7c9327eb904ad11e4,Prompt 6,True,0.85,199.79,41.0,1380000000.0,877000000.0,6667894784.0,0.55,1900-01-01 15:35:03,53,171
246,68755be7c9327eb904ad11e5,Prompt 6,True,0.85,199.79,41.0,1380000000.0,877000000.0,6667894784.0,0.55,1900-01-01 15:35:03,53,172
247,68755be7c9327eb904ad11e6,Prompt 6,True,0.85,199.79,41.0,1380000000.0,877000000.0,6667894784.0,0.55,1900-01-01 15:35:03,54,173
248,68755be7c9327eb904ad11e7,Prompt 6,True,0.85,199.79,41.0,1380000000.0,877000000.0,6667894784.0,0.55,1900-01-01 15:35:03,54,174
249,68755be7c9327eb904ad11e8,Prompt 6,True,0.85,199.79,41.0,1380000000.0,877000000.0,6667894784.0,0.55,1900-01-01 15:35:03,54,175
250,68755be8c9327eb904ad11e9,Prompt 6,True,0.85,199.79,41.0,1380000000.0,877000000.0,6667894784.0,0.55,1900-01-01 15:35:04,54,176
251,68755be8c9327eb904ad11ea,Prompt 6,True,0.85,199.79,41.0,1380000000.0,877000000.0,6667894784.0,0.55,1900-01-01 15:35:04,54,177
252,68755be8c9327eb904ad11eb,Prompt 6,True,0.85,199.79,41.0,1380000000.0,877000000.0,6667894784.0,0.55,1900-01-01 15:35:04,55,178
253,68755be8c9327eb904ad11ec,Prompt 6,True,0.85,199.79,41.0,1380000000.0,877000000.0,6667894784.0,0.55,1900-01-01 15:35:04,55,179
254,68755be8c9327eb904ad11ed,Prompt 6,True,0.85,199.79,41.0,1380000000.0,877000000.0,6667894784.0,0.55,1900-01-01 15:35:04,55,180
255,68755be9c9327eb904ad11ee,Prompt 6,True,0.85,199.79,41.0,1380000000.0,877000000.0,6667894784.0,0.55,1900-01-01 15:35:05,55,181
256,68755be9c9327eb904ad11ef,Prompt 6,True,0.85,199.79,41.0,1380000000.0,877000000.0,6667894784.0,0.55,1900-01-01 15:35:05,55,182
257,68755be9c9327eb904ad11f0,Prompt 6,True,0.85,199.79,41.0,1380000000.0,877000000.0,6667894784.0,0.55,1900-01-01 15:35:05,56,183
258,68755be9c9327eb904ad11f1,Prompt 6,True,0.85,199.79,41.0,1380000000.0,877000000.0,6667894784.0,0.55,1900-01-01 15:35:05,56,184
259,68755beac9327eb904ad11f2,Prompt 6,True,0.85,199.79,41.0,1380000000.0,877000000.0,6667894784.0,0.55,1900-01-01 15:35:06,56,185
260,68755beac9327eb904ad11f3,Prompt 6,True,0.85,199.79,41.0,1380000000.0,877000000.0,6667894784.0,0.55,1900-01-01 15:35:06,56,186
261,68755beac9327eb904ad11f4,Prompt 6,True,0.85,199.79,41.0,1380000000.0,877000000.0,6667894784.0,0.55,1900-01-01 15:35:06,57,187
262,68755beac9327eb904ad11f5,Prompt 6,True,0.85,199.79,41.0,1380000000.0,877000000.0,6667894784.0,0.55,1900-01-01 15:35:06,57,188
263,68755beac9327eb904ad11f6,Prompt 6,True,0.85,199.79,41.0,1380000000.0,877000000.0,6667894784.0,0.55,1900-01-01 15:35:06,57,189
264,68755bebc9327eb904ad11f7,Prompt 6,True,0.85,199.79,41.0,1380000000.0,877000000.0,6667894784.0,0.55,1900-01-01 15:35:07,57,190
265,68755bebc9327eb904ad11f8,Prompt 6,True,0.85,199.79,41.0,1380000000.0,877000000.0,6667894784.0,0.55,1900-01-01 15:35:07,57,191
266,68755bebc9327eb904ad11f9,Prompt 6,True,0.85,199.79,41.0,1380000000.0,877000000.0,6667894784.0,0.55,1900-01-01 15:35:07,58,192
267,68755bebc9327eb904ad11fa,Prompt 6,True,0.85,199.79,41.0,1380000000.0,877000000.0,6667894784.0,0.55,1900-01-01 15:35:07,58,193
268,68755becc9327eb904ad11fb,Prompt 6,True,0.85,199.79,41.0,1380000000.0,877000000.0,6667894784.0,0.55,1900-01-01 15:35:08,58,194
269,68755becc9327eb904ad11fc,Prompt 6,True,0.85,199.79,41.0,1380000000.0,877000000.0,6667894784.0,0.55,1900-01-01 15:35:08,58,195
270,68755becc9327eb904ad11fd,Prompt 6,True,0.85,199.79,41.0,1380000000.0,877000000.0,6667894784.0,0.55,1900-01-01 15:35:08,58,196
271,68755becc9327eb904ad11fe,Prompt 6,True,0.85,199.79,41.0,1380000000.0,877000000.0,6667894784.0,0.55,1900-01-01 15:35:08,59,197
272,68755becc9327eb904ad11ff,Prompt 6,True,0.85,199.79,41.0,1380000000.0,877000000.0,6667894784.0,0.55,1900-01-01 15:35:08,59,198
273,68755bedc9327eb904ad1200,Prompt 6,True,0.85,199.79,41.0,1380000000.0,877000000.0,6667894784.0,0.55,1900-01-01 15:35:09,59,199
274,68755bedc9327eb904ad1201,Prompt 6,True,0.85,199.79,41.0,1380000000.0,877000000.0,6667894784.0,0.55,1900-01-01 15:35:09,59,200
275,68755bedc9327eb904ad1202,Prompt 6,True,0.85,199.79,41.0,1380000000.0,877000000.0,6667894784.0,0.55,1900-01-01 15:35:09,60,201
276,68755bedc9327eb904ad1203,Prompt 6,True,0.85,199.79,41.0,1380000000.0,877000000.0,6667894784.0,0.55,1900-01-01 15:35:09,60,202
277,68755beec9327eb904ad1204,Prompt 6,True,0.85,199.79,41.0,1380000000.0,877000000.0,6667894784.0,0.55,1900-01-01 15:35:10,60,203
278,68755beec9327eb904ad1205,Prompt 6,True,0.85,199.79,41.0,1380000000.0,877000000.0,6667894784.0,0.55,1900-01-01 15:35:10,60,204
279,68755beec9327eb904ad1206,Prompt 6,True,0.85,199.79,41.0,1380000000.0,877000000.0,6667894784.0,0.55,1900-01-01 15:35:10,61,205
280,68755beec9327eb904ad1207,Prompt 6,True,0.85,199.79,41.0,1380000000.0,877000000.0,6667894784.0,0.55,1900-01-01 15:35:10,61,206
281,68755befc9327eb904ad1208,Prompt 6,True,0.85,199.79,41.0,1380000000.0,877000000.0,6667894784.0,0.55,1900-01-01 15:35:11,61,207
282,68755befc9327eb904ad1209,Prompt 6,True,0.85,199.79,41.0,1380000000.0,877000000.0,6667894784.0,0.55,1900-01-01 15:35:11,61,208
283,68755befc9327eb904ad120a,Prompt 6,True,0.85,199.79,41.0,1380000000.0,877000000.0,6667894784.0,0.55,1900-01-01 15:35:11,62,209
284,68755befc9327eb904ad120b,Prompt 6,True,0.85,199.79,41.0,1380000000.0,877000000.0,6667894784.0,0.55,1900-01-01 15:35:11,62,210
285,68755befc9327eb904ad120c,Prompt 6,True,0.85,199.79,41.0,1380000000.0,877000000.0,6667894784.0,0.55,1900-01-01 15:35:11,62,211
286,68755bf0c9327eb904ad120d,Prompt 6,True,0.85,199.79,41.0,1380000000.0,877000000.0,6667894784.0,0.55,1900-01-01 15:35:12,62,212
287,68755bf0c9327eb904ad120e,Prompt 6,True,0.85,199.79,41.0,1380000000.0,877000000.0,6667894784.0,0.55,1900-01-01 15:35:12,62,213
288,68755bf0c9327eb904ad120f,Prompt 6,True,0.85,199.79,41.0,1380000000.0,877000000.0,6667894784.0,0.55,1900-01-01 15:35:12,63,214
289,68755bf0c9327eb904ad1210,Prompt 6,True,0.85,199.79,41.0,1380000000.0,877000000.0,6667894784.0,0.55,1900-01-01 15:35:12,63,215
290,68755bf1c9327eb904ad1211,Prompt 6,True,0.85,199.79,41.0,1380000000.0,877000000.0,6667894784.0,0.55,1900-01-01 15:35:13,63,216
291,68755bf1c9327eb904ad1212,Prompt 6,True,0.85,199.79,41.0,1380000000.0,877000000.0,6667894784.0,0.55,1900-01-01 15:35:13,63,217
292,68755bf1c9327eb904ad1213,Prompt 6,True,0.85,199.79,41.0,1380000000.0,877000000.0,6667894784.0,0.55,1900-01-01 15:35:13,63,218
293,68755bf1c9327eb904ad1214,Prompt 6,True,0.85,199.79,41.0,1380000000.0,877000000.0,6667894784.0,0.55,1900-01-01 15:35:13,64,219
294,68755bf1c9327eb904ad1215,Prompt 6,True,0.85,199.79,41.0,1380000000.0,877000000.0,6667894784.0,0.55,1900-01-01 15:35:13,64,220
295,68755bf2c9327eb904ad1216,Prompt 6,True,0.85,199.79,41.0,1380000000.0,877000000.0,6667894784.0,0.55,1900-01-01 15:35:14,64,221
296,68755bf2c9327eb904ad1217,Prompt 6,True,0.85,199.79,41.0,1380000000.0,877000000.0,6667894784.0,0.55,1900-01-01 15:35:14,64,222
297,68755bf2c9327eb904ad1218,Prompt 6,True,0.85,199.79,41.0,1380000000.0,877000000.0,6667894784.0,0.55,1900-01-01 15:35:14,65,223
298,68755bf2c9327eb904ad1219,Prompt 6,True,0.85,199.79,41.0,1380000000.0,877000000.0,6667894784.0,0.55,1900-01-01 15:35:14,65,224
299,68755bf2c9327eb904ad121a,Prompt 6,True,0.85,199.79,41.0,1380000000.0,877000000.0,6667894784.0,0.55,1900-01-01 15:35:14,65,225
300,68755bf3c9327eb904ad121b,Prompt 6,True,0.85,199.79,41.0,1380000000.0,877000000.0,6667894784.0,0.55,1900-01-01 15:35:15,65,226
301,68755bf3c9327eb904ad121c,Prompt 6,True,0.85,199.79,41.0,1380000000.0,877000000.0,6667894784.0,0.55,1900-01-01 15:35:15,65,227
302,68755bf3c9327eb904ad121d,Prompt 6,True,0.85,199.79,41.0,1380000000.0,877000000.0,6667894784.0,0.55,1900-01-01 15:35:15,66,228
303,68755bf3c9327eb904ad121e,Prompt 6,True,0.85,199.79,41.0,1380000000.0,877000000.0,6667894784.0,0.55,1900-01-01 15:35:15,66,229
304,68755bf3c9327eb904ad121f,Prompt 6,True,0.85,199.79,41.0,1380000000.0,877000000.0,6667894784.0,0.55,1900-01-01 15:35:15,66,230
305,68755bf4c9327eb904ad1220,Prompt 6,True,0.85,199.79,41.0,1380000000.0,877000000.0,6667894784.0,0.55,1900-01-01 15:35:16,66,231
306,68755bf4c9327eb904ad1221,Prompt 6,True,0.85,199.79,41.0,1380000000.0,877000000.0,6667894784.0,0.55,1900-01-01 15:35:16,66,232
307,68755bf4c9327eb904ad1222,Prompt 6,True,0.85,199.79,41.0,1380000000.0,877000000.0,6667894784.0,0.55,1900-01-01 15:35:16,67,233
308,68755bf4c9327eb904ad1223,Prompt 6,True,0.85,199.79,41.0,1380000000.0,877000000.0,6667894784.0,0.55,1900-01-01 15:35:16,67,234
309,68755bf5c9327eb904ad1224,Prompt 6,True,0.85,199.79,41.0,1380000000.0,877000000.0,6667894784.0,0.55,1900-01-01 15:35:17,67,235
310,68755bf5c9327eb904ad1225,Prompt 6,True,0.85,199.79,41.0,1380000000.0,877000000.0,6667894784.0,0.55,1900-01-01 15:35:17,67,236
311,68755bf5c9327eb904ad1226,Prompt 6,True,0.85,199.79,41.0,1380000000.0,877000000.0,6667894784.0,0.55,1900-01-01 15:35:17,67,237
312,68755bf5c9327eb904ad1227,Prompt 6,True,0.85,199.79,41.0,1380000000.0,877000000.0,6667894784.0,0.55,1900-01-01 15:35:17,68,238
313,68755bf5c9327eb904ad1228,Prompt 6,True,0.85,199.79,41.0,1380000000.0,877000000.0,6667894784.0,0.54,1900-01-01 15:35:17,68,239
314,68755bf6c9327eb904ad1229,Prompt 6,True,0.84,191.03,42.0,1380000000.0,877000000.0,6667894784.0,0.54,1900-01-01 15:35:18,68,240
315,68755bf6c9327eb904ad122a,Prompt 6,True,0.84,191.03,42.0,1380000000.0,877000000.0,6667894784.0,0.54,1900-01-01 15:35:18,68,241
316,68755bf6c9327eb904ad122b,Prompt 6,True,0.84,191.03,42.0,1380000000.0,877000000.0,6667894784.0,0.54,1900-01-01 15:35:18,69,242
317,68755bf6c9327eb904ad122c,Prompt 6,True,0.84,191.03,42.0,1380000000.0,877000000.0,6667894784.0,0.54,1900-01-01 15:35:18,69,243
318,68755bf6c9327eb904ad122d,Prompt 6,True,0.84,191.03,42.0,1380000000.0,877000000.0,6667894784.0,0.54,1900-01-01 15:35:18,69,244
319,68755bf7c9327eb904ad122e,Prompt 6,True,0.84,191.03,42.0,1380000000.0,877000000.0,6667894784.0,0.54,1900-01-01 15:35:19,69,245
320,68755bf7c9327eb904ad122f,Prompt 6,True,0.84,191.03,42.0,1380000000.0,877000000.0,6667894784.0,0.54,1900-01-01 15:35:19,69,246
321,68755bf7c9327eb904ad1230,Prompt 6,True,0.84,191.03,42.0,1380000000.0,877000000.0,6667894784.0,0.54,1900-01-01 15:35:19,70,247
322,68755bf7c9327eb904ad1231,Prompt 6,True,0.84,191.03,42.0,1380000000.0,877000000.0,6667894784.0,0.54,1900-01-01 15:35:19,70,248
323,68755bf7c9327eb904ad1232,Prompt 6,True,0.84,191.03,42.0,1380000000.0,877000000.0,6667894784.0,0.54,1900-01-01 15:35:19,70,249
324,68755bf8c9327eb904ad1233,Prompt 6,True,0.84,191.03,42.0,1380000000.0,877000000.0,6667894784.0,0.54,1900-01-01 15:35:20,70,250
325,68755bf8c9327eb904ad1234,Prompt 6,True,0.84,191.03,42.0,1380000000.0,877000000.0,6667894784.0,0.54,1900-01-01 15:35:20,70,251
326,68755bf8c9327eb904ad1235,Prompt 6,True,0.84,191.03,42.0,1380000000.0,877000000.0,6667894784.0,0.54,1900-01-01 15:35:20,71,252
327,68755bf8c9327eb904ad1236,Prompt 6,True,0.84,191.03,42.0,1380000000.0,877000000.0,6667894784.0,0.54,1900-01-01 15:35:20,71,253
328,68755bf9c9327eb904ad1237,Prompt 6,True,0.84,191.03,42.0,1380000000.0,877000000.0,6667894784.0,0.54,1900-01-01 15:35:21,71,254
329,68755bf9c9327eb904ad1238,Prompt 6,True,0.84,191.03,42.0,1380000000.0,877000000.0,6667894784.0,0.54,1900-01-01 15:35:21,71,255
330,68755bf9c9327eb904ad1239,Prompt 6,True,0.84,191.03,42.0,1380000000.0,877000000.0,6667894784.0,0.54,1900-01-01 15:35:21,72,256
331,68755bf9c9327eb904ad123a,Prompt 6,True,0.84,191.03,42.0,1380000000.0,877000000.0,6667894784.0,0.54,1900-01-01 15:35:21,72,257
332,68755bf9c9327eb904ad123b,Prompt 6,True,0.84,191.03,42.0,1380000000.0,877000000.0,6667894784.0,0.54,1900-01-01 15:35:21,72,258
333,68755bfac9327eb904ad123c,Prompt 6,True,0.84,191.03,42.0,1380000000.0,877000000.0,6667894784.0,0.54,1900-01-01 15:35:22,72,259
334,68755bfac9327eb904ad123d,Prompt 6,True,0.84,191.03,42.0,1380000000.0,877000000.0,6667894784.0,0.54,1900-01-01 15:35:22,72,260
335,68755bfac9327eb904ad123e,Prompt 6,True,0.84,191.03,42.0,1380000000.0,877000000.0,6667894784.0,0.54,1900-01-01 15:35:22,73,261
336,68755bfac9327eb904ad123f,Prompt 6,True,0.84,191.03,42.0,1380000000.0,877000000.0,6667894784.0,0.54,1900-01-01 15:35:22,73,262
337,68755bfbc9327eb904ad1240,Prompt 6,True,0.84,191.03,42.0,1380000000.0,877000000.0,6667894784.0,0.54,1900-01-01 15:35:23,73,263
338,68755bfbc9327eb904ad1241,Prompt 6,True,0.84,191.03,42.0,1380000000.0,877000000.0,6667894784.0,0.54,1900-01-01 15:35:23,73,264
339,68755bfbc9327eb904ad1242,Prompt 6,True,0.84,191.03,42.0,1380000000.0,877000000.0,6667894784.0,0.54,1900-01-01 15:35:23,74,265
340,68755bfbc9327eb904ad1243,Prompt 6,True,0.84,191.03,42.0,1380000000.0,877000000.0,6667894784.0,0.54,1900-01-01 15:35:23,74,266
341,68755bfbc9327eb904ad1244,Prompt 6,True,0.84,191.03,42.0,1380000000.0,877000000.0,6667894784.0,0.54,1900-01-01 15:35:23,74,267
342,68755bfcc9327eb904ad1245,Prompt 6,True,0.84,191.03,42.0,1380000000.0,877000000.0,6667894784.0,0.54,1900-01-01 15:35:24,74,268
343,68755bfcc9327eb904ad1246,Prompt 6,True,0.84,191.03,42.0,1380000000.0,877000000.0,6667894784.0,0.54,1900-01-01 15:35:24,74,269
344,68755bfcc9327eb904ad1247,Prompt 6,True,0.84,191.03,42.0,1380000000.0,877000000.0,6667894784.0,0.54,1900-01-01 15:35:24,75,270
345,68755bfcc9327eb904ad1248,Prompt 6,True,0.84,191.03,42.0,1380000000.0,877000000.0,6667894784.0,0.54,1900-01-01 15:35:24,75,271
346,68755bfdc9327eb904ad1249,Prompt 6,True,0.84,191.03,42.0,1380000000.0,877000000.0,6667894784.0,0.54,1900-01-01 15:35:25,75,272
347,68755bfdc9327eb904ad124a,Prompt 6,True,0.84,191.03,42.0,1380000000.0,877000000.0,6667894784.0,0.54,1900-01-01 15:35:25,75,273
348,68755bfdc9327eb904ad124b,Prompt 6,True,0.84,191.03,42.0,1380000000.0,877000000.0,6667894784.0,0.54,1900-01-01 15:35:25,76,274
349,68755bfdc9327eb904ad124c,Prompt 6,True,0.84,191.03,42.0,1380000000.0,877000000.0,6667894784.0,0.54,1900-01-01 15:35:25,76,275
350,68755bfec9327eb904ad124d,Prompt 6,True,0.84,191.03,42.0,1380000000.0,877000000.0,6667894784.0,0.54,1900-01-01 15:35:26,76,276
351,68755bfec9327eb904ad124e,Prompt 6,True,0.84,191.03,42.0,1380000000.0,877000000.0,6667894784.0,0.54,1900-01-01 15:35:26,76,277
352,68755bfec9327eb904ad124f,Prompt 6,True,0.84,191.03,42.0,1380000000.0,877000000.0,6667894784.0,0.54,1900-01-01 15:35:26,77,278
353,68755bfec9327eb904ad1250,Prompt 6,True,0.84,191.03,42.0,1380000000.0,877000000.0,6667894784.0,0.54,1900-01-01 15:35:26,77,279
354,68755bffc9327eb904ad1251,Prompt 6,True,0.84,191.03,42.0,1380000000.0,877000000.0,6667894784.0,0.54,1900-01-01 15:35:27,77,280
355,68755bffc9327eb904ad1252,Prompt 6,True,0.84,191.03,42.0,1380000000.0,877000000.0,6667894784.0,0.54,1900-01-01 15:35:27,78,281
356,68755bffc9327eb904ad1253,Prompt 6,True,0.84,191.03,42.0,1380000000.0,877000000.0,6667894784.0,0.54,1900-01-01 15:35:27,78,282
357,68755c00c9327eb904ad1254,Prompt 6,True,0.84,191.03,42.0,1380000000.0,877000000.0,6667894784.0,0.54,1900-01-01 15:35:28,78,283
358,68755c00c9327eb904ad1255,Prompt 6,True,0.84,191.03,42.0,1380000000.0,877000000.0,6667894784.0,0.54,1900-01-01 15:35:28,78,284
359,68755c00c9327eb904ad1256,Prompt 6,True,0.84,191.03,42.0,1380000000.0,877000000.0,6667894784.0,0.54,1900-01-01 15:35:28,79,285
360,68755c01c9327eb904ad1257,Prompt 6,True,0.84,191.03,42.0,1380000000.0,877000000.0,6667894784.0,0.54,1900-01-01 15:35:29,79,286
361,68755c01c9327eb904ad1258,Prompt 6,True,0.84,191.03,42.0,1380000000.0,877000000.0,6667894784.0,0.54,1900-01-01 15:35:29,80,287
362,68755c01c9327eb904ad1259,Prompt 6,True,0.84,191.03,42.0,1380000000.0,877000000.0,6667894784.0,0.54,1900-01-01 15:35:29,80,288
363,68755c02c9327eb904ad125a,Prompt 6,True,0.84,191.03,42.0,1380000000.0,877000000.0,6667894784.0,0.54,1900-01-01 15:35:30,81,289
364,68755c02c9327eb904ad125b,Prompt 6,True,0.84,191.03,42.0,1380000000.0,877000000.0,6667894784.0,0.54,1900-01-01 15:35:30,81,290
365,68755c03c9327eb904ad125c,Prompt 6,True,0.84,191.03,42.0,1380000000.0,877000000.0,6667894784.0,0.54,1900-01-01 15:35:31,81,291
366,68755c03c9327eb904ad125d,Prompt 6,True,0.84,191.03,42.0,1380000000.0,877000000.0,6667894784.0,0.54,1900-01-01 15:35:31,82,292
367,68755c04c9327eb904ad125e,Prompt 6,True,0.84,191.03,42.0,1380000000.0,877000000.0,6667894784.0,0.54,1900-01-01 15:35:32,82,293
368,68755c04c9327eb904ad125f,Prompt 6,True,0.84,191.03,42.0,1380000000.0,877000000.0,6667894784.0,0.54,1900-01-01 15:35:32,83,294
369,68755c05c9327eb904ad1260,Prompt 6,True,0.84,191.03,44.0,1380000000.0,877000000.0,6667894784.0,0.55,1900-01-01 15:35:33,83,295
370,68755c05c9327eb904ad1261,Prompt 6,True,0.85,193.0,44.0,1380000000.0,877000000.0,6667894784.0,0.55,1900-01-01 15:35:33,84,296
371,68755c06c9327eb904ad1262,Prompt 6,True,0.85,193.0,44.0,1380000000.0,877000000.0,6667894784.0,0.55,1900-01-01 15:35:34,84,297
372,68755c06c9327eb904ad1263,Prompt 6,True,0.85,193.0,44.0,1380000000.0,877000000.0,6667894784.0,0.55,1900-01-01 15:35:34,85,298
373,68755c06c9327eb904ad1264,Prompt 6,True,0.85,193.0,44.0,1380000000.0,877000000.0,6667894784.0,0.55,1900-01-01 15:35:34,85,299
374,68755c06c9327eb904ad1265,Prompt 6,True,0.85,193.0,44.0,1380000000.0,877000000.0,6667894784.0,0.55,1900-01-01 15:35:34,85,300
375,68755c07c9327eb904ad1266,Prompt 6,True,0.85,193.0,44.0,1380000000.0,877000000.0,6667894784.0,0.55,1900-01-01 15:35:35,85,301
376,68755c07c9327eb904ad1267,Prompt 6,True,0.85,193.0,44.0,1380000000.0,877000000.0,6667894784.0,0.55,1900-01-01 15:35:35,85,302
377,68755c07c9327eb904ad1268,Prompt 6,True,0.85,193.0,44.0,1380000000.0,877000000.0,6667894784.0,0.55,1900-01-01 15:35:35,86,303
378,68755c07c9327eb904ad1269,Prompt 6,True,0.85,193.0,44.0,1380000000.0,877000000.0,6667894784.0,0.55,1900-01-01 15:35:35,86,304
379,68755c08c9327eb904ad126a,Prompt 6,True,0.85,193.0,44.0,1380000000.0,877000000.0,6667894784.0,0.55,1900-01-01 15:35:36,86,305
380,68755c08c9327eb904ad126b,Prompt 6,True,0.85,193.0,44.0,1380000000.0,877000000.0,6667894784.0,0.55,1900-01-01 15:35:36,86,306
381,68755c08c9327eb904ad126c,Prompt 6,True,0.85,193.0,44.0,1380000000.0,877000000.0,6667894784.0,0.55,1900-01-01 15:35:36,87,307
382,68755c08c9327eb904ad126d,Prompt 6,True,0.85,193.0,44.0,1380000000.0,877000000.0,6667894784.0,0.55,1900-01-01 15:35:36,87,308
383,68755c09c9327eb904ad126e,Prompt 6,True,0.85,193.0,44.0,1380000000.0,877000000.0,6667894784.0,0.55,1900-01-01 15:35:37,87,309
384,68755c09c9327eb904ad126f,Prompt 6,True,0.85,193.0,44.0,1380000000.0,877000000.0,6667894784.0,0.55,1900-01-01 15:35:37,88,310
385,68755c09c9327eb904ad1270,Prompt 6,True,0.85,193.0,44.0,1380000000.0,877000000.0,6667894784.0,0.55,1900-01-01 15:35:37,88,311
386,68755c09c9327eb904ad1271,Prompt 6,True,0.85,193.0,44.0,1380000000.0,877000000.0,6667894784.0,0.55,1900-01-01 15:35:37,88,312
387,68755c0ac9327eb904ad1272,Prompt 6,True,0.85,193.0,44.0,1380000000.0,877000000.0,6667894784.0,0.55,1900-01-01 15:35:38,88,313
388,68755c0ac9327eb904ad1273,Prompt 6,True,0.85,193.0,44.0,1380000000.0,877000000.0,6667894784.0,0.55,1900-01-01 15:35:38,88,314
389,68755c0ac9327eb904ad1274,Prompt 6,True,0.85,193.0,44.0,1380000000.0,877000000.0,6667894784.0,0.55,1900-01-01 15:35:38,89,315
390,68755c0bc9327eb904ad1275,Prompt 6,True,0.85,193.0,44.0,1380000000.0,877000000.0,6667894784.0,0.55,1900-01-01 15:35:39,89,316
391,68755c0bc9327eb904ad1276,Prompt 6,True,0.85,193.0,44.0,1380000000.0,877000000.0,6667894784.0,0.55,1900-01-01 15:35:39,90,317
392,68755c0bc9327eb904ad1277,Prompt 6,True,0.85,193.0,44.0,1380000000.0,877000000.0,6667894784.0,0.55,1900-01-01 15:35:39,90,318
393,68755c0bc9327eb904ad1278,Prompt 6,True,0.85,193.0,44.0,1380000000.0,877000000.0,6667894784.0,0.55,1900-01-01 15:35:39,90,319
394,68755c0cc9327eb904ad1279,Prompt 6,True,0.85,193.0,44.0,1380000000.0,877000000.0,6667894784.0,0.55,1900-01-01 15:35:40,90,320
395,68755c0cc9327eb904ad127a,Prompt 6,True,0.85,193.0,44.0,1380000000.0,877000000.0,6667894784.0,0.55,1900-01-01 15:35:40,90,321
396,68755c0cc9327eb904ad127b,Prompt 6,True,0.85,193.0,44.0,1380000000.0,877000000.0,6667894784.0,0.55,1900-01-01 15:35:40,91,322
397,68755c0cc9327eb904ad127c,Prompt 6,True,0.85,193.0,44.0,1380000000.0,877000000.0,6667894784.0,0.55,1900-01-01 15:35:40,91,323
398,68755c0dc9327eb904ad127d,Prompt 6,True,0.85,193.0,44.0,1380000000.0,877000000.0,6667894784.0,0.55,1900-01-01 15:35:41,91,324
399,68755c0dc9327eb904ad127e,Prompt 6,True,0.85,193.0,44.0,1380000000.0,877000000.0,6667894784.0,0.55,1900-01-01 15:35:41,91,325
400,68755c0dc9327eb904ad127f,Prompt 6,True,0.85,193.0,44.0,1380000000.0,877000000.0,6667894784.0,0.55,1900-01-01 15:35:41,92,326
401,68755c0dc9327eb904ad1280,Prompt 6,True,0.85,193.0,44.0,1380000000.0,877000000.0,6667894784.0,0.55,1900-01-01 15:35:41,92,327
402,68755c0ec9327eb904ad1281,Prompt 6,True,0.85,193.0,44.0,1380000000.0,877000000.0,6667894784.0,0.55,1900-01-01 15:35:42,92,328
403,68755c0ec9327eb904ad1282,Prompt 6,True,0.85,193.0,44.0,1380000000.0,877000000.0,6667894784.0,0.55,1900-01-01 15:35:42,92,329
404,68755c0ec9327eb904ad1283,Prompt 6,True,0.85,193.0,44.0,1380000000.0,877000000.0,6667894784.0,0.55,1900-01-01 15:35:42,93,330
405,68755c0ec9327eb904ad1284,Prompt 6,True,0.85,193.0,44.0,1380000000.0,877000000.0,6667894784.0,0.55,1900-01-01 15:35:42,93,331
406,68755c0ec9327eb904ad1285,Prompt 6,True,0.85,193.0,44.0,1380000000.0,877000000.0,6667894784.0,0.55,1900-01-01 15:35:42,93,332
407,68755c0fc9327eb904ad1286,Prompt 6,True,0.85,193.0,44.0,1380000000.0,877000000.0,6667894784.0,0.55,1900-01-01 15:35:43,93,333
408,68755c0fc9327eb904ad1287,Prompt 6,True,0.85,193.0,44.0,1380000000.0,877000000.0,6667894784.0,0.55,1900-01-01 15:35:43,94,334
409,68755c0fc9327eb904ad1288,Prompt 6,True,0.85,193.0,44.0,1380000000.0,877000000.0,6667894784.0,0.55,1900-01-01 15:35:43,94,335
410,68755c0fc9327eb904ad1289,Prompt 6,True,0.85,193.0,44.0,1380000000.0,877000000.0,6667894784.0,0.55,1900-01-01 15:35:43,94,336
411,68755c10c9327eb904ad128a,Prompt 6,True,0.85,193.0,44.0,1380000000.0,877000000.0,6667894784.0,0.55,1900-01-01 15:35:44,94,337
412,68755c10c9327eb904ad128b,Prompt 6,True,0.85,193.0,44.0,1380000000.0,877000000.0,6667894784.0,0.55,1900-01-01 15:35:44,94,338
413,68755c10c9327eb904ad128c,Prompt 6,True,0.85,193.0,44.0,1380000000.0,877000000.0,6667894784.0,0.55,1900-01-01 15:35:44,95,339
414,68755c10c9327eb904ad128d,Prompt 6,True,0.85,193.0,44.0,1380000000.0,877000000.0,6667894784.0,0.55,1900-01-01 15:35:44,95,340
415,68755c11c9327eb904ad128e,Prompt 6,True,0.85,193.0,44.0,1380000000.0,877000000.0,6667894784.0,0.55,1900-01-01 15:35:45,95,341
416,68755c11c9327eb904ad128f,Prompt 6,True,0.85,193.0,44.0,1380000000.0,877000000.0,6667894784.0,0.55,1900-01-01 15:35:45,95,342
417,68755c11c9327eb904ad1290,Prompt 6,True,0.85,193.0,44.0,1380000000.0,877000000.0,6667894784.0,0.55,1900-01-01 15:35:45,96,343
418,68755c11c9327eb904ad1291,Prompt 6,True,0.85,193.0,44.0,1380000000.0,877000000.0,6667894784.0,0.55,1900-01-01 15:35:45,96,344
419,68755c12c9327eb904ad1292,Prompt 6,True,0.85,193.0,44.0,1380000000.0,877000000.0,6667894784.0,0.55,1900-01-01 15:35:46,96,345
420,68755c12c9327eb904ad1293,Prompt 6,True,0.85,193.0,44.0,1380000000.0,877000000.0,6667894784.0,0.55,1900-01-01 15:35:46,96,346
421,68755c12c9327eb904ad1294,Prompt 6,True,0.85,193.0,44.0,1380000000.0,877000000.0,6667894784.0,0.55,1900-01-01 15:35:46,97,347
422,68755c12c9327eb904ad1295,Prompt 6,True,0.85,193.0,44.0,1380000000.0,877000000.0,6667894784.0,0.55,1900-01-01 15:35:46,97,348
423,68755c12c9327eb904ad1296,Prompt 6,True,0.85,193.0,44.0,1380000000.0,877000000.0,6667894784.0,0.55,1900-01-01 15:35:46,97,349
424,68755c13c9327eb904ad1297,Prompt 6,True,0.85,193.0,44.0,1380000000.0,877000000.0,6667894784.0,0.55,1900-01-01 15:35:47,97,350
425,68755c13c9327eb904ad1298,Prompt 6,True,0.85,193.0,44.0,1380000000.0,877000000.0,6667894784.0,0.55,1900-01-01 15:35:47,97,351
426,68755c13c9327eb904ad1299,Prompt 6,True,0.85,193.0,44.0,1380000000.0,877000000.0,6667894784.0,0.55,1900-01-01 15:35:47,98,352
427,68755c13c9327eb904ad129a,Prompt 6,True,0.85,193.0,44.0,1380000000.0,877000000.0,6667894784.0,0.55,1900-01-01 15:35:47,98,353
428,68755c14c9327eb904ad129b,Prompt 6,True,0.84,179.29,44.0,1380000000.0,877000000.0,6667894784.0,0.55,1900-01-01 15:35:48,98,354
429,68755c14c9327eb904ad129c,Prompt 6,True,0.84,179.29,44.0,1380000000.0,877000000.0,6667894784.0,0.55,1900-01-01 15:35:48,98,355
430,68755c14c9327eb904ad129d,Prompt 6,True,0.84,179.29,44.0,1380000000.0,877000000.0,6667894784.0,0.55,1900-01-01 15:35:48,99,356
431,68755c14c9327eb904ad129e,Prompt 6,True,0.84,179.29,44.0,1380000000.0,877000000.0,6667894784.0,0.55,1900-01-01 15:35:48,99,357
432,68755c15c9327eb904ad129f,Prompt 6,True,0.84,179.29,44.0,1380000000.0,877000000.0,6667894784.0,0.55,1900-01-01 15:35:49,99,358
433,68755c15c9327eb904ad12a0,Prompt 6,True,0.84,179.29,44.0,1380000000.0,877000000.0,6667894784.0,0.55,1900-01-01 15:35:49,99,359
434,68755c15c9327eb904ad12a1,Prompt 6,True,0.84,179.29,44.0,1380000000.0,877000000.0,6667894784.0,0.55,1900-01-01 15:35:49,100,360
435,68755c15c9327eb904ad12a2,Prompt 6,True,0.84,179.29,44.0,1380000000.0,877000000.0,6667894784.0,0.55,1900-01-01 15:35:49,100,361
436,68755c16c9327eb904ad12a3,Prompt 6,True,0.84,179.29,44.0,1380000000.0,877000000.0,6667894784.0,0.55,1900-01-01 15:35:50,100,362
437,68755c16c9327eb904ad12a4,Prompt 6,True,0.84,179.29,44.0,1380000000.0,877000000.0,6667894784.0,0.55,1900-01-01 15:35:50,100,363
438,68755c16c9327eb904ad12a5,Prompt 6,True,0.84,179.29,44.0,1380000000.0,877000000.0,6667894784.0,0.55,1900-01-01 15:35:50,101,364
439,68755c16c9327eb904ad12a6,Prompt 6,True,0.84,179.29,44.0,1380000000.0,877000000.0,6667894784.0,0.55,1900-01-01 15:35:50,101,365
440,68755c17c9327eb904ad12a7,Prompt 6,True,0.84,179.29,44.0,1380000000.0,877000000.0,6667894784.0,0.55,1900-01-01 15:35:51,101,366
441,68755c17c9327eb904ad12a8,Prompt 6,True,0.84,179.29,44.0,1380000000.0,877000000.0,6667894784.0,0.55,1900-01-01 15:35:51,101,367
442,68755c17c9327eb904ad12a9,Prompt 6,True,0.84,179.29,44.0,1380000000.0,877000000.0,6667894784.0,0.55,1900-01-01 15:35:51,102,368
443,68755c17c9327eb904ad12aa,Prompt 6,True,0.84,179.29,44.0,1380000000.0,877000000.0,6667894784.0,0.55,1900-01-01 15:35:51,102,369
444,68755c17c9327eb904ad12ab,Prompt 6,True,0.84,179.29,44.0,1380000000.0,877000000.0,6667894784.0,0.55,1900-01-01 15:35:51,102,370
445,68755c18c9327eb904ad12ac,Prompt 6,True,0.84,179.29,44.0,1380000000.0,877000000.0,6667894784.0,0.55,1900-01-01 15:35:52,102,371
446,68755c18c9327eb904ad12ad,Prompt 6,True,0.84,179.29,44.0,1380000000.0,877000000.0,6667894784.0,0.55,1900-01-01 15:35:52,103,372
447,68755c18c9327eb904ad12ae,Prompt 6,True,0.84,179.29,44.0,1380000000.0,877000000.0,6667894784.0,0.55,1900-01-01 15:35:52,103,373
448,68755c18c9327eb904ad12af,Prompt 6,True,0.84,179.29,44.0,1380000000.0,877000000.0,6667894784.0,0.55,1900-01-01 15:35:52,103,374
449,68755c19c9327eb904ad12b0,Prompt 6,True,0.84,179.29,44.0,1380000000.0,877000000.0,6667894784.0,0.55,1900-01-01 15:35:53,103,375
450,68755c19c9327eb904ad12b1,Prompt 6,True,0.84,179.29,44.0,1380000000.0,877000000.0,6667894784.0,0.55,1900-01-01 15:35:53,104,376
451,68755c19c9327eb904ad12b2,Prompt 6,True,0.84,179.29,44.0,1380000000.0,877000000.0,6667894784.0,0.55,1900-01-01 15:35:53,104,377
452,68755c19c9327eb904ad12b3,Prompt 6,True,0.84,179.29,44.0,1380000000.0,877000000.0,6667894784.0,0.55,1900-01-01 15:35:53,104,378
453,68755c1ac9327eb904ad12b4,Prompt 6,True,0.84,179.29,44.0,1380000000.0,877000000.0,6667894784.0,0.55,1900-01-01 15:35:54,104,379
454,68755c1ac9327eb904ad12b5,Prompt 6,True,0.84,179.29,44.0,1380000000.0,877000000.0,6667894784.0,0.55,1900-01-01 15:35:54,104,380
455,68755c1ac9327eb904ad12b6,Prompt 6,True,0.84,179.29,44.0,1380000000.0,877000000.0,6667894784.0,0.55,1900-01-01 15:35:54,105,381
456,68755c1ac9327eb904ad12b7,Prompt 6,True,0.84,179.29,44.0,1380000000.0,877000000.0,6667894784.0,0.55,1900-01-01 15:35:54,105,382
457,68755c1bc9327eb904ad12b8,Prompt 6,True,0.84,179.29,44.0,1380000000.0,877000000.0,6667894784.0,0.55,1900-01-01 15:35:55,105,383
458,68755c1bc9327eb904ad12b9,Prompt 6,True,0.84,179.29,44.0,1380000000.0,877000000.0,6667894784.0,0.55,1900-01-01 15:35:55,105,384
459,68755c1bc9327eb904ad12ba,Prompt 6,True,0.84,179.29,44.0,1380000000.0,877000000.0,6667894784.0,0.55,1900-01-01 15:35:55,106,385
460,68755c1bc9327eb904ad12bb,Prompt 6,True,0.84,179.29,44.0,1380000000.0,877000000.0,6667894784.0,0.55,1900-01-01 15:35:55,106,386
461,68755c1cc9327eb904ad12bc,Prompt 6,True,0.84,179.29,44.0,1380000000.0,877000000.0,6667894784.0,0.55,1900-01-01 15:35:56,106,387
462,68755c1cc9327eb904ad12bd,Prompt 6,True,0.84,179.29,44.0,1380000000.0,877000000.0,6667894784.0,0.55,1900-01-01 15:35:56,106,388
463,68755c1cc9327eb904ad12be,Prompt 6,True,0.84,179.29,44.0,1380000000.0,877000000.0,6667894784.0,0.55,1900-01-01 15:35:56,107,389
464,68755c1cc9327eb904ad12bf,Prompt 6,True,0.84,179.29,44.0,1380000000.0,877000000.0,6667894784.0,0.55,1900-01-01 15:35:56,107,390
465,68755c1dc9327eb904ad12c0,Prompt 6,True,0.84,179.29,44.0,1380000000.0,877000000.0,6667894784.0,0.55,1900-01-01 15:35:57,107,391
466,68755c1dc9327eb904ad12c1,Prompt 6,True,0.84,179.29,44.0,1380000000.0,877000000.0,6667894784.0,0.55,1900-01-01 15:35:57,107,392
467,68755c1dc9327eb904ad12c2,Prompt 6,True,0.84,179.29,44.0,1380000000.0,877000000.0,6667894784.0,0.55,1900-01-01 15:35:57,108,393
468,68755c1dc9327eb904ad12c3,Prompt 6,True,0.84,179.29,44.0,1380000000.0,877000000.0,6667894784.0,0.55,1900-01-01 15:35:57,108,394
469,68755c1ec9327eb904ad12c4,Prompt 6,True,0.84,179.29,44.0,1380000000.0,877000000.0,6667894784.0,0.55,1900-01-01 15:35:58,108,395
470,68755c1ec9327eb904ad12c5,Prompt 6,True,0.84,179.29,44.0,1380000000.0,877000000.0,6667894784.0,0.55,1900-01-01 15:35:58,108,396
471,68755c1ec9327eb904ad12c6,Prompt 6,True,0.84,179.29,44.0,1380000000.0,877000000.0,6667894784.0,0.55,1900-01-01 15:35:58,109,397
472,68755c1ec9327eb904ad12c7,Prompt 6,True,0.84,179.29,44.0,1380000000.0,877000000.0,6667894784.0,0.55,1900-01-01 15:35:58,109,398
473,68755c1fc9327eb904ad12c8,Prompt 6,True,0.84,179.29,44.0,1380000000.0,877000000.0,6667894784.0,0.55,1900-01-01 15:35:59,109,399
474,68755c1fc9327eb904ad12c9,Prompt 6,True,0.84,179.29,44.0,1380000000.0,877000000.0,6667894784.0,0.55,1900-01-01 15:35:59,109,400
475,68755c1fc9327eb904ad12ca,Prompt 6,True,0.84,179.29,44.0,1380000000.0,877000000.0,6667894784.0,0.55,1900-01-01 15:35:59,110,401
476,68755c1fc9327eb904ad12cb,Prompt 6,True,0.84,179.29,44.0,1380000000.0,877000000.0,6667894784.0,0.55,1900-01-01 15:35:59,110,402
477,68755c20c9327eb904ad12cc,Prompt 6,True,0.84,179.29,44.0,1380000000.0,877000000.0,6667894784.0,0.55,1900-01-01 15:36:00,110,403
478,68755c20c9327eb904ad12cd,Prompt 6,True,0.84,179.29,44.0,1380000000.0,877000000.0,6667894784.0,0.55,1900-01-01 15:36:00,110,404
479,68755c20c9327eb904ad12ce,Prompt 6,True,0.84,179.29,44.0,1380000000.0,877000000.0,6667894784.0,0.55,1900-01-01 15:36:00,111,405
480,68755c20c9327eb904ad12cf,Prompt 6,True,0.84,179.29,44.0,1380000000.0,877000000.0,6667894784.0,0.55,1900-01-01 15:36:00,111,406
481,68755c21c9327eb904ad12d0,Prompt 6,True,0.84,179.29,44.0,1380000000.0,877000000.0,6667894784.0,0.55,1900-01-01 15:36:01,111,407
482,68755c21c9327eb904ad12d1,Prompt 6,True,0.84,179.29,44.0,1380000000.0,877000000.0,6667894784.0,0.55,1900-01-01 15:36:01,111,408
483,68755c21c9327eb904ad12d2,Prompt 6,True,0.84,179.29,44.0,1380000000.0,877000000.0,6667894784.0,0.55,1900-01-01 15:36:01,112,409
484,68755c21c9327eb904ad12d3,Prompt 6,True,0.84,179.29,44.0,1380000000.0,877000000.0,6667894784.0,0.55,1900-01-01 15:36:01,112,410
485,68755c22c9327eb904ad12d4,Prompt 6,True,0.84,179.29,44.0,1380000000.0,877000000.0,6667894784.0,0.55,1900-01-01 15:36:02,112,411
486,68755c22c9327eb904ad12d5,Prompt 6,True,0.84,179.29,44.0,1380000000.0,877000000.0,6667894784.0,0.55,1900-01-01 15:36:02,112,412
487,68755c22c9327eb904ad12d6,Prompt 6,True,0.84,179.29,44.0,1380000000.0,877000000.0,6667894784.0,0.55,1900-01-01 15:36:02,113,413
488,68755c22c9327eb904ad12d7,Prompt 6,True,0.84,179.29,44.0,1380000000.0,877000000.0,6667894784.0,0.55,1900-01-01 15:36:02,113,414
489,68755c22c9327eb904ad12d8,Prompt 6,True,0.84,193.06,44.0,1380000000.0,877000000.0,6667894784.0,0.55,1900-01-01 15:36:02,113,415
490,68755c23c9327eb904ad12d9,Prompt 6,True,0.84,193.06,44.0,1380000000.0,877000000.0,6667894784.0,0.55,1900-01-01 15:36:03,113,416
491,68755c23c9327eb904ad12da,Prompt 6,True,0.84,193.06,44.0,1380000000.0,877000000.0,6667894784.0,0.55,1900-01-01 15:36:03,113,417
492,68755c23c9327eb904ad12db,Prompt 6,True,0.84,193.06,44.0,1380000000.0,877000000.0,6667894784.0,0.55,1900-01-01 15:36:03,114,418
493,68755c23c9327eb904ad12dc,Prompt 6,True,0.84,193.06,44.0,1380000000.0,877000000.0,6667894784.0,0.55,1900-01-01 15:36:03,114,419
494,68755c24c9327eb904ad12dd,Prompt 6,True,0.84,193.06,44.0,1380000000.0,877000000.0,6667894784.0,0.55,1900-01-01 15:36:04,114,420
495,68755c24c9327eb904ad12de,Prompt 6,True,0.84,193.06,44.0,1380000000.0,877000000.0,6667894784.0,0.55,1900-01-01 15:36:04,114,421
496,68755c24c9327eb904ad12df,Prompt 6,True,0.84,193.06,44.0,1380000000.0,877000000.0,6667894784.0,0.55,1900-01-01 15:36:04,115,422
497,68755c24c9327eb904ad12e0,Prompt 6,True,0.84,193.06,44.0,1380000000.0,877000000.0,6667894784.0,0.55,1900-01-01 15:36:04,115,423
498,68755c25c9327eb904ad12e1,Prompt 6,True,0.84,193.06,44.0,1380000000.0,877000000.0,6667894784.0,0.55,1900-01-01 15:36:05,115,424
499,68755c25c9327eb904ad12e2,Prompt 6,True,0.84,193.06,44.0,1380000000.0,877000000.0,6667894784.0,0.55,1900-01-01 15:36:05,115,425
500,68755c25c9327eb904ad12e3,Prompt 6,True,0.84,193.06,44.0,1380000000.0,877000000.0,6667894784.0,0.55,1900-01-01 15:36:05,116,426
501,68755c25c9327eb904ad12e4,Prompt 6,True,0.84,193.06,44.0,1380000000.0,877000000.0,6667894784.0,0.55,1900-01-01 15:36:05,116,427
502,68755c25c9327eb904ad12e5,Prompt 6,True,0.84,193.06,44.0,1380000000.0,877000000.0,6667894784.0,0.55,1900-01-01 15:36:05,116,428
503,68755c26c9327eb904ad12e6,Prompt 6,True,0.84,193.06,44.0,1380000000.0,877000000.0,6667894784.0,0.55,1900-01-01 15:36:06,116,429
504,68755c26c9327eb904ad12e7,Prompt 6,True,0.84,193.06,44.0,1380000000.0,877000000.0,6667894784.0,0.55,1900-01-01 15:36:06,117,430
505,68755c26c9327eb904ad12e8,Prompt 6,True,0.84,193.06,44.0,1380000000.0,877000000.0,6667894784.0,0.55,1900-01-01 15:36:06,117,431
506,68755c26c9327eb904ad12e9,Prompt 6,True,0.84,193.06,44.0,1380000000.0,877000000.0,6667894784.0,0.55,1900-01-01 15:36:06,117,432
507,68755c27c9327eb904ad12ea,Prompt 6,True,0.84,193.06,44.0,1380000000.0,877000000.0,6667894784.0,0.55,1900-01-01 15:36:07,117,433
508,68755c27c9327eb904ad12eb,Prompt 6,True,0.84,193.06,44.0,1380000000.0,877000000.0,6667894784.0,0.55,1900-01-01 15:36:07,117,434
509,68755c27c9327eb904ad12ec,Prompt 6,True,0.84,193.06,44.0,1380000000.0,877000000.0,6667894784.0,0.55,1900-01-01 15:36:07,118,435
510,68755c27c9327eb904ad12ed,Prompt 6,True,0.84,193.06,44.0,1380000000.0,877000000.0,6667894784.0,0.55,1900-01-01 15:36:07,118,436
511,68755c28c9327eb904ad12ee,Prompt 6,True,0.84,193.06,44.0,1380000000.0,877000000.0,6667894784.0,0.55,1900-01-01 15:36:08,118,437
512,68755c28c9327eb904ad12ef,Prompt 6,True,0.84,193.06,44.0,1380000000.0,877000000.0,6667894784.0,0.55,1900-01-01 15:36:08,119,438
513,68755c28c9327eb904ad12f0,Prompt 6,True,0.84,193.06,44.0,1380000000.0,877000000.0,6667894784.0,0.55,1900-01-01 15:36:08,119,439
514,68755c29c9327eb904ad12f1,Prompt 6,True,0.84,193.06,44.0,1380000000.0,877000000.0,6667894784.0,0.55,1900-01-01 15:36:09,119,440
515,68755c29c9327eb904ad12f2,Prompt 6,True,0.84,193.06,44.0,1380000000.0,877000000.0,6667894784.0,0.55,1900-01-01 15:36:09,119,441
516,68755c29c9327eb904ad12f3,Prompt 6,True,0.84,193.06,44.0,1380000000.0,877000000.0,6667894784.0,0.55,1900-01-01 15:36:09,120,442
517,68755c29c9327eb904ad12f4,Prompt 6,True,0.84,193.06,44.0,1380000000.0,877000000.0,6667894784.0,0.55,1900-01-01 15:36:09,120,443
518,68755c29c9327eb904ad12f5,Prompt 6,True,0.84,193.06,44.0,1380000000.0,877000000.0,6667894784.0,0.55,1900-01-01 15:36:09,120,444
519,68755c2ac9327eb904ad12f6,Prompt 6,True,0.84,193.06,44.0,1380000000.0,877000000.0,6667894784.0,0.55,1900-01-01 15:36:10,120,445
520,68755c2ac9327eb904ad12f7,Prompt 6,True,0.84,193.06,44.0,1380000000.0,877000000.0,6667894784.0,0.55,1900-01-01 15:36:10,120,446
521,68755c2ac9327eb904ad12f8,Prompt 6,True,0.84,193.06,44.0,1380000000.0,877000000.0,6667894784.0,0.55,1900-01-01 15:36:10,121,447
522,68755c2ac9327eb904ad12f9,Prompt 6,True,0.84,193.06,44.0,1380000000.0,877000000.0,6667894784.0,0.55,1900-01-01 15:36:10,121,448
523,68755c2bc9327eb904ad12fa,Prompt 6,True,0.84,193.06,44.0,1380000000.0,877000000.0,6667894784.0,0.55,1900-01-01 15:36:11,121,449
524,68755c2bc9327eb904ad12fb,Prompt 6,True,0.84,193.06,44.0,1380000000.0,877000000.0,6667894784.0,0.55,1900-01-01 15:36:11,122,450
525,68755c2bc9327eb904ad12fc,Prompt 6,True,0.84,193.06,44.0,1380000000.0,877000000.0,6667894784.0,0.55,1900-01-01 15:36:11,122,451
526,68755c2bc9327eb904ad12fd,Prompt 6,True,0.84,193.06,44.0,1380000000.0,877000000.0,6667894784.0,0.55,1900-01-01 15:36:11,122,452
527,68755c2cc9327eb904ad12fe,Prompt 6,True,0.84,193.06,44.0,1380000000.0,877000000.0,6667894784.0,0.55,1900-01-01 15:36:12,122,453
528,68755c2cc9327eb904ad12ff,Prompt 6,True,0.84,193.06,44.0,1380000000.0,877000000.0,6667894784.0,0.55,1900-01-01 15:36:12,122,454
529,68755c2cc9327eb904ad1300,Prompt 6,True,0.84,193.06,44.0,1380000000.0,877000000.0,6667894784.0,0.55,1900-01-01 15:36:12,123,455
530,68755c2cc9327eb904ad1301,Prompt 6,True,0.84,193.06,44.0,1380000000.0,877000000.0,6667894784.0,0.55,1900-01-01 15:36:12,123,456
531,68755c2dc9327eb904ad1302,Prompt 6,True,0.84,193.06,44.0,1380000000.0,877000000.0,6667894784.0,0.55,1900-01-01 15:36:13,123,457
532,68755c2dc9327eb904ad1303,Prompt 6,True,0.84,193.06,44.0,1380000000.0,877000000.0,6667894784.0,0.55,1900-01-01 15:36:13,123,458
533,68755c2dc9327eb904ad1304,Prompt 6,True,0.84,193.06,44.0,1380000000.0,877000000.0,6667894784.0,0.55,1900-01-01 15:36:13,124,459
534,68755c2dc9327eb904ad1305,Prompt 6,True,0.84,193.06,44.0,1380000000.0,877000000.0,6667894784.0,0.55,1900-01-01 15:36:13,124,460
535,68755c2ec9327eb904ad1306,Prompt 6,True,0.84,193.06,44.0,1380000000.0,877000000.0,6667894784.0,0.55,1900-01-01 15:36:14,124,461
536,68755c2ec9327eb904ad1307,Prompt 6,True,0.84,193.06,44.0,1380000000.0,877000000.0,6667894784.0,0.55,1900-01-01 15:36:14,124,462
537,68755c2ec9327eb904ad1308,Prompt 6,True,0.84,193.06,44.0,1380000000.0,877000000.0,6667894784.0,0.55,1900-01-01 15:36:14,125,463
538,68755c2ec9327eb904ad1309,Prompt 6,True,0.84,193.06,44.0,1380000000.0,877000000.0,6667894784.0,0.55,1900-01-01 15:36:14,125,464
539,68755c2fc9327eb904ad130a,Prompt 6,True,0.84,193.06,44.0,1380000000.0,877000000.0,6667894784.0,0.55,1900-01-01 15:36:15,125,465
540,68755c2fc9327eb904ad130b,Prompt 6,True,0.84,193.06,44.0,1380000000.0,877000000.0,6667894784.0,0.55,1900-01-01 15:36:15,125,466
541,68755c2fc9327eb904ad130c,Prompt 6,True,0.84,193.06,44.0,1380000000.0,877000000.0,6667894784.0,0.55,1900-01-01 15:36:15,126,467
542,68755c2fc9327eb904ad130d,Prompt 6,True,0.84,193.06,44.0,1380000000.0,877000000.0,6667894784.0,0.55,1900-01-01 15:36:15,126,468
543,68755c30c9327eb904ad130e,Prompt 6,True,0.84,193.06,44.0,1380000000.0,877000000.0,6667894784.0,0.55,1900-01-01 15:36:16,126,469
544,68755c30c9327eb904ad130f,Prompt 6,True,0.84,193.06,44.0,1380000000.0,877000000.0,6667894784.0,0.55,1900-01-01 15:36:16,126,470
545,68755c30c9327eb904ad1310,Prompt 6,True,0.84,193.06,44.0,1380000000.0,877000000.0,6667894784.0,0.55,1900-01-01 15:36:16,127,471
546,68755c30c9327eb904ad1311,Prompt 6,True,0.84,193.06,44.0,1380000000.0,877000000.0,6667894784.0,0.55,1900-01-01 15:36:16,127,472
547,68755c30c9327eb904ad1312,Prompt 6,True,0.84,193.06,44.0,1380000000.0,877000000.0,6667894784.0,0.55,1900-01-01 15:36:16,127,473
548,68755c31c9327eb904ad1313,Prompt 6,True,0.84,193.06,44.0,1380000000.0,877000000.0,6667894784.0,0.55,1900-01-01 15:36:17,127,474
549,68755c31c9327eb904ad1314,Prompt 6,True,0.84,193.06,44.0,1380000000.0,877000000.0,6667894784.0,0.55,1900-01-01 15:36:17,128,475
550,68755c31c9327eb904ad1315,Prompt 6,True,0.84,193.06,44.0,1380000000.0,877000000.0,6667894784.0,0.55,1900-01-01 15:36:17,128,476
551,68755c31c9327eb904ad1316,Prompt 6,True,0.84,193.06,45.0,1380000000.0,877000000.0,6667894784.0,0.55,1900-01-01 15:36:17,128,477
552,68755c32c9327eb904ad1317,Prompt 6,True,0.85,196.24,45.0,1380000000.0,877000000.0,6667894784.0,0.55,1900-01-01 15:36:18,128,478
553,68755c32c9327eb904ad1318,Prompt 6,True,0.85,196.24,45.0,1380000000.0,877000000.0,6667894784.0,0.55,1900-01-01 15:36:18,128,479
554,68755c32c9327eb904ad1319,Prompt 6,True,0.85,196.24,45.0,1380000000.0,877000000.0,6667894784.0,0.55,1900-01-01 15:36:18,129,480
555,68755c32c9327eb904ad131a,Prompt 6,True,0.85,196.24,45.0,1380000000.0,877000000.0,6667894784.0,0.55,1900-01-01 15:36:18,129,481
556,68755c33c9327eb904ad131b,Prompt 6,True,0.85,196.24,45.0,1380000000.0,877000000.0,6667894784.0,0.55,1900-01-01 15:36:19,129,482
557,68755c33c9327eb904ad131c,Prompt 6,True,0.85,196.24,45.0,1380000000.0,877000000.0,6667894784.0,0.55,1900-01-01 15:36:19,130,483
558,68755c33c9327eb904ad131d,Prompt 6,True,0.85,196.24,45.0,1380000000.0,877000000.0,6667894784.0,0.55,1900-01-01 15:36:19,130,484
559,68755c33c9327eb904ad131e,Prompt 6,True,0.85,196.24,45.0,1380000000.0,877000000.0,6667894784.0,0.55,1900-01-01 15:36:19,130,485
560,68755c34c9327eb904ad131f,Prompt 6,True,0.85,196.24,45.0,1380000000.0,877000000.0,6667894784.0,0.55,1900-01-01 15:36:20,130,486
561,68755c34c9327eb904ad1320,Prompt 6,True,0.85,196.24,45.0,1380000000.0,877000000.0,6667894784.0,0.55,1900-01-01 15:36:20,130,487
562,68755c34c9327eb904ad1321,Prompt 6,True,0.85,196.24,45.0,1380000000.0,877000000.0,6667894784.0,0.55,1900-01-01 15:36:20,131,488
563,68755c34c9327eb904ad1322,Prompt 6,True,0.85,196.24,45.0,1380000000.0,877000000.0,6667894784.0,0.55,1900-01-01 15:36:20,131,489
564,68755c34c9327eb904ad1323,Prompt 6,True,0.85,196.24,45.0,1380000000.0,877000000.0,6667894784.0,0.55,1900-01-01 15:36:20,131,490
565,68755c35c9327eb904ad1324,Prompt 6,True,0.85,196.24,45.0,1380000000.0,877000000.0,6667894784.0,0.55,1900-01-01 15:36:21,131,491
566,68755c35c9327eb904ad1325,Prompt 6,True,0.85,196.24,45.0,1380000000.0,877000000.0,6667894784.0,0.55,1900-01-01 15:36:21,131,492
567,68755c35c9327eb904ad1326,Prompt 6,True,0.85,196.24,45.0,1380000000.0,877000000.0,6667894784.0,0.55,1900-01-01 15:36:21,132,493
568,68755c35c9327eb904ad1327,Prompt 6,True,0.85,196.24,45.0,1380000000.0,877000000.0,6667894784.0,0.55,1900-01-01 15:36:21,132,494
569,68755c36c9327eb904ad1328,Prompt 6,True,0.85,196.24,45.0,1380000000.0,877000000.0,6667894784.0,0.55,1900-01-01 15:36:22,132,495
570,68755c36c9327eb904ad1329,Prompt 6,True,0.85,196.24,45.0,1380000000.0,877000000.0,6667894784.0,0.55,1900-01-01 15:36:22,132,496
571,68755c36c9327eb904ad132a,Prompt 6,True,0.85,196.24,45.0,1380000000.0,877000000.0,6667894784.0,0.55,1900-01-01 15:36:22,133,497
572,68755c36c9327eb904ad132b,Prompt 6,True,0.85,196.24,45.0,1380000000.0,877000000.0,6667894784.0,0.55,1900-01-01 15:36:22,133,498
573,68755c37c9327eb904ad132c,Prompt 6,True,0.85,196.24,45.0,1380000000.0,877000000.0,6667894784.0,0.55,1900-01-01 15:36:23,133,499
574,68755c37c9327eb904ad132d,Prompt 6,True,0.85,196.24,45.0,1380000000.0,877000000.0,6667894784.0,0.55,1900-01-01 15:36:23,133,500
575,68755c37c9327eb904ad132e,Prompt 6,True,0.85,196.24,45.0,1380000000.0,877000000.0,6667894784.0,0.55,1900-01-01 15:36:23,134,501
576,68755c37c9327eb904ad132f,Prompt 6,True,0.85,196.24,45.0,1380000000.0,877000000.0,6667894784.0,0.55,1900-01-01 15:36:23,134,502
577,68755c38c9327eb904ad1330,Prompt 6,True,0.85,196.24,45.0,1380000000.0,877000000.0,6667894784.0,0.55,1900-01-01 15:36:24,134,503
578,68755c38c9327eb904ad1331,Prompt 6,True,0.85,196.24,45.0,1380000000.0,877000000.0,6667894784.0,0.55,1900-01-01 15:36:24,134,504
579,68755c38c9327eb904ad1332,Prompt 6,True,0.85,196.24,45.0,1380000000.0,877000000.0,6667894784.0,0.55,1900-01-01 15:36:24,135,505
580,68755c38c9327eb904ad1333,Prompt 6,True,0.85,196.24,45.0,1380000000.0,877000000.0,6667894784.0,0.55,1900-01-01 15:36:24,135,506
581,68755c38c9327eb904ad1334,Prompt 6,True,0.85,196.24,45.0,1380000000.0,877000000.0,6667894784.0,0.55,1900-01-01 15:36:24,135,507
582,68755c39c9327eb904ad1335,Prompt 6,True,0.85,196.24,45.0,1380000000.0,877000000.0,6667894784.0,0.55,1900-01-01 15:36:25,135,508
583,68755c39c9327eb904ad1336,Prompt 6,True,0.85,196.24,45.0,1380000000.0,877000000.0,6667894784.0,0.55,1900-01-01 15:36:25,135,509
584,68755c39c9327eb904ad1337,Prompt 6,True,0.85,196.24,45.0,1380000000.0,877000000.0,6667894784.0,0.55,1900-01-01 15:36:25,136,510
585,68755c39c9327eb904ad1338,Prompt 6,True,0.85,196.24,45.0,1380000000.0,877000000.0,6667894784.0,0.55,1900-01-01 15:36:25,136,511
586,68755c3ac9327eb904ad1339,Prompt 6,True,0.85,196.24,45.0,1380000000.0,877000000.0,6667894784.0,0.55,1900-01-01 15:36:26,136,512
587,68755c3ac9327eb904ad133a,Prompt 6,True,0.85,196.24,45.0,1380000000.0,877000000.0,6667894784.0,0.55,1900-01-01 15:36:26,136,513
588,68755c3ac9327eb904ad133b,Prompt 6,True,0.85,196.24,45.0,1380000000.0,877000000.0,6667894784.0,0.55,1900-01-01 15:36:26,137,514
589,68755c3bc9327eb904ad133c,Prompt 6,True,0.85,196.24,45.0,1380000000.0,877000000.0,6667894784.0,0.55,1900-01-01 15:36:27,137,515
590,68755c3bc9327eb904ad133d,Prompt 6,True,0.85,196.24,45.0,1380000000.0,877000000.0,6667894784.0,0.55,1900-01-01 15:36:27,137,516
591,68755c3bc9327eb904ad133e,Prompt 6,True,0.85,196.24,45.0,1380000000.0,877000000.0,6667894784.0,0.55,1900-01-01 15:36:27,138,517
592,68755c3bc9327eb904ad133f,Prompt 6,True,0.85,196.24,45.0,1380000000.0,877000000.0,6667894784.0,0.55,1900-01-01 15:36:27,138,518
593,68755c3cc9327eb904ad1340,Prompt 6,True,0.85,196.24,45.0,1380000000.0,877000000.0,6667894784.0,0.55,1900-01-01 15:36:28,138,519
594,68755c3cc9327eb904ad1341,Prompt 6,True,0.85,196.24,45.0,1380000000.0,877000000.0,6667894784.0,0.55,1900-01-01 15:36:28,138,520
595,68755c3cc9327eb904ad1342,,True,,,,,,,,1900-01-01 15:36:28,,
596,68755c3cc9327eb904ad1343,Prompt 7,True,0.85,196.24,45.0,1380000000.0,877000000.0,6667894784.0,0.55,1900-01-01 15:36:28,139,1
597,68755c3cc9327eb904ad1344,Prompt 7,True,0.85,196.24,45.0,1380000000.0,877000000.0,6667894784.0,0.55,1900-01-01 15:36:28,139,2
598,68755c3dc9327eb904ad1345,Prompt 7,True,0.85,196.24,45.0,1380000000.0,877000000.0,6667894784.0,0.55,1900-01-01 15:36:29,139,3
599,68755c3dc9327eb904ad1346,Prompt 7,True,0.85,196.24,45.0,1380000000.0,877000000.0,6667894784.0,0.55,1900-01-01 15:36:29,139,4
600,68755c3dc9327eb904ad1347,Prompt 7,True,0.85,196.24,45.0,1380000000.0,877000000.0,6667894784.0,0.55,1900-01-01 15:36:29,140,5
601,68755c3dc9327eb904ad1348,Prompt 7,True,0.85,196.24,45.0,1380000000.0,877000000.0,6667894784.0,0.55,1900-01-01 15:36:29,140,6
602,68755c3ec9327eb904ad1349,Prompt 7,True,0.85,196.24,45.0,1380000000.0,877000000.0,6667894784.0,0.55,1900-01-01 15:36:30,140,7
603,68755c3ec9327eb904ad134a,Prompt 7,True,0.85,196.24,45.0,1380000000.0,877000000.0,6667894784.0,0.55,1900-01-01 15:36:30,140,8
604,68755c3ec9327eb904ad134b,Prompt 7,True,0.85,196.24,45.0,1380000000.0,877000000.0,6667894784.0,0.55,1900-01-01 15:36:30,141,9
605,68755c3ec9327eb904ad134c,Prompt 7,True,0.85,196.24,45.0,1380000000.0,877000000.0,6667894784.0,0.55,1900-01-01 15:36:30,141,10
606,68755c3fc9327eb904ad134d,Prompt 7,True,0.85,196.24,45.0,1380000000.0,877000000.0,6667894784.0,0.55,1900-01-01 15:36:31,141,11
607,68755c3fc9327eb904ad134e,Prompt 7,True,0.85,196.24,45.0,1380000000.0,877000000.0,6667894784.0,0.55,1900-01-01 15:36:31,141,12
608,68755c3fc9327eb904ad134f,Prompt 7,True,0.85,196.24,45.0,1380000000.0,877000000.0,6667894784.0,0.55,1900-01-01 15:36:31,142,13
609,68755c3fc9327eb904ad1350,Prompt 7,True,0.85,196.24,45.0,1380000000.0,877000000.0,6667894784.0,0.55,1900-01-01 15:36:31,142,14
610,68755c3fc9327eb904ad1351,Prompt 7,True,0.85,196.24,45.0,1380000000.0,877000000.0,6667894784.0,0.55,1900-01-01 15:36:31,142,15
611,68755c40c9327eb904ad1352,Prompt 7,True,0.85,196.24,45.0,1380000000.0,877000000.0,6667894784.0,0.55,1900-01-01 15:36:32,142,16
612,68755c40c9327eb904ad1353,Prompt 7,True,0.85,196.24,45.0,1380000000.0,877000000.0,6667894784.0,0.55,1900-01-01 15:36:32,142,17
613,68755c40c9327eb904ad1354,Prompt 7,True,0.85,196.24,45.0,1380000000.0,877000000.0,6667894784.0,0.55,1900-01-01 15:36:32,143,18
614,68755c40c9327eb904ad1355,Prompt 7,True,0.85,196.24,45.0,1380000000.0,877000000.0,6667894784.0,0.55,1900-01-01 15:36:32,143,19
615,68755c41c9327eb904ad1356,Prompt 7,True,0.8200000000000001,192.09,45.0,1380000000.0,877000000.0,6667894784.0,0.55,1900-01-01 15:36:33,143,20
616,68755c41c9327eb904ad1357,Prompt 7,True,0.8200000000000001,192.09,45.0,1380000000.0,877000000.0,6667894784.0,0.55,1900-01-01 15:36:33,143,21
617,68755c41c9327eb904ad1358,Prompt 7,True,0.8200000000000001,192.09,45.0,1380000000.0,877000000.0,6667894784.0,0.55,1900-01-01 15:36:33,144,22
618,68755c41c9327eb904ad1359,Prompt 7,True,0.8200000000000001,192.09,45.0,1380000000.0,877000000.0,6667894784.0,0.55,1900-01-01 15:36:33,144,23
619,68755c41c9327eb904ad135a,Prompt 7,True,0.8200000000000001,192.09,45.0,1380000000.0,877000000.0,6667894784.0,0.55,1900-01-01 15:36:33,144,24
620,68755c42c9327eb904ad135b,Prompt 7,True,0.8200000000000001,192.09,45.0,1380000000.0,877000000.0,6667894784.0,0.55,1900-01-01 15:36:34,144,25
621,68755c42c9327eb904ad135c,Prompt 7,True,0.8200000000000001,192.09,45.0,1380000000.0,877000000.0,6667894784.0,0.55,1900-01-01 15:36:34,144,26
622,68755c42c9327eb904ad135d,Prompt 7,True,0.8200000000000001,192.09,45.0,1380000000.0,877000000.0,6667894784.0,0.55,1900-01-01 15:36:34,145,27
623,68755c42c9327eb904ad135e,Prompt 7,True,0.8200000000000001,192.09,45.0,1380000000.0,877000000.0,6667894784.0,0.55,1900-01-01 15:36:34,145,28
624,68755c42c9327eb904ad135f,Prompt 7,True,0.8200000000000001,192.09,45.0,1380000000.0,877000000.0,6667894784.0,0.55,1900-01-01 15:36:34,145,29
625,68755c43c9327eb904ad1360,Prompt 7,True,0.8200000000000001,192.09,45.0,1380000000.0,877000000.0,6667894784.0,0.55,1900-01-01 15:36:35,145,30
626,68755c43c9327eb904ad1361,Prompt 7,True,0.8200000000000001,192.09,45.0,1380000000.0,877000000.0,6667894784.0,0.55,1900-01-01 15:36:35,145,31
627,68755c43c9327eb904ad1362,Prompt 7,True,0.8200000000000001,192.09,45.0,1380000000.0,877000000.0,6667894784.0,0.55,1900-01-01 15:36:35,146,32
628,68755c43c9327eb904ad1363,Prompt 7,True,0.8200000000000001,192.09,45.0,1380000000.0,877000000.0,6667894784.0,0.55,1900-01-01 15:36:35,146,33
629,68755c44c9327eb904ad1364,Prompt 7,True,0.8200000000000001,192.09,45.0,1380000000.0,877000000.0,6667894784.0,0.55,1900-01-01 15:36:36,146,34
630,68755c44c9327eb904ad1365,Prompt 7,True,0.8200000000000001,192.09,45.0,1380000000.0,877000000.0,6667894784.0,0.55,1900-01-01 15:36:36,146,35
631,68755c44c9327eb904ad1366,Prompt 7,True,0.8200000000000001,192.09,45.0,1380000000.0,877000000.0,6667894784.0,0.55,1900-01-01 15:36:36,146,36
632,68755c44c9327eb904ad1367,Prompt 7,True,0.8200000000000001,192.09,45.0,1380000000.0,877000000.0,6667894784.0,0.55,1900-01-01 15:36:36,147,37
633,68755c44c9327eb904ad1368,Prompt 7,True,0.8200000000000001,192.09,45.0,1380000000.0,877000000.0,6667894784.0,0.55,1900-01-01 15:36:36,147,38
634,68755c45c9327eb904ad1369,Prompt 7,True,0.8200000000000001,192.09,45.0,1380000000.0,877000000.0,6667894784.0,0.55,1900-01-01 15:36:37,147,39
635,68755c45c9327eb904ad136a,Prompt 7,True,0.8200000000000001,192.09,45.0,1380000000.0,877000000.0,6667894784.0,0.55,1900-01-01 15:36:37,147,40
636,68755c45c9327eb904ad136b,Prompt 7,True,0.8200000000000001,192.09,45.0,1380000000.0,877000000.0,6667894784.0,0.55,1900-01-01 15:36:37,148,41
637,68755c45c9327eb904ad136c,Prompt 7,True,0.8200000000000001,192.09,45.0,1380000000.0,877000000.0,6667894784.0,0.55,1900-01-01 15:36:37,148,42
638,68755c45c9327eb904ad136d,Prompt 7,True,0.8200000000000001,192.09,45.0,1380000000.0,877000000.0,6667894784.0,0.55,1900-01-01 15:36:37,148,43
639,68755c46c9327eb904ad136e,Prompt 7,True,0.8200000000000001,192.09,45.0,1380000000.0,877000000.0,6667894784.0,0.55,1900-01-01 15:36:38,148,44
640,68755c46c9327eb904ad136f,Prompt 7,True,0.8200000000000001,192.09,45.0,1380000000.0,877000000.0,6667894784.0,0.55,1900-01-01 15:36:38,148,45
641,68755c46c9327eb904ad1370,Prompt 7,True,0.8200000000000001,192.09,45.0,1380000000.0,877000000.0,6667894784.0,0.55,1900-01-01 15:36:38,149,46
642,68755c46c9327eb904ad1371,Prompt 7,True,0.8200000000000001,192.09,45.0,1380000000.0,877000000.0,6667894784.0,0.55,1900-01-01 15:36:38,149,47
643,68755c46c9327eb904ad1372,Prompt 7,True,0.8200000000000001,192.09,45.0,1380000000.0,877000000.0,6667894784.0,0.55,1900-01-01 15:36:38,149,48
644,68755c47c9327eb904ad1373,Prompt 7,True,0.8200000000000001,192.09,45.0,1380000000.0,877000000.0,6667894784.0,0.55,1900-01-01 15:36:39,149,49
645,68755c47c9327eb904ad1374,Prompt 7,True,0.8200000000000001,192.09,45.0,1380000000.0,877000000.0,6667894784.0,0.55,1900-01-01 15:36:39,149,50
646,68755c47c9327eb904ad1375,Prompt 7,True,0.8200000000000001,192.09,45.0,1380000000.0,877000000.0,6667894784.0,0.55,1900-01-01 15:36:39,150,51
647,68755c47c9327eb904ad1376,Prompt 7,True,0.8200000000000001,192.09,45.0,1380000000.0,877000000.0,6667894784.0,0.55,1900-01-01 15:36:39,150,52
648,68755c48c9327eb904ad1377,Prompt 7,True,0.8200000000000001,192.09,45.0,1380000000.0,877000000.0,6667894784.0,0.55,1900-01-01 15:36:40,150,53
649,68755c48c9327eb904ad1378,Prompt 7,True,0.8200000000000001,192.09,45.0,1380000000.0,877000000.0,6667894784.0,0.55,1900-01-01 15:36:40,150,54
650,68755c48c9327eb904ad1379,Prompt 7,True,0.8200000000000001,192.09,45.0,1380000000.0,877000000.0,6667894784.0,0.55,1900-01-01 15:36:40,151,55
651,68755c48c9327eb904ad137a,Prompt 7,True,0.8200000000000001,192.09,45.0,1380000000.0,877000000.0,6667894784.0,0.55,1900-01-01 15:36:40,151,56
652,68755c49c9327eb904ad137b,Prompt 7,True,0.8200000000000001,192.09,45.0,1380000000.0,877000000.0,6667894784.0,0.55,1900-01-01 15:36:41,151,57
653,68755c49c9327eb904ad137c,Prompt 7,True,0.8200000000000001,192.09,45.0,1380000000.0,877000000.0,6667894784.0,0.55,1900-01-01 15:36:41,151,58
654,68755c49c9327eb904ad137d,Prompt 7,True,0.8200000000000001,192.09,45.0,1380000000.0,877000000.0,6667894784.0,0.55,1900-01-01 15:36:41,152,59
655,68755c49c9327eb904ad137e,Prompt 7,True,0.8200000000000001,192.09,45.0,1380000000.0,877000000.0,6667894784.0,0.55,1900-01-01 15:36:41,152,60
656,68755c49c9327eb904ad137f,Prompt 7,True,0.8200000000000001,192.09,45.0,1380000000.0,877000000.0,6667894784.0,0.55,1900-01-01 15:36:41,152,61
657,68755c4ac9327eb904ad1380,Prompt 7,True,0.8200000000000001,192.09,45.0,1380000000.0,877000000.0,6667894784.0,0.55,1900-01-01 15:36:42,152,62
658,68755c4ac9327eb904ad1381,Prompt 7,True,0.8200000000000001,192.09,45.0,1380000000.0,877000000.0,6667894784.0,0.55,1900-01-01 15:36:42,152,63
659,68755c4ac9327eb904ad1382,Prompt 7,True,0.8200000000000001,192.09,45.0,1380000000.0,877000000.0,6667894784.0,0.55,1900-01-01 15:36:42,153,64
660,68755c4ac9327eb904ad1383,Prompt 7,True,0.8200000000000001,192.09,45.0,1380000000.0,877000000.0,6667894784.0,0.55,1900-01-01 15:36:42,153,65
661,68755c4bc9327eb904ad1384,Prompt 7,True,0.8200000000000001,192.09,45.0,1380000000.0,877000000.0,6667894784.0,0.55,1900-01-01 15:36:43,153,66
662,68755c4bc9327eb904ad1385,Prompt 7,True,0.8200000000000001,192.09,45.0,1380000000.0,877000000.0,6667894784.0,0.55,1900-01-01 15:36:43,153,67
663,68755c4bc9327eb904ad1386,Prompt 7,True,0.8200000000000001,192.09,45.0,1380000000.0,877000000.0,6667894784.0,0.55,1900-01-01 15:36:43,154,68
664,68755c4bc9327eb904ad1387,Prompt 7,True,0.8200000000000001,192.09,45.0,1380000000.0,877000000.0,6667894784.0,0.55,1900-01-01 15:36:43,154,69
665,68755c4bc9327eb904ad1388,Prompt 7,True,0.8200000000000001,192.09,45.0,1380000000.0,877000000.0,6667894784.0,0.55,1900-01-01 15:36:43,154,70
666,68755c4cc9327eb904ad1389,Prompt 7,True,0.8200000000000001,192.09,45.0,1380000000.0,877000000.0,6667894784.0,0.55,1900-01-01 15:36:44,154,71
667,68755c4cc9327eb904ad138a,Prompt 7,True,0.8200000000000001,192.09,45.0,1380000000.0,877000000.0,6667894784.0,0.55,1900-01-01 15:36:44,154,72
668,68755c4cc9327eb904ad138b,Prompt 7,True,0.8200000000000001,192.09,45.0,1380000000.0,877000000.0,6667894784.0,0.55,1900-01-01 15:36:44,155,73
669,68755c4cc9327eb904ad138c,Prompt 7,True,0.8200000000000001,192.09,45.0,1380000000.0,877000000.0,6667894784.0,0.55,1900-01-01 15:36:44,155,74
670,68755c4dc9327eb904ad138d,Prompt 7,True,0.8200000000000001,192.09,45.0,1380000000.0,877000000.0,6667894784.0,0.55,1900-01-01 15:36:45,155,75
671,68755c4dc9327eb904ad138e,Prompt 7,True,0.8200000000000001,192.09,45.0,1380000000.0,877000000.0,6667894784.0,0.55,1900-01-01 15:36:45,155,76
672,68755c4dc9327eb904ad138f,Prompt 7,True,0.8200000000000001,192.09,45.0,1380000000.0,877000000.0,6667894784.0,0.55,1900-01-01 15:36:45,156,77
673,68755c4dc9327eb904ad1390,Prompt 7,True,0.8200000000000001,192.09,45.0,1380000000.0,877000000.0,6667894784.0,0.55,1900-01-01 15:36:45,156,78
674,68755c4dc9327eb904ad1391,Prompt 7,True,0.8200000000000001,192.09,45.0,1380000000.0,877000000.0,6667894784.0,0.55,1900-01-01 15:36:45,156,79
675,68755c4ec9327eb904ad1392,Prompt 7,True,0.8200000000000001,192.09,45.0,1380000000.0,877000000.0,6667894784.0,0.55,1900-01-01 15:36:46,156,80
676,68755c4ec9327eb904ad1393,Prompt 7,True,0.8200000000000001,192.09,45.0,1380000000.0,877000000.0,6667894784.0,0.55,1900-01-01 15:36:46,156,81
677,68755c4ec9327eb904ad1394,Prompt 7,True,0.8200000000000001,192.09,45.0,1380000000.0,877000000.0,6667894784.0,0.55,1900-01-01 15:36:46,157,82
678,68755c4ec9327eb904ad1395,Prompt 7,True,0.8200000000000001,192.09,45.0,1380000000.0,877000000.0,6667894784.0,0.55,1900-01-01 15:36:46,157,83
679,68755c4fc9327eb904ad1396,Prompt 7,True,0.8200000000000001,192.09,45.0,1380000000.0,877000000.0,6667894784.0,0.55,1900-01-01 15:36:47,157,84
680,68755c4fc9327eb904ad1397,Prompt 7,True,0.8200000000000001,192.09,45.0,1380000000.0,877000000.0,6667894784.0,0.55,1900-01-01 15:36:47,157,85
681,68755c4fc9327eb904ad1398,Prompt 7,True,0.8200000000000001,192.09,45.0,1380000000.0,877000000.0,6667894784.0,0.55,1900-01-01 15:36:47,158,86
682,68755c4fc9327eb904ad1399,Prompt 7,True,0.8200000000000001,192.09,45.0,1380000000.0,877000000.0,6667894784.0,0.55,1900-01-01 15:36:47,158,87
683,68755c50c9327eb904ad139a,Prompt 7,True,0.8300000000000001,190.19,45.0,1380000000.0,877000000.0,6667894784.0,0.55,1900-01-01 15:36:48,158,88
684,68755c50c9327eb904ad139b,Prompt 7,True,0.8300000000000001,190.19,45.0,1380000000.0,877000000.0,6667894784.0,0.55,1900-01-01 15:36:48,158,89
685,68755c50c9327eb904ad139c,Prompt 7,True,0.8300000000000001,190.19,45.0,1380000000.0,877000000.0,6667894784.0,0.55,1900-01-01 15:36:48,159,90
686,68755c50c9327eb904ad139d,Prompt 7,True,0.8300000000000001,190.19,45.0,1380000000.0,877000000.0,6667894784.0,0.55,1900-01-01 15:36:48,159,91
687,68755c51c9327eb904ad139e,Prompt 7,True,0.8300000000000001,190.19,45.0,1380000000.0,877000000.0,6667894784.0,0.55,1900-01-01 15:36:49,159,92
688,68755c51c9327eb904ad139f,Prompt 7,True,0.8300000000000001,190.19,45.0,1380000000.0,877000000.0,6667894784.0,0.55,1900-01-01 15:36:49,159,93
689,68755c51c9327eb904ad13a0,Prompt 7,True,0.8300000000000001,190.19,45.0,1380000000.0,877000000.0,6667894784.0,0.55,1900-01-01 15:36:49,160,94
690,68755c51c9327eb904ad13a1,Prompt 7,True,0.8300000000000001,190.19,45.0,1380000000.0,877000000.0,6667894784.0,0.55,1900-01-01 15:36:49,160,95
691,68755c52c9327eb904ad13a2,Prompt 7,True,0.8300000000000001,190.19,45.0,1380000000.0,877000000.0,6667894784.0,0.55,1900-01-01 15:36:50,160,96
692,68755c52c9327eb904ad13a3,Prompt 7,True,0.8300000000000001,190.19,45.0,1380000000.0,877000000.0,6667894784.0,0.55,1900-01-01 15:36:50,160,97
693,68755c52c9327eb904ad13a4,Prompt 7,True,0.8300000000000001,190.19,45.0,1380000000.0,877000000.0,6667894784.0,0.55,1900-01-01 15:36:50,161,98
694,68755c52c9327eb904ad13a5,Prompt 7,True,0.8300000000000001,190.19,45.0,1380000000.0,877000000.0,6667894784.0,0.55,1900-01-01 15:36:50,161,99
695,68755c52c9327eb904ad13a6,Prompt 7,True,0.8300000000000001,190.19,45.0,1380000000.0,877000000.0,6667894784.0,0.55,1900-01-01 15:36:50,161,100
696,68755c53c9327eb904ad13a7,Prompt 7,True,0.8300000000000001,190.19,45.0,1380000000.0,877000000.0,6667894784.0,0.55,1900-01-01 15:36:51,161,101
697,68755c53c9327eb904ad13a8,Prompt 7,True,0.8300000000000001,190.19,45.0,1380000000.0,877000000.0,6667894784.0,0.55,1900-01-01 15:36:51,161,102
698,68755c53c9327eb904ad13a9,Prompt 7,True,0.8300000000000001,190.19,45.0,1380000000.0,877000000.0,6667894784.0,0.55,1900-01-01 15:36:51,162,103
699,68755c53c9327eb904ad13aa,Prompt 7,True,0.8300000000000001,190.19,45.0,1380000000.0,877000000.0,6667894784.0,0.55,1900-01-01 15:36:51,162,104
700,68755c54c9327eb904ad13ab,Prompt 7,True,0.8300000000000001,190.19,45.0,1380000000.0,877000000.0,6667894784.0,0.55,1900-01-01 15:36:52,162,105
701,68755c54c9327eb904ad13ac,Prompt 7,True,0.8300000000000001,190.19,45.0,1380000000.0,877000000.0,6667894784.0,0.55,1900-01-01 15:36:52,163,106
702,68755c54c9327eb904ad13ad,Prompt 7,True,0.8300000000000001,190.19,45.0,1380000000.0,877000000.0,6667894784.0,0.55,1900-01-01 15:36:52,163,107
703,68755c54c9327eb904ad13ae,Prompt 7,True,0.8300000000000001,190.19,45.0,1380000000.0,877000000.0,6667894784.0,0.55,1900-01-01 15:36:52,163,108
704,68755c55c9327eb904ad13af,Prompt 7,True,0.8300000000000001,190.19,45.0,1380000000.0,877000000.0,6667894784.0,0.55,1900-01-01 15:36:53,163,109
705,68755c55c9327eb904ad13b0,Prompt 7,True,0.8300000000000001,190.19,45.0,1380000000.0,877000000.0,6667894784.0,0.55,1900-01-01 15:36:53,163,110
706,68755c55c9327eb904ad13b1,Prompt 7,True,0.8300000000000001,190.19,45.0,1380000000.0,877000000.0,6667894784.0,0.55,1900-01-01 15:36:53,164,111
707,68755c55c9327eb904ad13b2,Prompt 7,True,0.8300000000000001,190.19,45.0,1380000000.0,877000000.0,6667894784.0,0.55,1900-01-01 15:36:53,164,112
708,68755c56c9327eb904ad13b3,Prompt 7,True,0.8300000000000001,190.19,45.0,1380000000.0,877000000.0,6667894784.0,0.55,1900-01-01 15:36:54,164,113
709,68755c56c9327eb904ad13b4,Prompt 7,True,0.8300000000000001,190.19,45.0,1380000000.0,877000000.0,6667894784.0,0.55,1900-01-01 15:36:54,164,114
710,68755c56c9327eb904ad13b5,Prompt 7,True,0.8300000000000001,190.19,45.0,1380000000.0,877000000.0,6667894784.0,0.55,1900-01-01 15:36:54,165,115
711,68755c56c9327eb904ad13b6,Prompt 7,True,0.8300000000000001,190.19,45.0,1380000000.0,877000000.0,6667894784.0,0.55,1900-01-01 15:36:54,165,116
712,68755c57c9327eb904ad13b7,Prompt 7,True,0.8300000000000001,190.19,45.0,1380000000.0,877000000.0,6667894784.0,0.55,1900-01-01 15:36:55,165,117
713,68755c57c9327eb904ad13b8,Prompt 7,True,0.8300000000000001,190.19,45.0,1380000000.0,877000000.0,6667894784.0,0.55,1900-01-01 15:36:55,165,118
714,68755c57c9327eb904ad13b9,Prompt 7,True,0.8300000000000001,190.19,45.0,1380000000.0,877000000.0,6667894784.0,0.55,1900-01-01 15:36:55,166,119
715,68755c57c9327eb904ad13ba,Prompt 7,True,0.8300000000000001,190.19,45.0,1380000000.0,877000000.0,6667894784.0,0.55,1900-01-01 15:36:55,166,120
716,68755c58c9327eb904ad13bb,Prompt 7,True,0.8300000000000001,190.19,45.0,1380000000.0,877000000.0,6667894784.0,0.55,1900-01-01 15:36:56,166,121
717,68755c58c9327eb904ad13bc,Prompt 7,True,0.8300000000000001,190.19,45.0,1380000000.0,877000000.0,6667894784.0,0.55,1900-01-01 15:36:56,166,122
718,68755c58c9327eb904ad13bd,,True,,,,,,,,1900-01-01 15:36:56,,
719,68755c58c9327eb904ad13be,Prompt 8,True,0.8300000000000001,190.19,45.0,1380000000.0,877000000.0,6667894784.0,0.55,1900-01-01 15:36:56,167,1
720,68755c58c9327eb904ad13bf,Prompt 8,True,0.8300000000000001,190.19,45.0,1380000000.0,877000000.0,6667894784.0,0.55,1900-01-01 15:36:56,167,2
721,68755c59c9327eb904ad13c0,Prompt 8,True,0.8300000000000001,190.19,45.0,1380000000.0,877000000.0,6667894784.0,0.55,1900-01-01 15:36:57,167,3
722,68755c59c9327eb904ad13c1,Prompt 8,True,0.8300000000000001,190.19,45.0,1380000000.0,877000000.0,6667894784.0,0.55,1900-01-01 15:36:57,167,4
723,68755c59c9327eb904ad13c2,Prompt 8,True,0.8300000000000001,190.19,45.0,1380000000.0,877000000.0,6667894784.0,0.55,1900-01-01 15:36:57,168,5
724,68755c59c9327eb904ad13c3,Prompt 8,True,0.8300000000000001,190.19,45.0,1380000000.0,877000000.0,6667894784.0,0.55,1900-01-01 15:36:57,168,6
725,68755c5ac9327eb904ad13c4,Prompt 8,True,0.8300000000000001,190.19,45.0,1380000000.0,877000000.0,6667894784.0,0.55,1900-01-01 15:36:58,168,7
726,68755c5ac9327eb904ad13c5,Prompt 8,True,0.8300000000000001,190.19,45.0,1380000000.0,877000000.0,6667894784.0,0.55,1900-01-01 15:36:58,168,8
727,68755c5ac9327eb904ad13c6,Prompt 8,True,0.8300000000000001,190.19,45.0,1380000000.0,877000000.0,6667894784.0,0.55,1900-01-01 15:36:58,169,9
728,68755c5ac9327eb904ad13c7,Prompt 8,True,0.8300000000000001,190.19,45.0,1380000000.0,877000000.0,6667894784.0,0.55,1900-01-01 15:36:58,169,10
729,68755c5ac9327eb904ad13c8,Prompt 8,True,0.8300000000000001,190.19,45.0,1380000000.0,877000000.0,6667894784.0,0.55,1900-01-01 15:36:58,169,11
730,68755c5bc9327eb904ad13c9,Prompt 8,True,0.8300000000000001,190.19,45.0,1380000000.0,877000000.0,6667894784.0,0.55,1900-01-01 15:36:59,169,12
731,68755c5bc9327eb904ad13ca,Prompt 8,True,0.8300000000000001,190.19,45.0,1380000000.0,877000000.0,6667894784.0,0.55,1900-01-01 15:36:59,170,13
732,68755c5bc9327eb904ad13cb,Prompt 8,True,0.8300000000000001,190.19,45.0,1380000000.0,877000000.0,6667894784.0,0.55,1900-01-01 15:36:59,170,14
733,68755c5bc9327eb904ad13cc,Prompt 8,True,0.8300000000000001,190.19,45.0,1380000000.0,877000000.0,6667894784.0,0.55,1900-01-01 15:36:59,170,15
734,68755c5cc9327eb904ad13cd,Prompt 8,True,0.8300000000000001,190.19,45.0,1380000000.0,877000000.0,6667894784.0,0.55,1900-01-01 15:37:00,170,16
735,68755c5cc9327eb904ad13ce,Prompt 8,True,0.8300000000000001,190.19,45.0,1380000000.0,877000000.0,6667894784.0,0.55,1900-01-01 15:37:00,170,17
736,68755c5cc9327eb904ad13cf,Prompt 8,True,0.8300000000000001,190.19,45.0,1380000000.0,877000000.0,6667894784.0,0.55,1900-01-01 15:37:00,171,18
737,68755c5cc9327eb904ad13d0,Prompt 8,True,0.8300000000000001,190.19,45.0,1380000000.0,877000000.0,6667894784.0,0.55,1900-01-01 15:37:00,171,19
738,68755c5dc9327eb904ad13d1,Prompt 8,True,0.8300000000000001,190.19,45.0,1380000000.0,877000000.0,6667894784.0,0.55,1900-01-01 15:37:01,171,20
739,68755c5dc9327eb904ad13d2,Prompt 8,True,0.8300000000000001,190.19,45.0,1380000000.0,877000000.0,6667894784.0,0.55,1900-01-01 15:37:01,171,21
740,68755c5dc9327eb904ad13d3,Prompt 8,True,0.8300000000000001,190.19,45.0,1380000000.0,877000000.0,6667894784.0,0.55,1900-01-01 15:37:01,172,22
741,68755c5dc9327eb904ad13d4,Prompt 8,True,0.8300000000000001,190.19,45.0,1380000000.0,877000000.0,6667894784.0,0.55,1900-01-01 15:37:01,172,23
742,68755c5ec9327eb904ad13d5,Prompt 8,True,0.8300000000000001,190.19,45.0,1380000000.0,877000000.0,6667894784.0,0.55,1900-01-01 15:37:02,172,24
743,68755c5ec9327eb904ad13d6,Prompt 8,True,0.8300000000000001,190.19,45.0,1380000000.0,877000000.0,6667894784.0,0.55,1900-01-01 15:37:02,172,25
744,68755c5ec9327eb904ad13d7,Prompt 8,True,0.8300000000000001,190.19,45.0,1380000000.0,877000000.0,6667894784.0,0.55,1900-01-01 15:37:02,173,26
745,68755c5ec9327eb904ad13d8,Prompt 8,True,0.8300000000000001,190.19,45.0,1380000000.0,877000000.0,6667894784.0,0.5700000000000001,1900-01-01 15:37:02,173,27
746,68755c5fc9327eb904ad13d9,Prompt 8,True,0.8200000000000001,191.57,45.0,1380000000.0,877000000.0,6667894784.0,0.5700000000000001,1900-01-01 15:37:03,173,28
747,68755c5fc9327eb904ad13da,Prompt 8,True,0.8200000000000001,191.57,45.0,1380000000.0,877000000.0,6667894784.0,0.5700000000000001,1900-01-01 15:37:03,173,29
748,68755c5fc9327eb904ad13db,Prompt 8,True,0.8200000000000001,191.57,45.0,1380000000.0,877000000.0,6667894784.0,0.5700000000000001,1900-01-01 15:37:03,174,30
749,68755c5fc9327eb904ad13dc,Prompt 8,True,0.8200000000000001,191.57,45.0,1380000000.0,877000000.0,6667894784.0,0.5700000000000001,1900-01-01 15:37:03,174,31
750,68755c60c9327eb904ad13dd,Prompt 8,True,0.8200000000000001,191.57,45.0,1380000000.0,877000000.0,6667894784.0,0.5700000000000001,1900-01-01 15:37:04,174,32
751,68755c60c9327eb904ad13de,Prompt 8,True,0.8200000000000001,191.57,45.0,1380000000.0,877000000.0,6667894784.0,0.5700000000000001,1900-01-01 15:37:04,174,33
752,68755c60c9327eb904ad13df,Prompt 8,True,0.8200000000000001,191.57,45.0,1380000000.0,877000000.0,6667894784.0,0.5700000000000001,1900-01-01 15:37:04,175,34
753,68755c60c9327eb904ad13e0,,True,,,,,,,,1900-01-01 15:37:04,,
754,68755c60c9327eb904ad13e1,Prompt 9,True,0.8200000000000001,191.57,45.0,1380000000.0,877000000.0,6667894784.0,0.5700000000000001,1900-01-01 15:37:04,175,1
755,68755c60c9327eb904ad13e2,Prompt 9,True,0.8200000000000001,191.57,45.0,1380000000.0,877000000.0,6667894784.0,0.5700000000000001,1900-01-01 15:37:04,175,2
756,68755c61c9327eb904ad13e3,Prompt 9,True,0.8200000000000001,191.57,45.0,1380000000.0,877000000.0,6667894784.0,0.5700000000000001,1900-01-01 15:37:05,175,3
757,68755c61c9327eb904ad13e4,Prompt 9,True,0.8200000000000001,191.57,45.0,1380000000.0,877000000.0,6667894784.0,0.5700000000000001,1900-01-01 15:37:05,175,4
758,68755c61c9327eb904ad13e5,Prompt 9,True,0.8200000000000001,191.57,45.0,1380000000.0,877000000.0,6667894784.0,0.5700000000000001,1900-01-01 15:37:05,176,5
759,68755c61c9327eb904ad13e6,Prompt 9,True,0.8200000000000001,191.57,45.0,1380000000.0,877000000.0,6667894784.0,0.5700000000000001,1900-01-01 15:37:05,176,6
760,68755c62c9327eb904ad13e7,Prompt 9,True,0.8200000000000001,191.57,45.0,1380000000.0,877000000.0,6667894784.0,0.5700000000000001,1900-01-01 15:37:06,176,7
761,68755c62c9327eb904ad13e8,Prompt 9,True,0.8200000000000001,191.57,45.0,1380000000.0,877000000.0,6667894784.0,0.5700000000000001,1900-01-01 15:37:06,176,8
762,68755c62c9327eb904ad13e9,Prompt 9,True,0.8200000000000001,191.57,45.0,1380000000.0,877000000.0,6667894784.0,0.5700000000000001,1900-01-01 15:37:06,177,9
763,68755c62c9327eb904ad13ea,Prompt 9,True,0.8200000000000001,191.57,45.0,1380000000.0,877000000.0,6667894784.0,0.5700000000000001,1900-01-01 15:37:06,177,10
764,68755c63c9327eb904ad13eb,Prompt 9,True,0.8200000000000001,191.57,45.0,1380000000.0,877000000.0,6667894784.0,0.5700000000000001,1900-01-01 15:37:07,177,11
765,68755c63c9327eb904ad13ec,Prompt 9,True,0.8200000000000001,191.57,45.0,1380000000.0,877000000.0,6667894784.0,0.5700000000000001,1900-01-01 15:37:07,177,12
766,68755c63c9327eb904ad13ed,Prompt 9,True,0.8200000000000001,191.57,45.0,1380000000.0,877000000.0,6667894784.0,0.5700000000000001,1900-01-01 15:37:07,178,13
767,68755c63c9327eb904ad13ee,Prompt 9,True,0.8200000000000001,191.57,45.0,1380000000.0,877000000.0,6667894784.0,0.5700000000000001,1900-01-01 15:37:07,178,14
768,68755c63c9327eb904ad13ef,Prompt 9,True,0.8200000000000001,191.57,45.0,1380000000.0,877000000.0,6667894784.0,0.5700000000000001,1900-01-01 15:37:07,178,15
769,68755c64c9327eb904ad13f0,Prompt 9,True,0.8200000000000001,191.57,45.0,1380000000.0,877000000.0,6667894784.0,0.5700000000000001,1900-01-01 15:37:08,178,16
770,68755c64c9327eb904ad13f1,Prompt 9,True,0.8200000000000001,191.57,45.0,1380000000.0,877000000.0,6667894784.0,0.5700000000000001,1900-01-01 15:37:08,179,17
771,68755c64c9327eb904ad13f2,Prompt 9,True,0.8200000000000001,191.57,45.0,1380000000.0,877000000.0,6667894784.0,0.5700000000000001,1900-01-01 15:37:08,179,18
772,68755c64c9327eb904ad13f3,Prompt 9,True,0.8200000000000001,191.57,45.0,1380000000.0,877000000.0,6667894784.0,0.5700000000000001,1900-01-01 15:37:08,179,19
773,68755c65c9327eb904ad13f4,Prompt 9,True,0.8200000000000001,191.57,45.0,1380000000.0,877000000.0,6667894784.0,0.5700000000000001,1900-01-01 15:37:09,179,20
774,68755c65c9327eb904ad13f5,Prompt 9,True,0.8200000000000001,191.57,45.0,1380000000.0,877000000.0,6667894784.0,0.5700000000000001,1900-01-01 15:37:09,179,21
775,68755c65c9327eb904ad13f6,Prompt 9,True,0.8200000000000001,191.57,45.0,1380000000.0,877000000.0,6667894784.0,0.5700000000000001,1900-01-01 15:37:09,180,22
776,68755c65c9327eb904ad13f7,Prompt 9,True,0.8200000000000001,191.57,45.0,1380000000.0,877000000.0,6667894784.0,0.5700000000000001,1900-01-01 15:37:09,180,23
777,68755c66c9327eb904ad13f8,Prompt 9,True,0.8200000000000001,191.57,45.0,1380000000.0,877000000.0,6667894784.0,0.5700000000000001,1900-01-01 15:37:10,180,24
778,68755c66c9327eb904ad13f9,Prompt 9,True,0.8200000000000001,191.57,45.0,1380000000.0,877000000.0,6667894784.0,0.5700000000000001,1900-01-01 15:37:10,180,25
779,68755c66c9327eb904ad13fa,Prompt 9,True,0.8200000000000001,191.57,45.0,1380000000.0,877000000.0,6667894784.0,0.5700000000000001,1900-01-01 15:37:10,181,26
780,68755c66c9327eb904ad13fb,Prompt 9,True,0.8200000000000001,191.57,45.0,1380000000.0,877000000.0,6667894784.0,0.5700000000000001,1900-01-01 15:37:10,181,27
781,68755c67c9327eb904ad13fc,Prompt 9,True,0.8200000000000001,191.57,45.0,1380000000.0,877000000.0,6667894784.0,0.5700000000000001,1900-01-01 15:37:11,181,28
782,68755c67c9327eb904ad13fd,Prompt 9,True,0.8200000000000001,191.57,45.0,1380000000.0,877000000.0,6667894784.0,0.5700000000000001,1900-01-01 15:37:11,181,29
783,68755c67c9327eb904ad13fe,Prompt 9,True,0.8200000000000001,191.57,45.0,1380000000.0,877000000.0,6667894784.0,0.5700000000000001,1900-01-01 15:37:11,182,30
784,68755c67c9327eb904ad13ff,Prompt 9,True,0.8200000000000001,191.57,45.0,1380000000.0,877000000.0,6667894784.0,0.5700000000000001,1900-01-01 15:37:11,182,31
785,68755c68c9327eb904ad1400,Prompt 9,True,0.8200000000000001,191.57,45.0,1380000000.0,877000000.0,6667894784.0,0.5700000000000001,1900-01-01 15:37:12,182,32
786,68755c68c9327eb904ad1401,Prompt 9,True,0.8200000000000001,191.57,45.0,1380000000.0,877000000.0,6667894784.0,0.5700000000000001,1900-01-01 15:37:12,182,33
787,68755c68c9327eb904ad1402,Prompt 9,True,0.8200000000000001,191.57,45.0,1380000000.0,877000000.0,6667894784.0,0.5700000000000001,1900-01-01 15:37:12,183,34
788,68755c68c9327eb904ad1403,Prompt 9,True,0.8200000000000001,191.57,45.0,1380000000.0,877000000.0,6667894784.0,0.5700000000000001,1900-01-01 15:37:12,183,35
789,68755c68c9327eb904ad1404,Prompt 9,True,0.8200000000000001,191.57,45.0,1380000000.0,877000000.0,6667894784.0,0.5700000000000001,1900-01-01 15:37:12,183,36
790,68755c69c9327eb904ad1405,Prompt 9,True,0.8200000000000001,191.57,45.0,1380000000.0,877000000.0,6667894784.0,0.5700000000000001,1900-01-01 15:37:13,183,37
791,68755c69c9327eb904ad1406,Prompt 9,True,0.8200000000000001,191.57,45.0,1380000000.0,877000000.0,6667894784.0,0.5700000000000001,1900-01-01 15:37:13,183,38
792,68755c69c9327eb904ad1407,Prompt 9,True,0.8200000000000001,191.57,45.0,1380000000.0,877000000.0,6667894784.0,0.5700000000000001,1900-01-01 15:37:13,184,39
793,68755c69c9327eb904ad1408,Prompt 9,True,0.8200000000000001,191.57,45.0,1380000000.0,877000000.0,6667894784.0,0.5700000000000001,1900-01-01 15:37:13,184,40
794,68755c6ac9327eb904ad1409,Prompt 9,True,0.8200000000000001,191.57,45.0,1380000000.0,877000000.0,6667894784.0,0.5700000000000001,1900-01-01 15:37:14,184,41
795,68755c6ac9327eb904ad140a,Prompt 9,True,0.8200000000000001,191.57,45.0,1380000000.0,877000000.0,6667894784.0,0.5700000000000001,1900-01-01 15:37:14,184,42
796,68755c6ac9327eb904ad140b,Prompt 9,True,0.8200000000000001,191.57,45.0,1380000000.0,877000000.0,6667894784.0,0.5700000000000001,1900-01-01 15:37:14,185,43
797,68755c6ac9327eb904ad140c,Prompt 9,True,0.8200000000000001,191.57,45.0,1380000000.0,877000000.0,6667894784.0,0.5700000000000001,1900-01-01 15:37:14,185,44
798,68755c6bc9327eb904ad140d,Prompt 9,True,0.8200000000000001,191.57,45.0,1380000000.0,877000000.0,6667894784.0,0.5700000000000001,1900-01-01 15:37:15,185,45
799,68755c6bc9327eb904ad140e,Prompt 9,True,0.8200000000000001,191.57,45.0,1380000000.0,877000000.0,6667894784.0,0.5700000000000001,1900-01-01 15:37:15,185,46
800,68755c6bc9327eb904ad140f,Prompt 9,True,0.8200000000000001,191.57,45.0,1380000000.0,877000000.0,6667894784.0,0.5700000000000001,1900-01-01 15:37:15,186,47
801,68755c6bc9327eb904ad1410,Prompt 9,True,0.8200000000000001,191.57,45.0,1380000000.0,877000000.0,6667894784.0,0.5700000000000001,1900-01-01 15:37:15,186,48
802,68755c6bc9327eb904ad1411,Prompt 9,True,0.8200000000000001,191.57,45.0,1380000000.0,877000000.0,6667894784.0,0.5700000000000001,1900-01-01 15:37:15,186,49
803,68755c6cc9327eb904ad1412,Prompt 9,True,0.8200000000000001,191.57,45.0,1380000000.0,877000000.0,6667894784.0,0.5700000000000001,1900-01-01 15:37:16,186,50
804,68755c6cc9327eb904ad1413,Prompt 9,True,0.8200000000000001,191.57,45.0,1380000000.0,877000000.0,6667894784.0,0.5700000000000001,1900-01-01 15:37:16,186,51
805,68755c6cc9327eb904ad1414,Prompt 9,True,0.8200000000000001,191.57,45.0,1380000000.0,877000000.0,6667894784.0,0.5700000000000001,1900-01-01 15:37:16,187,52
806,68755c6cc9327eb904ad1415,Prompt 9,True,0.8200000000000001,191.57,45.0,1380000000.0,877000000.0,6667894784.0,0.5700000000000001,1900-01-01 15:37:16,187,53
807,68755c6dc9327eb904ad1416,Prompt 9,True,0.8200000000000001,191.57,45.0,1380000000.0,877000000.0,6667894784.0,0.5700000000000001,1900-01-01 15:37:17,187,54
808,68755c6dc9327eb904ad1417,Prompt 9,True,0.8200000000000001,191.57,45.0,1380000000.0,877000000.0,6667894784.0,0.5700000000000001,1900-01-01 15:37:17,187,55
809,68755c6dc9327eb904ad1418,Prompt 9,True,0.8200000000000001,191.57,45.0,1380000000.0,877000000.0,6667894784.0,0.5700000000000001,1900-01-01 15:37:17,188,56
810,68755c6dc9327eb904ad1419,Prompt 9,True,0.8200000000000001,191.57,45.0,1380000000.0,877000000.0,6667894784.0,0.5700000000000001,1900-01-01 15:37:17,188,57
811,68755c6ec9327eb904ad141a,Prompt 9,True,0.84,182.43,45.0,1380000000.0,877000000.0,6667894784.0,0.5700000000000001,1900-01-01 15:37:18,188,58
812,68755c6ec9327eb904ad141b,Prompt 9,True,0.84,182.43,45.0,1380000000.0,877000000.0,6667894784.0,0.5700000000000001,1900-01-01 15:37:18,188,59
813,68755c6ec9327eb904ad141c,Prompt 9,True,0.84,182.43,45.0,1380000000.0,877000000.0,6667894784.0,0.5700000000000001,1900-01-01 15:37:18,189,60
814,68755c6ec9327eb904ad141d,Prompt 9,True,0.84,182.43,45.0,1380000000.0,877000000.0,6667894784.0,0.5700000000000001,1900-01-01 15:37:18,189,61
815,68755c6ec9327eb904ad141e,Prompt 9,True,0.84,182.43,45.0,1380000000.0,877000000.0,6667894784.0,0.5700000000000001,1900-01-01 15:37:18,189,62
816,68755c6fc9327eb904ad141f,Prompt 9,True,0.84,182.43,45.0,1380000000.0,877000000.0,6667894784.0,0.5700000000000001,1900-01-01 15:37:19,189,63
817,68755c6fc9327eb904ad1420,Prompt 9,True,0.84,182.43,45.0,1380000000.0,877000000.0,6667894784.0,0.5700000000000001,1900-01-01 15:37:19,190,64
818,68755c6fc9327eb904ad1421,Prompt 9,True,0.84,182.43,45.0,1380000000.0,877000000.0,6667894784.0,0.5700000000000001,1900-01-01 15:37:19,190,65
819,68755c70c9327eb904ad1422,Prompt 9,True,0.84,182.43,45.0,1380000000.0,877000000.0,6667894784.0,0.5700000000000001,1900-01-01 15:37:20,190,66
820,68755c70c9327eb904ad1423,Prompt 9,True,0.84,182.43,45.0,1380000000.0,877000000.0,6667894784.0,0.5700000000000001,1900-01-01 15:37:20,190,67
821,68755c70c9327eb904ad1424,Prompt 9,True,0.84,182.43,45.0,1380000000.0,877000000.0,6667894784.0,0.5700000000000001,1900-01-01 15:37:20,191,68
822,68755c70c9327eb904ad1425,Prompt 9,True,0.84,182.43,45.0,1380000000.0,877000000.0,6667894784.0,0.5700000000000001,1900-01-01 15:37:20,191,69
823,68755c70c9327eb904ad1426,Prompt 9,True,0.84,182.43,45.0,1380000000.0,877000000.0,6667894784.0,0.5700000000000001,1900-01-01 15:37:20,191,70
824,68755c71c9327eb904ad1427,Prompt 9,True,0.84,182.43,45.0,1380000000.0,877000000.0,6667894784.0,0.5700000000000001,1900-01-01 15:37:21,191,71
825,68755c71c9327eb904ad1428,Prompt 9,True,0.84,182.43,45.0,1380000000.0,877000000.0,6667894784.0,0.5700000000000001,1900-01-01 15:37:21,192,72
826,68755c71c9327eb904ad1429,Prompt 9,True,0.84,182.43,45.0,1380000000.0,877000000.0,6667894784.0,0.5700000000000001,1900-01-01 15:37:21,192,73
827,68755c71c9327eb904ad142a,Prompt 9,True,0.84,182.43,45.0,1380000000.0,877000000.0,6667894784.0,0.5700000000000001,1900-01-01 15:37:21,192,74
828,68755c72c9327eb904ad142b,Prompt 9,True,0.84,182.43,45.0,1380000000.0,877000000.0,6667894784.0,0.5700000000000001,1900-01-01 15:37:22,192,75
829,68755c72c9327eb904ad142c,Prompt 9,True,0.84,182.43,45.0,1380000000.0,877000000.0,6667894784.0,0.5700000000000001,1900-01-01 15:37:22,192,76
830,68755c72c9327eb904ad142d,Prompt 9,True,0.84,182.43,45.0,1380000000.0,877000000.0,6667894784.0,0.5700000000000001,1900-01-01 15:37:22,193,77
831,68755c72c9327eb904ad142e,Prompt 9,True,0.84,182.43,45.0,1380000000.0,877000000.0,6667894784.0,0.5700000000000001,1900-01-01 15:37:22,193,78
832,68755c73c9327eb904ad142f,Prompt 9,True,0.84,182.43,45.0,1380000000.0,877000000.0,6667894784.0,0.5700000000000001,1900-01-01 15:37:23,193,79
833,68755c73c9327eb904ad1430,Prompt 9,True,0.84,182.43,45.0,1380000000.0,877000000.0,6667894784.0,0.5700000000000001,1900-01-01 15:37:23,193,80
834,68755c73c9327eb904ad1431,Prompt 9,True,0.84,182.43,45.0,1380000000.0,877000000.0,6667894784.0,0.5700000000000001,1900-01-01 15:37:23,194,81
835,68755c73c9327eb904ad1432,Prompt 9,True,0.84,182.43,45.0,1380000000.0,877000000.0,6667894784.0,0.5700000000000001,1900-01-01 15:37:23,194,82
836,68755c74c9327eb904ad1433,Prompt 9,True,0.84,182.43,45.0,1380000000.0,877000000.0,6667894784.0,0.5700000000000001,1900-01-01 15:37:24,194,83
837,68755c74c9327eb904ad1434,Prompt 9,True,0.84,182.43,45.0,1380000000.0,877000000.0,6667894784.0,0.5700000000000001,1900-01-01 15:37:24,194,84
838,68755c74c9327eb904ad1435,Prompt 9,True,0.84,182.43,45.0,1380000000.0,877000000.0,6667894784.0,0.5700000000000001,1900-01-01 15:37:24,195,85
839,68755c74c9327eb904ad1436,Prompt 9,True,0.84,182.43,45.0,1380000000.0,877000000.0,6667894784.0,0.5700000000000001,1900-01-01 15:37:24,195,86
840,68755c74c9327eb904ad1437,Prompt 9,True,0.84,182.43,45.0,1380000000.0,877000000.0,6667894784.0,0.5700000000000001,1900-01-01 15:37:24,195,87
841,68755c75c9327eb904ad1438,Prompt 9,True,0.84,182.43,45.0,1380000000.0,877000000.0,6667894784.0,0.5700000000000001,1900-01-01 15:37:25,195,88
842,68755c75c9327eb904ad1439,,True,,,,,,,,1900-01-01 15:37:25,,
843,68755c75c9327eb904ad143a,Prompt 10,True,0.84,182.43,45.0,1380000000.0,877000000.0,6667894784.0,0.5700000000000001,1900-01-01 15:37:25,195,1
844,68755c75c9327eb904ad143b,Prompt 10,True,0.84,182.43,45.0,1380000000.0,877000000.0,6667894784.0,0.5700000000000001,1900-01-01 15:37:25,196,2
845,68755c75c9327eb904ad143c,,True,,,,,,,,1900-01-01 15:37:25,,
846,68755c75c9327eb904ad143d,Prompt 11,True,0.84,182.43,45.0,1380000000.0,877000000.0,6667894784.0,0.5700000000000001,1900-01-01 15:37:25,196,1
847,68755c76c9327eb904ad143e,Prompt 11,True,0.84,182.43,45.0,1380000000.0,877000000.0,6667894784.0,0.5700000000000001,1900-01-01 15:37:26,196,2
848,68755c76c9327eb904ad143f,Prompt 11,True,0.84,182.43,45.0,1380000000.0,877000000.0,6667894784.0,0.5700000000000001,1900-01-01 15:37:26,196,3
849,68755c76c9327eb904ad1440,Prompt 11,True,0.84,182.43,45.0,1380000000.0,877000000.0,6667894784.0,0.5700000000000001,1900-01-01 15:37:26,197,4
850,68755c76c9327eb904ad1441,,True,,,,,,,,1900-01-01 15:37:26,,
851,68755c76c9327eb904ad1442,Prompt 12,True,0.84,182.43,45.0,1380000000.0,877000000.0,6667894784.0,0.5700000000000001,1900-01-01 15:37:26,197,1
852,68755c77c9327eb904ad1443,Prompt 12,True,0.84,182.43,45.0,1380000000.0,877000000.0,6667894784.0,0.5700000000000001,1900-01-01 15:37:27,197,2
853,68755c77c9327eb904ad1444,Prompt 12,True,0.84,182.43,45.0,1380000000.0,877000000.0,6667894784.0,0.5700000000000001,1900-01-01 15:37:27,197,3
854,68755c77c9327eb904ad1445,Prompt 12,True,0.84,182.43,45.0,1380000000.0,877000000.0,6667894784.0,0.5700000000000001,1900-01-01 15:37:27,198,4
855,68755c77c9327eb904ad1446,Prompt 12,True,0.84,182.43,45.0,1380000000.0,877000000.0,6667894784.0,0.5700000000000001,1900-01-01 15:37:27,198,5
856,68755c78c9327eb904ad1447,Prompt 12,True,0.84,182.43,45.0,1380000000.0,877000000.0,6667894784.0,0.5700000000000001,1900-01-01 15:37:28,198,6
857,68755c78c9327eb904ad1448,Prompt 12,True,0.84,182.43,45.0,1380000000.0,877000000.0,6667894784.0,0.5700000000000001,1900-01-01 15:37:28,198,7
858,68755c78c9327eb904ad1449,,True,,,,,,,,1900-01-01 15:37:28,,
859,68755c78c9327eb904ad144a,Prompt 13,True,0.84,182.43,45.0,1380000000.0,877000000.0,6667894784.0,0.5700000000000001,1900-01-01 15:37:28,199,1
860,68755c78c9327eb904ad144b,Prompt 13,True,0.84,182.43,45.0,1380000000.0,877000000.0,6667894784.0,0.5700000000000001,1900-01-01 15:37:28,199,2
861,68755c78c9327eb904ad144c,Prompt 13,True,0.84,182.43,45.0,1380000000.0,877000000.0,6667894784.0,0.5700000000000001,1900-01-01 15:37:28,199,3
862,68755c79c9327eb904ad144d,Prompt 13,True,0.84,182.43,45.0,1380000000.0,877000000.0,6667894784.0,0.5700000000000001,1900-01-01 15:37:29,199,4
863,68755c79c9327eb904ad144e,Prompt 13,True,0.84,182.43,45.0,1380000000.0,877000000.0,6667894784.0,0.5700000000000001,1900-01-01 15:37:29,199,5
864,68755c79c9327eb904ad144f,Prompt 13,True,0.84,182.43,45.0,1380000000.0,877000000.0,6667894784.0,0.5700000000000001,1900-01-01 15:37:29,200,6
865,68755c79c9327eb904ad1450,Prompt 13,True,0.84,182.43,45.0,1380000000.0,877000000.0,6667894784.0,0.5700000000000001,1900-01-01 15:37:29,200,7
866,68755c7ac9327eb904ad1451,Prompt 13,True,0.84,182.43,45.0,1380000000.0,877000000.0,6667894784.0,0.5700000000000001,1900-01-01 15:37:30,200,8
867,68755c7ac9327eb904ad1452,Prompt 13,True,0.84,182.43,45.0,1380000000.0,877000000.0,6667894784.0,0.5700000000000001,1900-01-01 15:37:30,201,9
868,68755c7ac9327eb904ad1453,Prompt 13,True,0.84,182.43,45.0,1380000000.0,877000000.0,6667894784.0,0.5700000000000001,1900-01-01 15:37:30,201,10
869,68755c7bc9327eb904ad1454,Prompt 13,True,0.84,182.43,45.0,1380000000.0,877000000.0,6667894784.0,0.5700000000000001,1900-01-01 15:37:31,201,11
870,68755c7bc9327eb904ad1455,,True,,,,,,,,1900-01-01 15:37:30,,
871,68755c7bc9327eb904ad1456,Prompt 14,True,0.84,182.43,45.0,1380000000.0,877000000.0,6667894784.0,0.5700000000000001,1900-01-01 15:37:31,201,1
872,68755c7bc9327eb904ad1457,Prompt 14,True,0.84,182.43,45.0,1380000000.0,877000000.0,6667894784.0,0.5700000000000001,1900-01-01 15:37:31,202,2
873,68755c7bc9327eb904ad1458,Prompt 14,True,0.84,182.43,45.0,1380000000.0,877000000.0,6667894784.0,0.5700000000000001,1900-01-01 15:37:31,202,3
874,68755c7cc9327eb904ad1459,Prompt 14,True,0.84,182.43,45.0,1380000000.0,877000000.0,6667894784.0,0.5700000000000001,1900-01-01 15:37:32,202,4
875,68755c7cc9327eb904ad145a,Prompt 14,True,0.84,182.43,45.0,1380000000.0,877000000.0,6667894784.0,0.5700000000000001,1900-01-01 15:37:32,202,5
876,68755c7cc9327eb904ad145b,Prompt 14,True,0.84,182.43,45.0,1380000000.0,877000000.0,6667894784.0,0.5700000000000001,1900-01-01 15:37:32,203,6
877,68755c7cc9327eb904ad145c,Prompt 14,True,0.84,182.43,45.0,1380000000.0,877000000.0,6667894784.0,0.5700000000000001,1900-01-01 15:37:32,203,7
878,68755c7dc9327eb904ad145d,Prompt 14,True,0.84,175.76,44.0,1380000000.0,877000000.0,6667894784.0,0.55,1900-01-01 15:37:33,203,8
879,68755c7dc9327eb904ad145e,Prompt 14,True,0.79,175.76,44.0,1380000000.0,877000000.0,6667894784.0,0.55,1900-01-01 15:37:33,203,9
880,68755c7dc9327eb904ad145f,Prompt 14,True,0.79,175.76,44.0,1380000000.0,877000000.0,6667894784.0,0.55,1900-01-01 15:37:33,204,10
881,68755c7dc9327eb904ad1460,Prompt 14,True,0.79,175.76,44.0,1380000000.0,877000000.0,6667894784.0,0.55,1900-01-01 15:37:33,204,11
882,68755c7ec9327eb904ad1461,Prompt 14,True,0.79,175.76,44.0,1380000000.0,877000000.0,6667894784.0,0.55,1900-01-01 15:37:34,204,12
883,68755c7ec9327eb904ad1462,Prompt 14,True,0.79,175.76,44.0,1380000000.0,877000000.0,6667894784.0,0.55,1900-01-01 15:37:34,205,13
884,68755c7ec9327eb904ad1463,Prompt 14,True,0.79,175.76,44.0,1380000000.0,877000000.0,6667894784.0,0.55,1900-01-01 15:37:34,205,14
885,68755c7ec9327eb904ad1464,Prompt 14,True,0.79,175.76,44.0,1380000000.0,877000000.0,6667894784.0,0.55,1900-01-01 15:37:34,205,15
886,68755c7fc9327eb904ad1465,Prompt 14,True,0.79,175.76,44.0,1380000000.0,877000000.0,6667894784.0,0.55,1900-01-01 15:37:35,205,16
887,68755c7fc9327eb904ad1466,Prompt 14,True,0.79,175.76,44.0,1380000000.0,877000000.0,6667894784.0,0.55,1900-01-01 15:37:35,205,17
888,68755c7fc9327eb904ad1467,Prompt 14,True,0.79,175.76,44.0,1380000000.0,877000000.0,6667894784.0,0.55,1900-01-01 15:37:35,206,18
889,68755c7fc9327eb904ad1468,Prompt 14,True,0.79,175.76,44.0,1380000000.0,877000000.0,6667894784.0,0.55,1900-01-01 15:37:35,206,19
890,68755c80c9327eb904ad1469,Prompt 14,True,0.79,175.76,44.0,1380000000.0,877000000.0,6667894784.0,0.55,1900-01-01 15:37:36,206,20
891,68755c80c9327eb904ad146a,Prompt 14,True,0.79,175.76,44.0,1380000000.0,877000000.0,6667894784.0,0.55,1900-01-01 15:37:36,206,21
892,68755c80c9327eb904ad146b,Prompt 14,True,0.79,175.76,44.0,1380000000.0,877000000.0,6667894784.0,0.55,1900-01-01 15:37:36,207,22
893,68755c80c9327eb904ad146c,Prompt 14,True,0.79,175.76,44.0,1380000000.0,877000000.0,6667894784.0,0.55,1900-01-01 15:37:36,207,23
894,68755c81c9327eb904ad146d,Prompt 14,True,0.79,175.76,44.0,1380000000.0,877000000.0,6667894784.0,0.55,1900-01-01 15:37:37,207,24
895,68755c81c9327eb904ad146e,,True,,,,,,,,1900-01-01 15:37:36,,
896,68755c81c9327eb904ad146f,Prompt 15,True,0.79,175.76,44.0,1380000000.0,877000000.0,6667894784.0,0.55,1900-01-01 15:37:37,207,1
897,68755c81c9327eb904ad1470,Prompt 15,True,0.79,175.76,44.0,1380000000.0,877000000.0,6667894784.0,0.55,1900-01-01 15:37:37,208,2
898,68755c81c9327eb904ad1471,Prompt 15,True,0.79,175.76,44.0,1380000000.0,877000000.0,6667894784.0,0.55,1900-01-01 15:37:37,208,3
899,68755c82c9327eb904ad1472,Prompt 15,True,0.79,175.76,44.0,1380000000.0,877000000.0,6667894784.0,0.55,1900-01-01 15:37:38,208,4
900,68755c82c9327eb904ad1473,Prompt 15,True,0.79,175.76,44.0,1380000000.0,877000000.0,6667894784.0,0.55,1900-01-01 15:37:38,208,5
901,68755c82c9327eb904ad1474,Prompt 15,True,0.79,175.76,44.0,1380000000.0,877000000.0,6667894784.0,0.55,1900-01-01 15:37:38,209,6
902,68755c82c9327eb904ad1475,Prompt 15,True,0.79,175.76,44.0,1380000000.0,877000000.0,6667894784.0,0.55,1900-01-01 15:37:38,209,7
903,68755c83c9327eb904ad1476,Prompt 15,True,0.79,175.76,44.0,1380000000.0,877000000.0,6667894784.0,0.55,1900-01-01 15:37:39,209,8
904,68755c83c9327eb904ad1477,Prompt 15,True,0.79,175.76,44.0,1380000000.0,877000000.0,6667894784.0,0.55,1900-01-01 15:37:39,209,9
905,68755c83c9327eb904ad1478,Prompt 15,True,0.79,175.76,44.0,1380000000.0,877000000.0,6667894784.0,0.55,1900-01-01 15:37:39,210,10
906,68755c83c9327eb904ad1479,Prompt 15,True,0.79,175.76,44.0,1380000000.0,877000000.0,6667894784.0,0.55,1900-01-01 15:37:39,210,11
907,68755c84c9327eb904ad147a,Prompt 15,True,0.79,175.76,44.0,1380000000.0,877000000.0,6667894784.0,0.55,1900-01-01 15:37:40,210,12
908,68755c84c9327eb904ad147b,Prompt 15,True,0.79,175.76,44.0,1380000000.0,877000000.0,6667894784.0,0.55,1900-01-01 15:37:40,210,13
909,68755c84c9327eb904ad147c,Prompt 15,True,0.79,175.76,44.0,1380000000.0,877000000.0,6667894784.0,0.55,1900-01-01 15:37:40,211,14
910,68755c84c9327eb904ad147d,Prompt 15,True,0.79,175.76,44.0,1380000000.0,877000000.0,6667894784.0,0.55,1900-01-01 15:37:40,211,15
911,68755c85c9327eb904ad147e,Prompt 15,True,0.79,175.76,44.0,1380000000.0,877000000.0,6667894784.0,0.55,1900-01-01 15:37:41,211,16
912,68755c85c9327eb904ad147f,Prompt 15,True,0.79,175.76,44.0,1380000000.0,877000000.0,6667894784.0,0.55,1900-01-01 15:37:41,211,17
913,68755c85c9327eb904ad1480,Prompt 15,True,0.79,175.76,44.0,1380000000.0,877000000.0,6667894784.0,0.55,1900-01-01 15:37:41,212,18
914,68755c85c9327eb904ad1481,Prompt 15,True,0.79,175.76,44.0,1380000000.0,877000000.0,6667894784.0,0.55,1900-01-01 15:37:41,212,19
915,68755c86c9327eb904ad1482,Prompt 15,True,0.79,175.76,44.0,1380000000.0,877000000.0,6667894784.0,0.55,1900-01-01 15:37:42,212,20
916,68755c86c9327eb904ad1483,Prompt 15,True,0.79,175.76,44.0,1380000000.0,877000000.0,6667894784.0,0.55,1900-01-01 15:37:42,212,21
917,68755c86c9327eb904ad1484,Prompt 15,True,0.79,175.76,44.0,1380000000.0,877000000.0,6667894784.0,0.55,1900-01-01 15:37:42,213,22
918,68755c86c9327eb904ad1485,Prompt 15,True,0.79,175.76,44.0,1380000000.0,877000000.0,6667894784.0,0.55,1900-01-01 15:37:42,213,23
919,68755c86c9327eb904ad1486,,True,,,,,,,,1900-01-01 15:37:42,,
920,68755c87c9327eb904ad1487,Prompt 16,True,0.79,175.76,44.0,1380000000.0,877000000.0,6667894784.0,0.55,1900-01-01 15:37:43,213,1
921,68755c87c9327eb904ad1488,Prompt 16,True,0.79,175.76,44.0,1380000000.0,877000000.0,6667894784.0,0.55,1900-01-01 15:37:43,213,2
922,68755c87c9327eb904ad1489,Prompt 16,True,0.79,175.76,44.0,1380000000.0,877000000.0,6667894784.0,0.55,1900-01-01 15:37:43,214,3
923,68755c87c9327eb904ad148a,Prompt 16,True,0.79,175.76,44.0,1380000000.0,877000000.0,6667894784.0,0.55,1900-01-01 15:37:43,214,4
924,68755c87c9327eb904ad148b,Prompt 16,True,0.79,175.76,44.0,1380000000.0,877000000.0,6667894784.0,0.55,1900-01-01 15:37:43,214,5
925,68755c88c9327eb904ad148c,Prompt 16,True,0.79,175.76,44.0,1380000000.0,877000000.0,6667894784.0,0.55,1900-01-01 15:37:44,214,6
926,68755c88c9327eb904ad148d,Prompt 16,True,0.79,175.76,44.0,1380000000.0,877000000.0,6667894784.0,0.55,1900-01-01 15:37:44,214,7
927,68755c88c9327eb904ad148e,Prompt 16,True,0.79,175.76,44.0,1380000000.0,877000000.0,6667894784.0,0.55,1900-01-01 15:37:44,215,8
928,68755c88c9327eb904ad148f,Prompt 16,True,0.79,175.76,44.0,1380000000.0,877000000.0,6667894784.0,0.55,1900-01-01 15:37:44,215,9
929,68755c89c9327eb904ad1490,Prompt 16,True,0.79,175.76,44.0,1380000000.0,877000000.0,6667894784.0,0.55,1900-01-01 15:37:45,215,10
930,68755c89c9327eb904ad1491,Prompt 16,True,0.79,175.76,44.0,1380000000.0,877000000.0,6667894784.0,0.55,1900-01-01 15:37:45,215,11
931,68755c89c9327eb904ad1492,Prompt 16,True,0.79,175.76,44.0,1380000000.0,877000000.0,6667894784.0,0.55,1900-01-01 15:37:45,216,12
932,68755c89c9327eb904ad1493,Prompt 16,True,0.79,175.76,44.0,1380000000.0,877000000.0,6667894784.0,0.55,1900-01-01 15:37:45,216,13
933,68755c8ac9327eb904ad1494,Prompt 16,True,0.79,175.76,44.0,1380000000.0,877000000.0,6667894784.0,0.55,1900-01-01 15:37:46,216,14
934,68755c8ac9327eb904ad1495,Prompt 16,True,0.79,175.76,44.0,1380000000.0,877000000.0,6667894784.0,0.55,1900-01-01 15:37:46,217,15
935,68755c8ac9327eb904ad1496,Prompt 16,True,0.79,175.76,44.0,1380000000.0,877000000.0,6667894784.0,0.55,1900-01-01 15:37:46,217,16
936,68755c8ac9327eb904ad1497,Prompt 16,True,0.79,175.76,44.0,1380000000.0,877000000.0,6667894784.0,0.55,1900-01-01 15:37:46,217,17
937,68755c8bc9327eb904ad1498,Prompt 16,True,0.79,175.76,44.0,1380000000.0,877000000.0,6667894784.0,0.55,1900-01-01 15:37:47,217,18
938,68755c8bc9327eb904ad1499,Prompt 16,True,0.79,175.76,44.0,1380000000.0,877000000.0,6667894784.0,0.55,1900-01-01 15:37:47,217,19
939,68755c8bc9327eb904ad149a,Prompt 16,True,0.79,175.76,44.0,1380000000.0,877000000.0,6667894784.0,0.55,1900-01-01 15:37:47,218,20
940,68755c8bc9327eb904ad149b,Prompt 16,True,0.79,175.76,44.0,1380000000.0,877000000.0,6667894784.0,0.55,1900-01-01 15:37:47,218,21
941,68755c8bc9327eb904ad149c,Prompt 16,True,0.8,170.31,44.0,1380000000.0,877000000.0,6669991936.0,0.53,1900-01-01 15:37:47,218,22
942,68755c8cc9327eb904ad149d,Prompt 16,True,0.8,170.31,44.0,1380000000.0,877000000.0,6669991936.0,0.53,1900-01-01 15:37:48,218,23
943,68755c8cc9327eb904ad149e,Prompt 16,True,0.8,170.31,44.0,1380000000.0,877000000.0,6669991936.0,0.53,1900-01-01 15:37:48,218,24
944,68755c8cc9327eb904ad149f,Prompt 16,True,0.8,170.31,44.0,1380000000.0,877000000.0,6669991936.0,0.53,1900-01-01 15:37:48,219,25
945,68755c8cc9327eb904ad14a0,Prompt 16,True,0.8,170.31,44.0,1380000000.0,877000000.0,6669991936.0,0.53,1900-01-01 15:37:48,219,26
946,68755c8dc9327eb904ad14a1,Prompt 16,True,0.8,170.31,44.0,1380000000.0,877000000.0,6669991936.0,0.53,1900-01-01 15:37:49,219,27
947,68755c8dc9327eb904ad14a2,Prompt 16,True,0.8,170.31,44.0,1380000000.0,877000000.0,6669991936.0,0.53,1900-01-01 15:37:49,219,28
948,68755c8dc9327eb904ad14a3,Prompt 16,True,0.8,170.31,44.0,1380000000.0,877000000.0,6669991936.0,0.53,1900-01-01 15:37:49,220,29
949,68755c8dc9327eb904ad14a4,Prompt 16,True,0.8,170.31,44.0,1380000000.0,877000000.0,6669991936.0,0.53,1900-01-01 15:37:49,220,30
950,68755c8dc9327eb904ad14a5,Prompt 16,True,0.8,170.31,44.0,1380000000.0,877000000.0,6669991936.0,0.53,1900-01-01 15:37:49,220,31
951,68755c8ec9327eb904ad14a6,Prompt 16,True,0.8,170.31,44.0,1380000000.0,877000000.0,6669991936.0,0.53,1900-01-01 15:37:50,220,32
952,68755c8ec9327eb904ad14a7,Prompt 16,True,0.8,170.31,44.0,1380000000.0,877000000.0,6669991936.0,0.53,1900-01-01 15:37:50,220,33
953,68755c8ec9327eb904ad14a8,Prompt 16,True,0.8,170.31,44.0,1380000000.0,877000000.0,6669991936.0,0.53,1900-01-01 15:37:50,221,34
954,68755c8ec9327eb904ad14a9,,True,,,,,,,,1900-01-01 15:37:50,,
955,68755c8ec9327eb904ad14aa,Prompt 17,True,0.8,170.31,44.0,1380000000.0,877000000.0,6669991936.0,0.53,1900-01-01 15:37:50,221,1
956,68755c8ec9327eb904ad14ab,Prompt 17,True,0.8,170.31,44.0,1380000000.0,877000000.0,6669991936.0,0.53,1900-01-01 15:37:50,221,2
957,68755c8fc9327eb904ad14ac,Prompt 17,True,0.8,170.31,44.0,1380000000.0,877000000.0,6669991936.0,0.53,1900-01-01 15:37:51,221,3
958,68755c8fc9327eb904ad14ad,Prompt 17,True,0.8,170.31,44.0,1380000000.0,877000000.0,6669991936.0,0.53,1900-01-01 15:37:51,221,4
959,68755c8fc9327eb904ad14ae,Prompt 17,True,0.8,170.31,44.0,1380000000.0,877000000.0,6669991936.0,0.53,1900-01-01 15:37:51,222,5
960,68755c8fc9327eb904ad14af,Prompt 17,True,0.8,170.31,44.0,1380000000.0,877000000.0,6669991936.0,0.53,1900-01-01 15:37:51,222,6
961,68755c8fc9327eb904ad14b0,Prompt 17,True,0.8,170.31,44.0,1380000000.0,877000000.0,6669991936.0,0.53,1900-01-01 15:37:51,222,7
962,68755c90c9327eb904ad14b1,Prompt 17,True,0.8,170.31,44.0,1380000000.0,877000000.0,6669991936.0,0.53,1900-01-01 15:37:52,222,8
963,68755c90c9327eb904ad14b2,Prompt 17,True,0.8,170.31,44.0,1380000000.0,877000000.0,6669991936.0,0.53,1900-01-01 15:37:52,222,9
964,68755c90c9327eb904ad14b3,Prompt 17,True,0.8,170.31,44.0,1380000000.0,877000000.0,6669991936.0,0.53,1900-01-01 15:37:52,223,10
965,68755c90c9327eb904ad14b4,Prompt 17,True,0.8,170.31,44.0,1380000000.0,877000000.0,6669991936.0,0.53,1900-01-01 15:37:52,223,11
966,68755c91c9327eb904ad14b5,Prompt 17,True,0.8,170.31,44.0,1380000000.0,877000000.0,6669991936.0,0.53,1900-01-01 15:37:53,223,12
967,68755c91c9327eb904ad14b6,Prompt 17,True,0.8,170.31,44.0,1380000000.0,877000000.0,6669991936.0,0.53,1900-01-01 15:37:53,223,13
968,68755c91c9327eb904ad14b7,Prompt 17,True,0.8,170.31,44.0,1380000000.0,877000000.0,6669991936.0,0.53,1900-01-01 15:37:53,224,14
969,68755c91c9327eb904ad14b8,Prompt 17,True,0.8,170.31,44.0,1380000000.0,877000000.0,6669991936.0,0.53,1900-01-01 15:37:53,224,15
970,68755c91c9327eb904ad14b9,Prompt 17,True,0.8,170.31,44.0,1380000000.0,877000000.0,6669991936.0,0.53,1900-01-01 15:37:53,224,16
971,68755c92c9327eb904ad14ba,Prompt 17,True,0.8,170.31,44.0,1380000000.0,877000000.0,6669991936.0,0.53,1900-01-01 15:37:54,224,17
972,68755c92c9327eb904ad14bb,Prompt 17,True,0.8,170.31,44.0,1380000000.0,877000000.0,6669991936.0,0.53,1900-01-01 15:37:54,225,18
973,68755c92c9327eb904ad14bc,Prompt 17,True,0.8,170.31,44.0,1380000000.0,877000000.0,6669991936.0,0.53,1900-01-01 15:37:54,225,19
974,68755c92c9327eb904ad14bd,Prompt 17,True,0.8,170.31,44.0,1380000000.0,877000000.0,6669991936.0,0.53,1900-01-01 15:37:54,225,20
975,68755c93c9327eb904ad14be,Prompt 17,True,0.8,170.31,44.0,1380000000.0,877000000.0,6669991936.0,0.53,1900-01-01 15:37:55,225,21
976,68755c93c9327eb904ad14bf,Prompt 17,True,0.8,170.31,44.0,1380000000.0,877000000.0,6669991936.0,0.53,1900-01-01 15:37:55,225,22
977,68755c93c9327eb904ad14c0,Prompt 17,True,0.8,170.31,44.0,1380000000.0,877000000.0,6669991936.0,0.53,1900-01-01 15:37:55,226,23
978,68755c93c9327eb904ad14c1,Prompt 17,True,0.8,170.31,44.0,1380000000.0,877000000.0,6669991936.0,0.53,1900-01-01 15:37:55,226,24
979,68755c94c9327eb904ad14c2,Prompt 17,True,0.8,170.31,44.0,1380000000.0,877000000.0,6669991936.0,0.53,1900-01-01 15:37:56,226,25
980,68755c94c9327eb904ad14c3,Prompt 17,True,0.8,170.31,44.0,1380000000.0,877000000.0,6669991936.0,0.53,1900-01-01 15:37:56,226,26
981,68755c94c9327eb904ad14c4,Prompt 17,True,0.8,170.31,44.0,1380000000.0,877000000.0,6669991936.0,0.53,1900-01-01 15:37:56,227,27
982,68755c94c9327eb904ad14c5,,True,,,,,,,,1900-01-01 15:37:56,,
983,68755c95c9327eb904ad14c6,Prompt 18,True,0.8,170.31,44.0,1380000000.0,877000000.0,6669991936.0,0.53,1900-01-01 15:37:57,227,1
984,68755c95c9327eb904ad14c7,Prompt 18,True,0.8,170.31,44.0,1380000000.0,877000000.0,6669991936.0,0.53,1900-01-01 15:37:57,227,2
985,68755c95c9327eb904ad14c8,Prompt 18,True,0.8,170.31,44.0,1380000000.0,877000000.0,6669991936.0,0.53,1900-01-01 15:37:57,228,3
986,68755c95c9327eb904ad14c9,Prompt 18,True,0.8,170.31,44.0,1380000000.0,877000000.0,6669991936.0,0.53,1900-01-01 15:37:57,228,4
987,68755c95c9327eb904ad14ca,Prompt 18,True,0.8,170.31,44.0,1380000000.0,877000000.0,6669991936.0,0.53,1900-01-01 15:37:57,228,5
988,68755c96c9327eb904ad14cb,Prompt 18,True,0.8,170.31,44.0,1380000000.0,877000000.0,6669991936.0,0.53,1900-01-01 15:37:58,228,6
989,68755c96c9327eb904ad14cc,Prompt 18,True,0.8,170.31,44.0,1380000000.0,877000000.0,6669991936.0,0.53,1900-01-01 15:37:58,228,7
990,68755c96c9327eb904ad14cd,Prompt 18,True,0.8,170.31,44.0,1380000000.0,877000000.0,6669991936.0,0.53,1900-01-01 15:37:58,229,8
991,68755c96c9327eb904ad14ce,Prompt 18,True,0.8,170.31,44.0,1380000000.0,877000000.0,6669991936.0,0.53,1900-01-01 15:37:58,229,9
992,68755c97c9327eb904ad14cf,Prompt 18,True,0.8,170.31,44.0,1380000000.0,877000000.0,6669991936.0,0.53,1900-01-01 15:37:59,229,10
993,68755c97c9327eb904ad14d0,Prompt 18,True,0.8,170.31,44.0,1380000000.0,877000000.0,6669991936.0,0.53,1900-01-01 15:37:59,229,11
994,68755c97c9327eb904ad14d1,Prompt 18,True,0.8,170.31,44.0,1380000000.0,877000000.0,6669991936.0,0.53,1900-01-01 15:37:59,230,12
995,68755c97c9327eb904ad14d2,Prompt 18,True,0.8,170.31,44.0,1380000000.0,877000000.0,6669991936.0,0.53,1900-01-01 15:37:59,230,13
996,68755c98c9327eb904ad14d3,Prompt 18,True,0.8,170.31,44.0,1380000000.0,877000000.0,6669991936.0,0.53,1900-01-01 15:38:00,230,14
997,68755c98c9327eb904ad14d4,Prompt 18,True,0.8,170.31,44.0,1380000000.0,877000000.0,6669991936.0,0.53,1900-01-01 15:38:00,230,15
998,68755c98c9327eb904ad14d5,Prompt 18,True,0.8,170.31,44.0,1380000000.0,877000000.0,6669991936.0,0.53,1900-01-01 15:38:00,231,16
999,68755c98c9327eb904ad14d6,Prompt 18,True,0.8,170.31,44.0,1380000000.0,877000000.0,6669991936.0,0.53,1900-01-01 15:38:00,231,17
1000,68755c98c9327eb904ad14d7,Prompt 18,True,0.8,170.31,44.0,1380000000.0,877000000.0,6669991936.0,0.53,1900-01-01 15:38:00,231,18
1001,68755c99c9327eb904ad14d8,Prompt 18,True,0.8,170.31,44.0,1380000000.0,877000000.0,6669991936.0,0.53,1900-01-01 15:38:01,231,19
1002,68755c99c9327eb904ad14d9,Prompt 18,True,0.8,170.31,44.0,1380000000.0,877000000.0,6669991936.0,0.53,1900-01-01 15:38:01,232,20
1003,68755c99c9327eb904ad14da,Prompt 18,True,0.8,170.31,44.0,1380000000.0,877000000.0,6669991936.0,0.53,1900-01-01 15:38:01,232,21
1004,68755c99c9327eb904ad14db,Prompt 18,True,0.8,170.31,44.0,1380000000.0,877000000.0,6669991936.0,0.53,1900-01-01 15:38:01,232,22
1005,68755c9ac9327eb904ad14dc,Prompt 18,True,0.8,170.31,44.0,1380000000.0,877000000.0,6669991936.0,0.53,1900-01-01 15:38:02,232,23
1006,68755c9ac9327eb904ad14dd,Prompt 18,True,0.8,170.31,44.0,1380000000.0,877000000.0,6669991936.0,0.53,1900-01-01 15:38:02,232,24
1007,68755c9ac9327eb904ad14de,Prompt 18,True,0.8,170.31,44.0,1380000000.0,877000000.0,6669991936.0,0.53,1900-01-01 15:38:02,233,25
1008,68755c9ac9327eb904ad14df,Prompt 18,True,0.8,170.31,44.0,1380000000.0,877000000.0,6669991936.0,0.52,1900-01-01 15:38:02,233,26
1009,68755c9bc9327eb904ad14e0,Prompt 18,True,0.8,187.61,44.0,1380000000.0,877000000.0,6669991936.0,0.52,1900-01-01 15:38:03,233,27
1010,68755c9bc9327eb904ad14e1,Prompt 18,True,0.8,187.61,44.0,1380000000.0,877000000.0,6669991936.0,0.52,1900-01-01 15:38:03,233,28
1011,68755c9bc9327eb904ad14e2,Prompt 18,True,0.8,187.61,44.0,1380000000.0,877000000.0,6669991936.0,0.52,1900-01-01 15:38:03,234,29
1012,68755c9bc9327eb904ad14e3,Prompt 18,True,0.8,187.61,44.0,1380000000.0,877000000.0,6669991936.0,0.52,1900-01-01 15:38:03,234,30
1013,68755c9cc9327eb904ad14e4,Prompt 18,True,0.8,187.61,44.0,1380000000.0,877000000.0,6669991936.0,0.52,1900-01-01 15:38:04,234,31
1014,68755c9cc9327eb904ad14e5,Prompt 18,True,0.8,187.61,44.0,1380000000.0,877000000.0,6669991936.0,0.52,1900-01-01 15:38:04,234,32
1015,68755c9cc9327eb904ad14e6,Prompt 18,True,0.8,187.61,44.0,1380000000.0,877000000.0,6669991936.0,0.52,1900-01-01 15:38:04,235,33
1016,68755c9cc9327eb904ad14e7,Prompt 18,True,0.8,187.61,44.0,1380000000.0,877000000.0,6669991936.0,0.52,1900-01-01 15:38:04,235,34
1017,68755c9dc9327eb904ad14e8,Prompt 18,True,0.8,187.61,44.0,1380000000.0,877000000.0,6669991936.0,0.52,1900-01-01 15:38:05,235,35
1018,68755c9dc9327eb904ad14e9,Prompt 18,True,0.8,187.61,44.0,1380000000.0,877000000.0,6669991936.0,0.52,1900-01-01 15:38:05,236,36
1019,68755c9dc9327eb904ad14ea,Prompt 18,True,0.8,187.61,44.0,1380000000.0,877000000.0,6669991936.0,0.52,1900-01-01 15:38:05,236,37
1020,68755c9dc9327eb904ad14eb,,True,,,,,,,,1900-01-01 15:38:05,,
1021,68755c9dc9327eb904ad14ec,Prompt 19,True,0.8,187.61,44.0,1380000000.0,877000000.0,6669991936.0,0.52,1900-01-01 15:38:05,236,1
1022,68755c9ec9327eb904ad14ed,Prompt 19,True,0.8,187.61,44.0,1380000000.0,877000000.0,6669991936.0,0.52,1900-01-01 15:38:06,236,2
1023,68755c9ec9327eb904ad14ee,Prompt 19,True,0.8,187.61,44.0,1380000000.0,877000000.0,6669991936.0,0.52,1900-01-01 15:38:06,237,3
1024,68755c9ec9327eb904ad14ef,Prompt 19,True,0.8,187.61,44.0,1380000000.0,877000000.0,6669991936.0,0.52,1900-01-01 15:38:06,237,4
1025,68755c9ec9327eb904ad14f0,Prompt 19,True,0.8,187.61,44.0,1380000000.0,877000000.0,6669991936.0,0.52,1900-01-01 15:38:06,237,5
1026,68755c9fc9327eb904ad14f1,Prompt 19,True,0.8,187.61,44.0,1380000000.0,877000000.0,6669991936.0,0.52,1900-01-01 15:38:07,237,6
1027,68755c9fc9327eb904ad14f2,Prompt 19,True,0.8,187.61,44.0,1380000000.0,877000000.0,6669991936.0,0.52,1900-01-01 15:38:07,237,7
1028,68755c9fc9327eb904ad14f3,Prompt 19,True,0.8,187.61,44.0,1380000000.0,877000000.0,6669991936.0,0.52,1900-01-01 15:38:07,238,8
1029,68755c9fc9327eb904ad14f4,Prompt 19,True,0.8,187.61,44.0,1380000000.0,877000000.0,6669991936.0,0.52,1900-01-01 15:38:07,238,9
1030,68755ca0c9327eb904ad14f5,Prompt 19,True,0.8,187.61,44.0,1380000000.0,877000000.0,6669991936.0,0.52,1900-01-01 15:38:08,238,10
1031,68755ca0c9327eb904ad14f6,Prompt 19,True,0.8,187.61,44.0,1380000000.0,877000000.0,6669991936.0,0.52,1900-01-01 15:38:08,238,11
1032,68755ca0c9327eb904ad14f7,Prompt 19,True,0.8,187.61,44.0,1380000000.0,877000000.0,6669991936.0,0.52,1900-01-01 15:38:08,239,12
1033,68755ca0c9327eb904ad14f8,Prompt 19,True,0.8,187.61,44.0,1380000000.0,877000000.0,6669991936.0,0.52,1900-01-01 15:38:08,239,13
1034,68755ca1c9327eb904ad14f9,Prompt 19,True,0.8,187.61,44.0,1380000000.0,877000000.0,6669991936.0,0.52,1900-01-01 15:38:09,239,14
1035,68755ca1c9327eb904ad14fa,Prompt 19,True,0.8,187.61,44.0,1380000000.0,877000000.0,6669991936.0,0.52,1900-01-01 15:38:09,239,15
1036,68755ca1c9327eb904ad14fb,Prompt 19,True,0.8,187.61,44.0,1380000000.0,877000000.0,6669991936.0,0.52,1900-01-01 15:38:09,240,16
1037,68755ca1c9327eb904ad14fc,Prompt 19,True,0.8,187.61,44.0,1380000000.0,877000000.0,6669991936.0,0.52,1900-01-01 15:38:09,240,17
1038,68755ca1c9327eb904ad14fd,Prompt 19,True,0.8,187.61,44.0,1380000000.0,877000000.0,6669991936.0,0.52,1900-01-01 15:38:09,240,18
1039,68755ca2c9327eb904ad14fe,Prompt 19,True,0.8,187.61,44.0,1380000000.0,877000000.0,6669991936.0,0.52,1900-01-01 15:38:10,240,19
1040,68755ca2c9327eb904ad14ff,Prompt 19,True,0.8,187.61,44.0,1380000000.0,877000000.0,6669991936.0,0.52,1900-01-01 15:38:10,240,20
1041,68755ca2c9327eb904ad1500,Prompt 19,True,0.8,187.61,44.0,1380000000.0,877000000.0,6669991936.0,0.52,1900-01-01 15:38:10,241,21
1042,68755ca2c9327eb904ad1501,Prompt 19,True,0.8,187.61,44.0,1380000000.0,877000000.0,6669991936.0,0.52,1900-01-01 15:38:10,241,22
1043,68755ca3c9327eb904ad1502,Prompt 19,True,0.8,187.61,44.0,1380000000.0,877000000.0,6669991936.0,0.52,1900-01-01 15:38:11,241,23
1044,68755ca3c9327eb904ad1503,Prompt 19,True,0.8,187.61,44.0,1380000000.0,877000000.0,6669991936.0,0.52,1900-01-01 15:38:11,241,24
1045,68755ca3c9327eb904ad1504,Prompt 19,True,0.8,187.61,44.0,1380000000.0,877000000.0,6669991936.0,0.52,1900-01-01 15:38:11,242,25
1046,68755ca3c9327eb904ad1505,Prompt 19,True,0.8,187.61,44.0,1380000000.0,877000000.0,6669991936.0,0.52,1900-01-01 15:38:11,242,26
1047,68755ca4c9327eb904ad1506,Prompt 19,True,0.8,187.61,44.0,1380000000.0,877000000.0,6669991936.0,0.52,1900-01-01 15:38:12,242,27
1048,68755ca4c9327eb904ad1507,Prompt 19,True,0.8,187.61,44.0,1380000000.0,877000000.0,6669991936.0,0.52,1900-01-01 15:38:12,242,28
1049,68755ca4c9327eb904ad1508,Prompt 19,True,0.8,187.61,44.0,1380000000.0,877000000.0,6669991936.0,0.52,1900-01-01 15:38:12,243,29
1050,68755ca4c9327eb904ad1509,Prompt 19,True,0.8,187.61,44.0,1380000000.0,877000000.0,6669991936.0,0.52,1900-01-01 15:38:12,243,30
1051,68755ca5c9327eb904ad150a,Prompt 19,True,0.8,187.61,44.0,1380000000.0,877000000.0,6669991936.0,0.52,1900-01-01 15:38:13,243,31
1052,68755ca5c9327eb904ad150b,Prompt 19,True,0.8,187.61,44.0,1380000000.0,877000000.0,6669991936.0,0.52,1900-01-01 15:38:13,243,32
1053,68755ca5c9327eb904ad150c,Prompt 19,True,0.8,187.61,44.0,1380000000.0,877000000.0,6669991936.0,0.52,1900-01-01 15:38:13,244,33
1054,68755ca5c9327eb904ad150d,Prompt 19,True,0.8,187.61,44.0,1380000000.0,877000000.0,6669991936.0,0.52,1900-01-01 15:38:13,244,34
1055,68755ca6c9327eb904ad150e,Prompt 19,True,0.8,187.61,44.0,1380000000.0,877000000.0,6669991936.0,0.52,1900-01-01 15:38:14,244,35
1056,68755ca6c9327eb904ad150f,Prompt 19,True,0.8,187.61,44.0,1380000000.0,877000000.0,6669991936.0,0.52,1900-01-01 15:38:14,244,36
1057,68755ca6c9327eb904ad1510,Prompt 19,True,0.8,187.61,44.0,1380000000.0,877000000.0,6669991936.0,0.52,1900-01-01 15:38:14,245,37
1058,68755ca6c9327eb904ad1511,Prompt 19,True,0.8,187.61,44.0,1380000000.0,877000000.0,6669991936.0,0.52,1900-01-01 15:38:14,245,38
1059,68755ca6c9327eb904ad1512,Prompt 19,True,0.8,187.61,44.0,1380000000.0,877000000.0,6669991936.0,0.52,1900-01-01 15:38:14,245,39
1060,68755ca7c9327eb904ad1513,Prompt 19,True,0.8,187.61,44.0,1380000000.0,877000000.0,6669991936.0,0.52,1900-01-01 15:38:15,245,40
1061,68755ca7c9327eb904ad1514,Prompt 19,True,0.8,187.61,44.0,1380000000.0,877000000.0,6669991936.0,0.52,1900-01-01 15:38:15,246,41
1062,68755ca7c9327eb904ad1515,Prompt 19,True,0.8,187.61,44.0,1380000000.0,877000000.0,6669991936.0,0.52,1900-01-01 15:38:15,246,42
1063,68755ca7c9327eb904ad1516,Prompt 19,True,0.8,187.61,44.0,1380000000.0,877000000.0,6669991936.0,0.52,1900-01-01 15:38:15,246,43
1064,68755ca7c9327eb904ad1517,,True,,,,,,,,1900-01-01 15:38:15,,
1065,68755ca8c9327eb904ad1518,Prompt 20,True,0.8,187.61,44.0,1380000000.0,877000000.0,6669991936.0,0.52,1900-01-01 15:38:16,246,1
1066,68755ca8c9327eb904ad1519,Prompt 20,True,0.8,187.61,44.0,1380000000.0,877000000.0,6669991936.0,0.52,1900-01-01 15:38:16,247,2
1067,68755ca8c9327eb904ad151a,Prompt 20,True,0.8,187.61,44.0,1380000000.0,877000000.0,6669991936.0,0.52,1900-01-01 15:38:16,247,3
1068,68755ca8c9327eb904ad151b,Prompt 20,True,0.8,187.61,44.0,1380000000.0,877000000.0,6669991936.0,0.52,1900-01-01 15:38:16,247,4
1069,68755ca8c9327eb904ad151c,,True,,,,,,,,1900-01-01 15:38:16,,
1070,68755ca9c9327eb904ad151d,Prompt 21,True,0.8,187.61,44.0,1380000000.0,877000000.0,6669991936.0,0.52,1900-01-01 15:38:17,247,1
1071,68755ca9c9327eb904ad151e,Prompt 21,True,0.8,187.61,44.0,1380000000.0,877000000.0,6669991936.0,0.52,1900-01-01 15:38:17,247,2
1072,68755ca9c9327eb904ad151f,Prompt 21,True,0.8,187.61,44.0,1380000000.0,877000000.0,6669991936.0,0.52,1900-01-01 15:38:17,248,3
1073,68755ca9c9327eb904ad1520,Prompt 21,True,0.8,187.61,44.0,1380000000.0,877000000.0,6669991936.0,0.5700000000000001,1900-01-01 15:38:17,248,4
1074,68755caac9327eb904ad1521,Prompt 21,True,0.81,173.38,44.0,1380000000.0,877000000.0,6669991936.0,0.5700000000000001,1900-01-01 15:38:18,248,5
1075,68755caac9327eb904ad1522,Prompt 21,True,0.81,173.38,44.0,1380000000.0,877000000.0,6669991936.0,0.5700000000000001,1900-01-01 15:38:18,248,6
1076,68755caac9327eb904ad1523,Prompt 21,True,0.81,173.38,44.0,1380000000.0,877000000.0,6669991936.0,0.5700000000000001,1900-01-01 15:38:18,249,7
1077,68755caac9327eb904ad1524,Prompt 21,True,0.81,173.38,44.0,1380000000.0,877000000.0,6669991936.0,0.5700000000000001,1900-01-01 15:38:18,249,8
1078,68755caac9327eb904ad1525,,True,,,,,,,,1900-01-01 15:38:18,,
1079,68755cabc9327eb904ad1526,Prompt 22,True,0.81,173.38,44.0,1380000000.0,877000000.0,6669991936.0,0.5700000000000001,1900-01-01 15:38:19,249,1
1080,68755cabc9327eb904ad1527,Prompt 22,True,0.81,173.38,44.0,1380000000.0,877000000.0,6669991936.0,0.5700000000000001,1900-01-01 15:38:19,249,2
1081,68755cabc9327eb904ad1528,Prompt 22,True,0.81,173.38,44.0,1380000000.0,877000000.0,6669991936.0,0.5700000000000001,1900-01-01 15:38:19,250,3
1082,68755cabc9327eb904ad1529,Prompt 22,True,0.81,173.38,44.0,1380000000.0,877000000.0,6669991936.0,0.5700000000000001,1900-01-01 15:38:19,250,4
1083,68755cacc9327eb904ad152a,Prompt 22,True,0.81,173.38,44.0,1380000000.0,877000000.0,6669991936.0,0.5700000000000001,1900-01-01 15:38:20,250,5
1084,68755cacc9327eb904ad152b,Prompt 22,True,0.81,173.38,44.0,1380000000.0,877000000.0,6669991936.0,0.5700000000000001,1900-01-01 15:38:20,250,6
1085,68755cacc9327eb904ad152c,Prompt 22,True,0.81,173.38,44.0,1380000000.0,877000000.0,6669991936.0,0.5700000000000001,1900-01-01 15:38:20,251,7
1086,68755cacc9327eb904ad152d,Prompt 22,True,0.81,173.38,44.0,1380000000.0,877000000.0,6669991936.0,0.5700000000000001,1900-01-01 15:38:20,251,8
1087,68755cacc9327eb904ad152e,Prompt 22,True,0.81,173.38,44.0,1380000000.0,877000000.0,6669991936.0,0.5700000000000001,1900-01-01 15:38:20,251,9
1088,68755cadc9327eb904ad152f,Prompt 22,True,0.81,173.38,44.0,1380000000.0,877000000.0,6669991936.0,0.5700000000000001,1900-01-01 15:38:21,251,10
1089,68755cadc9327eb904ad1530,Prompt 22,True,0.81,173.38,44.0,1380000000.0,877000000.0,6669991936.0,0.5700000000000001,1900-01-01 15:38:21,252,11
1090,68755cadc9327eb904ad1531,Prompt 22,True,0.81,173.38,44.0,1380000000.0,877000000.0,6669991936.0,0.5700000000000001,1900-01-01 15:38:21,252,12
1091,68755cadc9327eb904ad1532,Prompt 22,True,0.81,173.38,44.0,1380000000.0,877000000.0,6669991936.0,0.5700000000000001,1900-01-01 15:38:21,252,13
1092,68755caec9327eb904ad1533,Prompt 22,True,0.81,173.38,44.0,1380000000.0,877000000.0,6669991936.0,0.5700000000000001,1900-01-01 15:38:22,252,14
1093,68755caec9327eb904ad1534,Prompt 22,True,0.81,173.38,44.0,1380000000.0,877000000.0,6669991936.0,0.5700000000000001,1900-01-01 15:38:22,253,15
1094,68755caec9327eb904ad1535,Prompt 22,True,0.81,173.38,44.0,1380000000.0,877000000.0,6669991936.0,0.5700000000000001,1900-01-01 15:38:22,253,16
1095,68755caec9327eb904ad1536,Prompt 22,True,0.81,173.38,44.0,1380000000.0,877000000.0,6669991936.0,0.5700000000000001,1900-01-01 15:38:22,253,17
1096,68755cafc9327eb904ad1537,Prompt 22,True,0.81,173.38,44.0,1380000000.0,877000000.0,6669991936.0,0.5700000000000001,1900-01-01 15:38:23,253,18
1097,68755cafc9327eb904ad1538,,True,,,,,,,,1900-01-01 15:38:23,,
1098,68755cafc9327eb904ad1539,Prompt 23,True,0.81,173.38,44.0,1380000000.0,877000000.0,6669991936.0,0.5700000000000001,1900-01-01 15:38:23,253,1
1099,68755cafc9327eb904ad153a,Prompt 23,True,0.81,173.38,44.0,1380000000.0,877000000.0,6669991936.0,0.5700000000000001,1900-01-01 15:38:23,254,2
1100,68755cafc9327eb904ad153b,Prompt 23,True,0.81,173.38,44.0,1380000000.0,877000000.0,6669991936.0,0.5700000000000001,1900-01-01 15:38:23,254,3
1101,68755cb0c9327eb904ad153c,Prompt 23,True,0.81,173.38,44.0,1380000000.0,877000000.0,6669991936.0,0.5700000000000001,1900-01-01 15:38:24,254,4
1102,68755cb0c9327eb904ad153d,Prompt 23,True,0.81,173.38,44.0,1380000000.0,877000000.0,6669991936.0,0.5700000000000001,1900-01-01 15:38:24,254,5
1103,68755cb0c9327eb904ad153e,Prompt 23,True,0.81,173.38,44.0,1380000000.0,877000000.0,6669991936.0,0.5700000000000001,1900-01-01 15:38:24,255,6
1104,68755cb0c9327eb904ad153f,Prompt 23,True,0.81,173.38,44.0,1380000000.0,877000000.0,6669991936.0,0.5700000000000001,1900-01-01 15:38:24,255,7
1105,68755cb1c9327eb904ad1540,Prompt 23,True,0.81,173.38,44.0,1380000000.0,877000000.0,6669991936.0,0.5700000000000001,1900-01-01 15:38:25,255,8
1106,68755cb1c9327eb904ad1541,Prompt 23,True,0.81,173.38,44.0,1380000000.0,877000000.0,6669991936.0,0.5700000000000001,1900-01-01 15:38:25,255,9
1107,68755cb1c9327eb904ad1542,Prompt 23,True,0.81,173.38,44.0,1380000000.0,877000000.0,6669991936.0,0.5700000000000001,1900-01-01 15:38:25,256,10
1108,68755cb1c9327eb904ad1543,Prompt 23,True,0.81,173.38,44.0,1380000000.0,877000000.0,6669991936.0,0.5700000000000001,1900-01-01 15:38:25,256,11
1109,68755cb2c9327eb904ad1544,Prompt 23,True,0.81,173.38,44.0,1380000000.0,877000000.0,6669991936.0,0.5700000000000001,1900-01-01 15:38:26,256,12
1110,68755cb2c9327eb904ad1545,Prompt 23,True,0.81,173.38,44.0,1380000000.0,877000000.0,6669991936.0,0.5700000000000001,1900-01-01 15:38:26,256,13
1111,68755cb2c9327eb904ad1546,Prompt 23,True,0.81,173.38,44.0,1380000000.0,877000000.0,6669991936.0,0.5700000000000001,1900-01-01 15:38:26,257,14
1112,68755cb2c9327eb904ad1547,Prompt 23,True,0.81,173.38,44.0,1380000000.0,877000000.0,6669991936.0,0.5700000000000001,1900-01-01 15:38:26,257,15
1113,68755cb3c9327eb904ad1548,Prompt 23,True,0.81,173.38,44.0,1380000000.0,877000000.0,6669991936.0,0.5700000000000001,1900-01-01 15:38:27,257,16
1114,68755cb3c9327eb904ad1549,Prompt 23,True,0.81,173.38,44.0,1380000000.0,877000000.0,6669991936.0,0.5700000000000001,1900-01-01 15:38:27,257,17
1115,68755cb3c9327eb904ad154a,Prompt 23,True,0.81,173.38,44.0,1380000000.0,877000000.0,6669991936.0,0.5700000000000001,1900-01-01 15:38:27,258,18
1116,68755cb3c9327eb904ad154b,Prompt 23,True,0.81,173.38,44.0,1380000000.0,877000000.0,6669991936.0,0.5700000000000001,1900-01-01 15:38:27,258,19
1117,68755cb3c9327eb904ad154c,Prompt 23,True,0.81,173.38,44.0,1380000000.0,877000000.0,6669991936.0,0.5700000000000001,1900-01-01 15:38:27,258,20
1118,68755cb4c9327eb904ad154d,Prompt 23,True,0.81,173.38,44.0,1380000000.0,877000000.0,6669991936.0,0.5700000000000001,1900-01-01 15:38:28,258,21
1119,68755cb4c9327eb904ad154e,Prompt 23,True,0.81,173.38,44.0,1380000000.0,877000000.0,6669991936.0,0.5700000000000001,1900-01-01 15:38:28,259,22
1120,68755cb5c9327eb904ad154f,Prompt 23,True,0.81,173.38,44.0,1380000000.0,877000000.0,6669991936.0,0.5700000000000001,1900-01-01 15:38:29,259,23
1121,68755cb5c9327eb904ad1550,Prompt 23,True,0.81,173.38,44.0,1380000000.0,877000000.0,6669991936.0,0.5700000000000001,1900-01-01 15:38:29,259,24
1122,68755cb5c9327eb904ad1551,Prompt 23,True,0.81,173.38,44.0,1380000000.0,877000000.0,6669991936.0,0.5700000000000001,1900-01-01 15:38:29,260,25
1123,68755cb5c9327eb904ad1552,,True,,,,,,,,1900-01-01 15:38:29,,
1124,68755cb5c9327eb904ad1553,Prompt 24,True,0.81,173.38,44.0,1380000000.0,877000000.0,6669991936.0,0.5700000000000001,1900-01-01 15:38:29,260,1
1125,68755cb6c9327eb904ad1554,Prompt 24,True,0.81,173.38,44.0,1380000000.0,877000000.0,6669991936.0,0.5700000000000001,1900-01-01 15:38:30,260,2
1126,68755cb6c9327eb904ad1555,Prompt 24,True,0.81,173.38,44.0,1380000000.0,877000000.0,6669991936.0,0.5700000000000001,1900-01-01 15:38:30,260,3
1127,68755cb6c9327eb904ad1556,Prompt 24,True,0.81,173.38,44.0,1380000000.0,877000000.0,6669991936.0,0.5700000000000001,1900-01-01 15:38:30,261,4
1128,68755cb6c9327eb904ad1557,Prompt 24,True,0.81,173.38,44.0,1380000000.0,877000000.0,6669991936.0,0.5700000000000001,1900-01-01 15:38:30,261,5
1129,68755cb6c9327eb904ad1558,Prompt 24,True,0.81,173.38,44.0,1380000000.0,877000000.0,6669991936.0,0.5700000000000001,1900-01-01 15:38:30,261,6
1130,68755cb7c9327eb904ad1559,Prompt 24,True,0.81,173.38,44.0,1380000000.0,877000000.0,6669991936.0,0.5700000000000001,1900-01-01 15:38:31,261,7
1131,68755cb7c9327eb904ad155a,Prompt 24,True,0.81,173.38,44.0,1380000000.0,877000000.0,6669991936.0,0.5700000000000001,1900-01-01 15:38:31,262,8
1132,68755cb7c9327eb904ad155b,Prompt 24,True,0.81,173.38,44.0,1380000000.0,877000000.0,6669991936.0,0.5700000000000001,1900-01-01 15:38:31,262,9
1133,68755cb7c9327eb904ad155c,Prompt 24,True,0.81,173.38,44.0,1380000000.0,877000000.0,6669991936.0,0.5700000000000001,1900-01-01 15:38:31,262,10
1134,68755cb8c9327eb904ad155d,Prompt 24,True,0.81,173.38,44.0,1380000000.0,877000000.0,6669991936.0,0.5700000000000001,1900-01-01 15:38:32,262,11
1135,68755cb8c9327eb904ad155e,Prompt 24,True,0.81,173.38,44.0,1380000000.0,877000000.0,6669991936.0,0.5700000000000001,1900-01-01 15:38:32,262,12
1136,68755cb8c9327eb904ad155f,Prompt 24,True,0.81,173.38,44.0,1380000000.0,877000000.0,6669991936.0,0.5700000000000001,1900-01-01 15:38:32,263,13
1137,68755cb8c9327eb904ad1560,Prompt 24,True,0.81,173.38,44.0,1380000000.0,877000000.0,6669991936.0,0.55,1900-01-01 15:38:32,263,14
1138,68755cb9c9327eb904ad1561,Prompt 24,True,0.81,191.0,44.0,1380000000.0,877000000.0,6669991936.0,0.55,1900-01-01 15:38:33,263,15
1139,68755cb9c9327eb904ad1562,Prompt 24,True,0.81,191.0,44.0,1380000000.0,877000000.0,6669991936.0,0.55,1900-01-01 15:38:33,264,16
1140,68755cb9c9327eb904ad1563,Prompt 24,True,0.81,191.0,44.0,1380000000.0,877000000.0,6669991936.0,0.55,1900-01-01 15:38:33,264,17
1141,68755cbac9327eb904ad1564,Prompt 24,True,0.81,191.0,44.0,1380000000.0,877000000.0,6669991936.0,0.55,1900-01-01 15:38:34,264,18
1142,68755cbac9327eb904ad1565,Prompt 24,True,0.81,191.0,44.0,1380000000.0,877000000.0,6669991936.0,0.55,1900-01-01 15:38:34,264,19
1143,68755cbac9327eb904ad1566,Prompt 24,True,0.81,191.0,44.0,1380000000.0,877000000.0,6669991936.0,0.55,1900-01-01 15:38:34,265,20
1144,68755cbac9327eb904ad1567,Prompt 24,True,0.81,191.0,44.0,1380000000.0,877000000.0,6669991936.0,0.55,1900-01-01 15:38:34,265,21
1145,68755cbbc9327eb904ad1568,Prompt 24,True,0.81,191.0,44.0,1380000000.0,877000000.0,6669991936.0,0.55,1900-01-01 15:38:35,265,22
1146,68755cbbc9327eb904ad1569,Prompt 24,True,0.81,191.0,44.0,1380000000.0,877000000.0,6669991936.0,0.55,1900-01-01 15:38:35,265,23
1147,68755cbbc9327eb904ad156a,Prompt 24,True,0.81,191.0,44.0,1380000000.0,877000000.0,6669991936.0,0.55,1900-01-01 15:38:35,266,24
1148,68755cbbc9327eb904ad156b,Prompt 24,True,0.81,191.0,44.0,1380000000.0,877000000.0,6669991936.0,0.55,1900-01-01 15:38:35,266,25
1149,68755cbcc9327eb904ad156c,Prompt 24,True,0.81,191.0,44.0,1380000000.0,877000000.0,6669991936.0,0.55,1900-01-01 15:38:36,266,26
1150,68755cbcc9327eb904ad156d,Prompt 24,True,0.81,191.0,44.0,1380000000.0,877000000.0,6669991936.0,0.55,1900-01-01 15:38:36,266,27
1151,68755cbcc9327eb904ad156e,Prompt 24,True,0.81,191.0,44.0,1380000000.0,877000000.0,6669991936.0,0.55,1900-01-01 15:38:36,267,28
1152,68755cbcc9327eb904ad156f,Prompt 24,True,0.81,191.0,44.0,1380000000.0,877000000.0,6669991936.0,0.55,1900-01-01 15:38:36,267,29
1153,68755cbdc9327eb904ad1570,Prompt 24,True,0.81,191.0,44.0,1380000000.0,877000000.0,6669991936.0,0.55,1900-01-01 15:38:37,267,30
1154,68755cbdc9327eb904ad1571,Prompt 24,True,0.81,191.0,44.0,1380000000.0,877000000.0,6669991936.0,0.55,1900-01-01 15:38:37,267,31
1155,68755cbdc9327eb904ad1572,Prompt 24,True,0.81,191.0,44.0,1380000000.0,877000000.0,6669991936.0,0.55,1900-01-01 15:38:37,268,32
1156,68755cbdc9327eb904ad1573,Prompt 24,True,0.81,191.0,44.0,1380000000.0,877000000.0,6669991936.0,0.55,1900-01-01 15:38:37,268,33
1157,68755cbdc9327eb904ad1574,Prompt 24,True,0.81,191.0,44.0,1380000000.0,877000000.0,6669991936.0,0.55,1900-01-01 15:38:37,268,34
1158,68755cbec9327eb904ad1575,Prompt 24,True,0.81,191.0,44.0,1380000000.0,877000000.0,6669991936.0,0.55,1900-01-01 15:38:38,268,35
1159,68755cbec9327eb904ad1576,Prompt 24,True,0.81,191.0,44.0,1380000000.0,877000000.0,6669991936.0,0.55,1900-01-01 15:38:38,269,36
1160,68755cbec9327eb904ad1577,Prompt 24,True,0.81,191.0,44.0,1380000000.0,877000000.0,6669991936.0,0.55,1900-01-01 15:38:38,269,37
1161,68755cbfc9327eb904ad1578,Prompt 24,True,0.81,191.0,44.0,1380000000.0,877000000.0,6669991936.0,0.55,1900-01-01 15:38:39,269,38
1162,68755cbfc9327eb904ad1579,,True,,,,,,,,1900-01-01 15:38:39,,
1163,68755cbfc9327eb904ad157a,Prompt 25,True,0.81,191.0,44.0,1380000000.0,877000000.0,6669991936.0,0.55,1900-01-01 15:38:39,269,1
1164,68755cbfc9327eb904ad157b,Prompt 25,True,0.81,191.0,44.0,1380000000.0,877000000.0,6669991936.0,0.55,1900-01-01 15:38:39,270,2
1165,68755cbfc9327eb904ad157c,Prompt 25,True,0.81,191.0,44.0,1380000000.0,877000000.0,6669991936.0,0.55,1900-01-01 15:38:39,270,3
1166,68755cbfc9327eb904ad157d,Prompt 25,True,0.81,191.0,44.0,1380000000.0,877000000.0,6669991936.0,0.55,1900-01-01 15:38:39,270,4
1167,68755cc0c9327eb904ad157e,Prompt 25,True,0.81,191.0,44.0,1380000000.0,877000000.0,6669991936.0,0.55,1900-01-01 15:38:40,270,5
1168,68755cc0c9327eb904ad157f,Prompt 25,True,0.81,191.0,44.0,1380000000.0,877000000.0,6669991936.0,0.55,1900-01-01 15:38:40,270,6
1169,68755cc0c9327eb904ad1580,Prompt 25,True,0.81,191.0,44.0,1380000000.0,877000000.0,6669991936.0,0.55,1900-01-01 15:38:40,271,7
1170,68755cc0c9327eb904ad1581,Prompt 25,True,0.81,191.0,44.0,1380000000.0,877000000.0,6669991936.0,0.55,1900-01-01 15:38:40,271,8
1171,68755cc1c9327eb904ad1582,Prompt 25,True,0.81,191.0,44.0,1380000000.0,877000000.0,6669991936.0,0.55,1900-01-01 15:38:41,271,9
1172,68755cc1c9327eb904ad1583,Prompt 25,True,0.81,191.0,44.0,1380000000.0,877000000.0,6669991936.0,0.55,1900-01-01 15:38:41,271,10
1173,68755cc1c9327eb904ad1584,Prompt 25,True,0.81,191.0,44.0,1380000000.0,877000000.0,6669991936.0,0.55,1900-01-01 15:38:41,272,11
1174,68755cc1c9327eb904ad1585,Prompt 25,True,0.81,191.0,44.0,1380000000.0,877000000.0,6669991936.0,0.55,1900-01-01 15:38:41,272,12
1175,68755cc2c9327eb904ad1586,Prompt 25,True,0.81,191.0,44.0,1380000000.0,877000000.0,6669991936.0,0.55,1900-01-01 15:38:42,272,13
1176,68755cc2c9327eb904ad1587,Prompt 25,True,0.81,191.0,44.0,1380000000.0,877000000.0,6669991936.0,0.55,1900-01-01 15:38:42,272,14
1177,68755cc2c9327eb904ad1588,Prompt 25,True,0.81,191.0,44.0,1380000000.0,877000000.0,6669991936.0,0.55,1900-01-01 15:38:42,273,15
1178,68755cc2c9327eb904ad1589,Prompt 25,True,0.81,191.0,44.0,1380000000.0,877000000.0,6669991936.0,0.55,1900-01-01 15:38:42,273,16
1179,68755cc3c9327eb904ad158a,Prompt 25,True,0.81,191.0,44.0,1380000000.0,877000000.0,6669991936.0,0.55,1900-01-01 15:38:43,273,17
1180,68755cc3c9327eb904ad158b,Prompt 25,True,0.81,191.0,44.0,1380000000.0,877000000.0,6669991936.0,0.55,1900-01-01 15:38:43,273,18
1181,68755cc3c9327eb904ad158c,Prompt 25,True,0.81,191.0,44.0,1380000000.0,877000000.0,6669991936.0,0.55,1900-01-01 15:38:43,274,19
1182,68755cc3c9327eb904ad158d,Prompt 25,True,0.81,191.0,44.0,1380000000.0,877000000.0,6669991936.0,0.55,1900-01-01 15:38:43,274,20
1183,68755cc4c9327eb904ad158e,Prompt 25,True,0.81,191.0,44.0,1380000000.0,877000000.0,6669991936.0,0.55,1900-01-01 15:38:44,274,21
1184,68755cc4c9327eb904ad158f,Prompt 25,True,0.81,191.0,44.0,1380000000.0,877000000.0,6669991936.0,0.55,1900-01-01 15:38:44,274,22
1185,68755cc4c9327eb904ad1590,Prompt 25,True,0.81,191.0,44.0,1380000000.0,877000000.0,6669991936.0,0.55,1900-01-01 15:38:44,274,23
1186,68755cc4c9327eb904ad1591,Prompt 25,True,0.81,191.0,44.0,1380000000.0,877000000.0,6669991936.0,0.55,1900-01-01 15:38:44,275,24
1187,68755cc4c9327eb904ad1592,Prompt 25,True,0.81,191.0,44.0,1380000000.0,877000000.0,6669991936.0,0.55,1900-01-01 15:38:44,275,25
1188,68755cc5c9327eb904ad1593,Prompt 25,True,0.81,191.0,44.0,1380000000.0,877000000.0,6669991936.0,0.55,1900-01-01 15:38:45,275,26
1189,68755cc5c9327eb904ad1594,Prompt 25,True,0.81,191.0,44.0,1380000000.0,877000000.0,6669991936.0,0.55,1900-01-01 15:38:45,275,27
1190,68755cc5c9327eb904ad1595,Prompt 25,True,0.81,191.0,44.0,1380000000.0,877000000.0,6669991936.0,0.55,1900-01-01 15:38:45,276,28
1191,68755cc5c9327eb904ad1596,Prompt 25,True,0.81,191.0,44.0,1380000000.0,877000000.0,6669991936.0,0.55,1900-01-01 15:38:45,276,29
1192,68755cc6c9327eb904ad1597,Prompt 25,True,0.81,191.0,44.0,1380000000.0,877000000.0,6669991936.0,0.55,1900-01-01 15:38:46,276,30
1193,68755cc6c9327eb904ad1598,Prompt 25,True,0.81,191.0,44.0,1380000000.0,877000000.0,6669991936.0,0.55,1900-01-01 15:38:46,276,31
1194,68755cc6c9327eb904ad1599,Prompt 25,True,0.81,191.0,44.0,1380000000.0,877000000.0,6669991936.0,0.55,1900-01-01 15:38:46,277,32
1195,68755cc6c9327eb904ad159a,Prompt 25,True,0.81,191.0,44.0,1380000000.0,877000000.0,6669991936.0,0.55,1900-01-01 15:38:46,277,33
1196,68755cc6c9327eb904ad159b,Prompt 25,True,0.81,191.0,44.0,1380000000.0,877000000.0,6669991936.0,0.55,1900-01-01 15:38:46,277,34
1197,68755cc7c9327eb904ad159c,Prompt 25,True,0.81,191.0,44.0,1380000000.0,877000000.0,6669991936.0,0.55,1900-01-01 15:38:47,277,35
1198,68755cc7c9327eb904ad159d,Prompt 25,True,0.81,191.0,44.0,1380000000.0,877000000.0,6669991936.0,0.55,1900-01-01 15:38:47,277,36
1199,68755cc7c9327eb904ad159e,Prompt 25,True,0.81,191.0,44.0,1380000000.0,877000000.0,6669991936.0,0.55,1900-01-01 15:38:47,278,37
1200,68755cc7c9327eb904ad159f,Prompt 25,True,0.81,191.0,44.0,1380000000.0,877000000.0,6669991936.0,0.56,1900-01-01 15:38:47,278,38
1201,68755cc8c9327eb904ad15a0,Prompt 25,True,0.8200000000000001,187.32,44.0,1380000000.0,877000000.0,6669991936.0,0.56,1900-01-01 15:38:48,278,39
1202,68755cc8c9327eb904ad15a1,Prompt 25,True,0.8200000000000001,187.32,44.0,1380000000.0,877000000.0,6669991936.0,0.56,1900-01-01 15:38:48,278,40
1203,68755cc8c9327eb904ad15a2,Prompt 25,True,0.8200000000000001,187.32,44.0,1380000000.0,877000000.0,6669991936.0,0.56,1900-01-01 15:38:48,279,41
1204,68755cc8c9327eb904ad15a3,Prompt 25,True,0.8200000000000001,187.32,44.0,1380000000.0,877000000.0,6669991936.0,0.56,1900-01-01 15:38:48,279,42
1205,68755cc8c9327eb904ad15a4,Prompt 25,True,0.8200000000000001,187.32,44.0,1380000000.0,877000000.0,6669991936.0,0.56,1900-01-01 15:38:48,279,43
1206,68755cc9c9327eb904ad15a5,Prompt 25,True,0.8200000000000001,187.32,44.0,1380000000.0,877000000.0,6669991936.0,0.56,1900-01-01 15:38:49,279,44
1207,68755cc9c9327eb904ad15a6,Prompt 25,True,0.8200000000000001,187.32,44.0,1380000000.0,877000000.0,6669991936.0,0.56,1900-01-01 15:38:49,280,45
1208,68755cc9c9327eb904ad15a7,Prompt 25,True,0.8200000000000001,187.32,44.0,1380000000.0,877000000.0,6669991936.0,0.56,1900-01-01 15:38:49,280,46
1209,68755ccac9327eb904ad15a8,Prompt 25,True,0.8200000000000001,187.32,44.0,1380000000.0,877000000.0,6669991936.0,0.56,1900-01-01 15:38:50,280,47
1210,68755ccac9327eb904ad15a9,Prompt 25,True,0.8200000000000001,187.32,44.0,1380000000.0,877000000.0,6669991936.0,0.56,1900-01-01 15:38:50,280,48
1211,68755ccac9327eb904ad15aa,Prompt 25,True,0.8200000000000001,187.32,44.0,1380000000.0,877000000.0,6669991936.0,0.56,1900-01-01 15:38:50,281,49
1212,68755ccac9327eb904ad15ab,Prompt 25,True,0.8200000000000001,187.32,44.0,1380000000.0,877000000.0,6669991936.0,0.56,1900-01-01 15:38:50,281,50
1213,68755ccac9327eb904ad15ac,Prompt 25,True,0.8200000000000001,187.32,44.0,1380000000.0,877000000.0,6669991936.0,0.56,1900-01-01 15:38:50,281,51
1214,68755ccbc9327eb904ad15ad,,True,,,,,,,,1900-01-01 15:38:50,,
1215,68755ccbc9327eb904ad15ae,Prompt 26,True,0.8200000000000001,187.32,44.0,1380000000.0,877000000.0,6669991936.0,0.56,1900-01-01 15:38:51,281,1
1216,68755ccbc9327eb904ad15af,Prompt 26,True,0.8200000000000001,187.32,44.0,1380000000.0,877000000.0,6669991936.0,0.56,1900-01-01 15:38:51,282,2
1217,68755ccbc9327eb904ad15b0,Prompt 26,True,0.8200000000000001,187.32,44.0,1380000000.0,877000000.0,6669991936.0,0.56,1900-01-01 15:38:51,282,3
1218,68755ccbc9327eb904ad15b1,Prompt 26,True,0.8200000000000001,187.32,44.0,1380000000.0,877000000.0,6669991936.0,0.56,1900-01-01 15:38:51,282,4
1219,68755cccc9327eb904ad15b2,Prompt 26,True,0.8200000000000001,187.32,44.0,1380000000.0,877000000.0,6669991936.0,0.56,1900-01-01 15:38:52,282,5
1220,68755cccc9327eb904ad15b3,Prompt 26,True,0.8200000000000001,187.32,44.0,1380000000.0,877000000.0,6669991936.0,0.56,1900-01-01 15:38:52,282,6
1221,68755cccc9327eb904ad15b4,Prompt 26,True,0.8200000000000001,187.32,44.0,1380000000.0,877000000.0,6669991936.0,0.56,1900-01-01 15:38:52,283,7
1222,68755cccc9327eb904ad15b5,Prompt 26,True,0.8200000000000001,187.32,44.0,1380000000.0,877000000.0,6669991936.0,0.56,1900-01-01 15:38:52,283,8
1223,68755ccdc9327eb904ad15b6,Prompt 26,True,0.8200000000000001,187.32,44.0,1380000000.0,877000000.0,6669991936.0,0.56,1900-01-01 15:38:53,283,9
1224,68755ccdc9327eb904ad15b7,Prompt 26,True,0.8200000000000001,187.32,44.0,1380000000.0,877000000.0,6669991936.0,0.56,1900-01-01 15:38:53,283,10
1225,68755ccdc9327eb904ad15b8,Prompt 26,True,0.8200000000000001,187.32,44.0,1380000000.0,877000000.0,6669991936.0,0.56,1900-01-01 15:38:53,284,11
1226,68755ccdc9327eb904ad15b9,Prompt 26,True,0.8200000000000001,187.32,44.0,1380000000.0,877000000.0,6669991936.0,0.56,1900-01-01 15:38:53,284,12
1227,68755ccec9327eb904ad15ba,Prompt 26,True,0.8200000000000001,187.32,44.0,1380000000.0,877000000.0,6669991936.0,0.56,1900-01-01 15:38:54,284,13
1228,68755ccec9327eb904ad15bb,Prompt 26,True,0.8200000000000001,187.32,44.0,1380000000.0,877000000.0,6669991936.0,0.56,1900-01-01 15:38:54,284,14
1229,68755ccec9327eb904ad15bc,Prompt 26,True,0.8200000000000001,187.32,44.0,1380000000.0,877000000.0,6669991936.0,0.56,1900-01-01 15:38:54,285,15
1230,68755ccec9327eb904ad15bd,Prompt 26,True,0.8200000000000001,187.32,44.0,1380000000.0,877000000.0,6669991936.0,0.56,1900-01-01 15:38:54,285,16
1231,68755ccec9327eb904ad15be,Prompt 26,True,0.8200000000000001,187.32,44.0,1380000000.0,877000000.0,6669991936.0,0.56,1900-01-01 15:38:54,285,17
1232,68755ccfc9327eb904ad15bf,Prompt 26,True,0.8200000000000001,187.32,44.0,1380000000.0,877000000.0,6669991936.0,0.56,1900-01-01 15:38:55,285,18
1233,68755ccfc9327eb904ad15c0,Prompt 26,True,0.8200000000000001,187.32,44.0,1380000000.0,877000000.0,6669991936.0,0.56,1900-01-01 15:38:55,285,19
1234,68755ccfc9327eb904ad15c1,Prompt 26,True,0.8200000000000001,187.32,44.0,1380000000.0,877000000.0,6669991936.0,0.56,1900-01-01 15:38:55,286,20
1235,68755ccfc9327eb904ad15c2,Prompt 26,True,0.8200000000000001,187.32,44.0,1380000000.0,877000000.0,6669991936.0,0.56,1900-01-01 15:38:55,286,21
1236,68755cd0c9327eb904ad15c3,Prompt 26,True,0.8200000000000001,187.32,44.0,1380000000.0,877000000.0,6669991936.0,0.56,1900-01-01 15:38:56,286,22
1237,68755cd0c9327eb904ad15c4,Prompt 26,True,0.8200000000000001,187.32,44.0,1380000000.0,877000000.0,6669991936.0,0.56,1900-01-01 15:38:56,286,23
1238,68755cd0c9327eb904ad15c5,Prompt 26,True,0.8200000000000001,187.32,44.0,1380000000.0,877000000.0,6669991936.0,0.56,1900-01-01 15:38:56,287,24
1239,68755cd0c9327eb904ad15c6,Prompt 26,True,0.8200000000000001,187.32,44.0,1380000000.0,877000000.0,6669991936.0,0.56,1900-01-01 15:38:56,287,25
1240,68755cd1c9327eb904ad15c7,Prompt 26,True,0.8200000000000001,187.32,44.0,1380000000.0,877000000.0,6669991936.0,0.56,1900-01-01 15:38:57,287,26
1241,68755cd1c9327eb904ad15c8,Prompt 26,True,0.8200000000000001,187.32,44.0,1380000000.0,877000000.0,6669991936.0,0.56,1900-01-01 15:38:57,287,27
1242,68755cd1c9327eb904ad15c9,Prompt 26,True,0.8200000000000001,187.32,44.0,1380000000.0,877000000.0,6669991936.0,0.56,1900-01-01 15:38:57,288,28
1243,68755cd1c9327eb904ad15ca,Prompt 26,True,0.8200000000000001,187.32,44.0,1380000000.0,877000000.0,6669991936.0,0.56,1900-01-01 15:38:57,288,29
1244,68755cd2c9327eb904ad15cb,Prompt 26,True,0.8200000000000001,187.32,44.0,1380000000.0,877000000.0,6669991936.0,0.56,1900-01-01 15:38:58,288,30
1245,68755cd2c9327eb904ad15cc,Prompt 26,True,0.8200000000000001,187.32,44.0,1380000000.0,877000000.0,6669991936.0,0.56,1900-01-01 15:38:58,288,31
1246,68755cd2c9327eb904ad15cd,Prompt 26,True,0.8200000000000001,187.32,44.0,1380000000.0,877000000.0,6669991936.0,0.56,1900-01-01 15:38:58,289,32
1247,68755cd2c9327eb904ad15ce,Prompt 26,True,0.8200000000000001,187.32,44.0,1380000000.0,877000000.0,6669991936.0,0.56,1900-01-01 15:38:58,289,33
1248,68755cd2c9327eb904ad15cf,Prompt 26,True,0.8200000000000001,187.32,44.0,1380000000.0,877000000.0,6669991936.0,0.56,1900-01-01 15:38:58,289,34
1249,68755cd3c9327eb904ad15d0,Prompt 26,True,0.8200000000000001,187.32,44.0,1380000000.0,877000000.0,6669991936.0,0.56,1900-01-01 15:38:59,289,35
1250,68755cd3c9327eb904ad15d1,Prompt 26,True,0.8200000000000001,187.32,44.0,1380000000.0,877000000.0,6669991936.0,0.56,1900-01-01 15:38:59,289,36
1251,68755cd3c9327eb904ad15d2,Prompt 26,True,0.8200000000000001,187.32,44.0,1380000000.0,877000000.0,6669991936.0,0.56,1900-01-01 15:38:59,290,37
1252,68755cd3c9327eb904ad15d3,Prompt 26,True,0.8200000000000001,187.32,44.0,1380000000.0,877000000.0,6669991936.0,0.56,1900-01-01 15:38:59,290,38
1253,68755cd4c9327eb904ad15d4,Prompt 26,True,0.8200000000000001,187.32,44.0,1380000000.0,877000000.0,6669991936.0,0.56,1900-01-01 15:39:00,290,39
1254,68755cd4c9327eb904ad15d5,Prompt 26,True,0.8200000000000001,187.32,44.0,1380000000.0,877000000.0,6669991936.0,0.56,1900-01-01 15:39:00,290,40
1255,68755cd4c9327eb904ad15d6,Prompt 26,True,0.8200000000000001,187.32,44.0,1380000000.0,877000000.0,6669991936.0,0.56,1900-01-01 15:39:00,291,41
1256,68755cd4c9327eb904ad15d7,Prompt 26,True,0.8200000000000001,187.32,44.0,1380000000.0,877000000.0,6669991936.0,0.56,1900-01-01 15:39:00,291,42
1257,68755cd5c9327eb904ad15d8,Prompt 26,True,0.8200000000000001,187.32,44.0,1380000000.0,877000000.0,6669991936.0,0.56,1900-01-01 15:39:01,291,43
1258,68755cd5c9327eb904ad15d9,Prompt 26,True,0.8200000000000001,187.32,44.0,1380000000.0,877000000.0,6669991936.0,0.56,1900-01-01 15:39:01,291,44
1259,68755cd5c9327eb904ad15da,Prompt 26,True,0.8200000000000001,187.32,44.0,1380000000.0,877000000.0,6669991936.0,0.56,1900-01-01 15:39:01,292,45
1260,68755cd5c9327eb904ad15db,Prompt 26,True,0.8200000000000001,187.32,44.0,1380000000.0,877000000.0,6669991936.0,0.56,1900-01-01 15:39:01,292,46
1261,68755cd5c9327eb904ad15dc,Prompt 26,True,0.8200000000000001,187.32,44.0,1380000000.0,877000000.0,6669991936.0,0.56,1900-01-01 15:39:01,292,47
1262,68755cd6c9327eb904ad15dd,Prompt 26,True,0.8200000000000001,187.32,44.0,1380000000.0,877000000.0,6669991936.0,0.56,1900-01-01 15:39:02,292,48
1263,68755cd6c9327eb904ad15de,Prompt 26,True,0.8200000000000001,187.32,44.0,1380000000.0,877000000.0,6669991936.0,0.56,1900-01-01 15:39:02,292,49
1264,68755cd6c9327eb904ad15df,Prompt 26,True,0.8200000000000001,187.32,44.0,1380000000.0,877000000.0,6669991936.0,0.56,1900-01-01 15:39:02,293,50
1265,68755cd6c9327eb904ad15e0,Prompt 26,True,0.8200000000000001,187.32,44.0,1380000000.0,877000000.0,6669991936.0,0.56,1900-01-01 15:39:02,293,51
1266,68755cd7c9327eb904ad15e1,Prompt 26,True,0.8300000000000001,188.47,44.0,1380000000.0,877000000.0,6669991936.0,0.56,1900-01-01 15:39:03,293,52
1267,68755cd7c9327eb904ad15e2,Prompt 26,True,0.8300000000000001,188.47,44.0,1380000000.0,877000000.0,6669991936.0,0.56,1900-01-01 15:39:03,293,53
1268,68755cd7c9327eb904ad15e3,Prompt 26,True,0.8300000000000001,188.47,44.0,1380000000.0,877000000.0,6669991936.0,0.56,1900-01-01 15:39:03,294,54
1269,68755cd7c9327eb904ad15e4,Prompt 26,True,0.8300000000000001,188.47,44.0,1380000000.0,877000000.0,6669991936.0,0.56,1900-01-01 15:39:03,294,55
1270,68755cd7c9327eb904ad15e5,Prompt 26,True,0.8300000000000001,188.47,44.0,1380000000.0,877000000.0,6669991936.0,0.56,1900-01-01 15:39:03,294,56
1271,68755cd8c9327eb904ad15e6,Prompt 26,True,0.8300000000000001,188.47,44.0,1380000000.0,877000000.0,6669991936.0,0.56,1900-01-01 15:39:04,294,57
1272,68755cd8c9327eb904ad15e7,Prompt 26,True,0.8300000000000001,188.47,44.0,1380000000.0,877000000.0,6669991936.0,0.56,1900-01-01 15:39:04,294,58
1273,68755cd8c9327eb904ad15e8,Prompt 26,True,0.8300000000000001,188.47,44.0,1380000000.0,877000000.0,6669991936.0,0.56,1900-01-01 15:39:04,295,59
1274,68755cd8c9327eb904ad15e9,Prompt 26,True,0.8300000000000001,188.47,44.0,1380000000.0,877000000.0,6669991936.0,0.56,1900-01-01 15:39:04,295,60
1275,68755cd9c9327eb904ad15ea,Prompt 26,True,0.8300000000000001,188.47,44.0,1380000000.0,877000000.0,6669991936.0,0.56,1900-01-01 15:39:05,295,61
1276,68755cd9c9327eb904ad15eb,Prompt 26,True,0.8300000000000001,188.47,44.0,1380000000.0,877000000.0,6669991936.0,0.56,1900-01-01 15:39:05,295,62
1277,68755cd9c9327eb904ad15ec,Prompt 26,True,0.8300000000000001,188.47,44.0,1380000000.0,877000000.0,6669991936.0,0.56,1900-01-01 15:39:05,296,63
1278,68755cd9c9327eb904ad15ed,Prompt 26,True,0.8300000000000001,188.47,44.0,1380000000.0,877000000.0,6669991936.0,0.56,1900-01-01 15:39:05,296,64
1279,68755cdac9327eb904ad15ee,Prompt 26,True,0.8300000000000001,188.47,44.0,1380000000.0,877000000.0,6669991936.0,0.56,1900-01-01 15:39:06,296,65
1280,68755cdac9327eb904ad15ef,Prompt 26,True,0.8300000000000001,188.47,44.0,1380000000.0,877000000.0,6669991936.0,0.56,1900-01-01 15:39:06,296,66
1281,68755cdac9327eb904ad15f0,Prompt 26,True,0.8300000000000001,188.47,44.0,1380000000.0,877000000.0,6669991936.0,0.56,1900-01-01 15:39:06,296,67
1282,68755cdac9327eb904ad15f1,Prompt 26,True,0.8300000000000001,188.47,44.0,1380000000.0,877000000.0,6669991936.0,0.56,1900-01-01 15:39:06,297,68
1283,68755cdac9327eb904ad15f2,Prompt 26,True,0.8300000000000001,188.47,44.0,1380000000.0,877000000.0,6669991936.0,0.56,1900-01-01 15:39:06,297,69
1284,68755cdbc9327eb904ad15f3,Prompt 26,True,0.8300000000000001,188.47,44.0,1380000000.0,877000000.0,6669991936.0,0.56,1900-01-01 15:39:07,297,70
1285,68755cdbc9327eb904ad15f4,Prompt 26,True,0.8300000000000001,188.47,44.0,1380000000.0,877000000.0,6669991936.0,0.56,1900-01-01 15:39:07,297,71
1286,68755cdbc9327eb904ad15f5,Prompt 26,True,0.8300000000000001,188.47,44.0,1380000000.0,877000000.0,6669991936.0,0.56,1900-01-01 15:39:07,298,72
1287,68755cdbc9327eb904ad15f6,Prompt 26,True,0.8300000000000001,188.47,44.0,1380000000.0,877000000.0,6669991936.0,0.56,1900-01-01 15:39:07,298,73
1288,68755cdcc9327eb904ad15f7,Prompt 26,True,0.8300000000000001,188.47,44.0,1380000000.0,877000000.0,6669991936.0,0.56,1900-01-01 15:39:08,298,74
1289,68755cdcc9327eb904ad15f8,Prompt 26,True,0.8300000000000001,188.47,44.0,1380000000.0,877000000.0,6669991936.0,0.56,1900-01-01 15:39:08,298,75
1290,68755cdcc9327eb904ad15f9,Prompt 26,True,0.8300000000000001,188.47,44.0,1380000000.0,877000000.0,6669991936.0,0.56,1900-01-01 15:39:08,299,76
1291,68755cdcc9327eb904ad15fa,Prompt 26,True,0.8300000000000001,188.47,44.0,1380000000.0,877000000.0,6669991936.0,0.56,1900-01-01 15:39:08,299,77
1292,68755cddc9327eb904ad15fb,Prompt 26,True,0.8300000000000001,188.47,44.0,1380000000.0,877000000.0,6669991936.0,0.56,1900-01-01 15:39:09,299,78
1293,68755cddc9327eb904ad15fc,Prompt 26,True,0.8300000000000001,188.47,44.0,1380000000.0,877000000.0,6669991936.0,0.56,1900-01-01 15:39:09,299,79
1294,68755cddc9327eb904ad15fd,Prompt 26,True,0.8300000000000001,188.47,44.0,1380000000.0,877000000.0,6669991936.0,0.56,1900-01-01 15:39:09,300,80
1295,68755cddc9327eb904ad15fe,Prompt 26,True,0.8300000000000001,188.47,44.0,1380000000.0,877000000.0,6669991936.0,0.56,1900-01-01 15:39:09,300,81
1296,68755cddc9327eb904ad15ff,Prompt 26,True,0.8300000000000001,188.47,44.0,1380000000.0,877000000.0,6669991936.0,0.56,1900-01-01 15:39:09,300,82
1297,68755cddc9327eb904ad1600,,True,,,,,,,,1900-01-01 15:39:09,,
1298,68755cdec9327eb904ad1601,Prompt 27,True,0.8300000000000001,188.47,44.0,1380000000.0,877000000.0,6669991936.0,0.56,1900-01-01 15:39:10,300,1
1299,68755cdec9327eb904ad1602,Prompt 27,True,0.8300000000000001,188.47,44.0,1380000000.0,877000000.0,6669991936.0,0.56,1900-01-01 15:39:10,300,2
1300,68755cdec9327eb904ad1603,Prompt 27,True,0.8300000000000001,188.47,44.0,1380000000.0,877000000.0,6669991936.0,0.56,1900-01-01 15:39:10,301,3
1301,68755cdec9327eb904ad1604,Prompt 27,True,0.8300000000000001,188.47,44.0,1380000000.0,877000000.0,6669991936.0,0.56,1900-01-01 15:39:10,301,4
1302,68755cdfc9327eb904ad1605,Prompt 27,True,0.8300000000000001,188.47,44.0,1380000000.0,877000000.0,6669991936.0,0.56,1900-01-01 15:39:11,301,5
1303,68755cdfc9327eb904ad1606,Prompt 27,True,0.8300000000000001,188.47,44.0,1380000000.0,877000000.0,6669991936.0,0.56,1900-01-01 15:39:11,301,6
1304,68755cdfc9327eb904ad1607,Prompt 27,True,0.8300000000000001,188.47,44.0,1380000000.0,877000000.0,6669991936.0,0.56,1900-01-01 15:39:11,302,7
1305,68755cdfc9327eb904ad1608,Prompt 27,True,0.8300000000000001,188.47,44.0,1380000000.0,877000000.0,6669991936.0,0.56,1900-01-01 15:39:11,302,8
1306,68755cdfc9327eb904ad1609,Prompt 27,True,0.8300000000000001,188.47,44.0,1380000000.0,877000000.0,6669991936.0,0.56,1900-01-01 15:39:11,302,9
1307,68755ce0c9327eb904ad160a,Prompt 27,True,0.8300000000000001,188.47,44.0,1380000000.0,877000000.0,6669991936.0,0.56,1900-01-01 15:39:12,302,10
1308,68755ce0c9327eb904ad160b,Prompt 27,True,0.8300000000000001,188.47,44.0,1380000000.0,877000000.0,6669991936.0,0.56,1900-01-01 15:39:12,302,11
1309,68755ce0c9327eb904ad160c,Prompt 27,True,0.8300000000000001,188.47,44.0,1380000000.0,877000000.0,6669991936.0,0.56,1900-01-01 15:39:12,303,12
1310,68755ce0c9327eb904ad160d,Prompt 27,True,0.8300000000000001,188.47,44.0,1380000000.0,877000000.0,6669991936.0,0.56,1900-01-01 15:39:12,303,13
1311,68755ce1c9327eb904ad160e,Prompt 27,True,0.8300000000000001,188.47,44.0,1380000000.0,877000000.0,6669991936.0,0.56,1900-01-01 15:39:13,303,14
1312,68755ce1c9327eb904ad160f,Prompt 27,True,0.8300000000000001,188.47,44.0,1380000000.0,877000000.0,6669991936.0,0.56,1900-01-01 15:39:13,303,15
1313,68755ce1c9327eb904ad1610,Prompt 27,True,0.8300000000000001,188.47,44.0,1380000000.0,877000000.0,6669991936.0,0.56,1900-01-01 15:39:13,304,16
1314,68755ce1c9327eb904ad1611,Prompt 27,True,0.8300000000000001,188.47,44.0,1380000000.0,877000000.0,6669991936.0,0.56,1900-01-01 15:39:13,304,17
1315,68755ce2c9327eb904ad1612,Prompt 27,True,0.8300000000000001,188.47,44.0,1380000000.0,877000000.0,6669991936.0,0.56,1900-01-01 15:39:14,304,18
1316,68755ce2c9327eb904ad1613,Prompt 27,True,0.8300000000000001,188.47,44.0,1380000000.0,877000000.0,6669991936.0,0.56,1900-01-01 15:39:14,304,19
1317,68755ce2c9327eb904ad1614,Prompt 27,True,0.8300000000000001,188.47,44.0,1380000000.0,877000000.0,6669991936.0,0.56,1900-01-01 15:39:14,305,20
1318,68755ce2c9327eb904ad1615,Prompt 27,True,0.8300000000000001,188.47,44.0,1380000000.0,877000000.0,6669991936.0,0.56,1900-01-01 15:39:14,305,21
1319,68755ce2c9327eb904ad1616,Prompt 27,True,0.8300000000000001,188.47,44.0,1380000000.0,877000000.0,6669991936.0,0.56,1900-01-01 15:39:14,305,22
1320,68755ce3c9327eb904ad1617,Prompt 27,True,0.8300000000000001,188.47,44.0,1380000000.0,877000000.0,6669991936.0,0.56,1900-01-01 15:39:15,305,23
1321,68755ce3c9327eb904ad1618,Prompt 27,True,0.8300000000000001,188.47,44.0,1380000000.0,877000000.0,6669991936.0,0.56,1900-01-01 15:39:15,305,24
1322,68755ce3c9327eb904ad1619,Prompt 27,True,0.8300000000000001,188.47,44.0,1380000000.0,877000000.0,6669991936.0,0.56,1900-01-01 15:39:15,306,25
1323,68755ce3c9327eb904ad161a,Prompt 27,True,0.8300000000000001,188.47,44.0,1380000000.0,877000000.0,6669991936.0,0.56,1900-01-01 15:39:15,306,26
1324,68755ce4c9327eb904ad161b,Prompt 27,True,0.8300000000000001,188.47,44.0,1380000000.0,877000000.0,6669991936.0,0.56,1900-01-01 15:39:16,306,27
1325,68755ce4c9327eb904ad161c,Prompt 27,True,0.8300000000000001,188.47,44.0,1380000000.0,877000000.0,6669991936.0,0.56,1900-01-01 15:39:16,306,28
1326,68755ce4c9327eb904ad161d,Prompt 27,True,0.8300000000000001,188.47,44.0,1380000000.0,877000000.0,6669991936.0,0.56,1900-01-01 15:39:16,307,29
1327,68755ce4c9327eb904ad161e,Prompt 27,True,0.8300000000000001,188.47,44.0,1380000000.0,877000000.0,6669991936.0,0.56,1900-01-01 15:39:16,307,30
1328,68755ce5c9327eb904ad161f,Prompt 27,True,0.8300000000000001,188.47,44.0,1380000000.0,877000000.0,6669991936.0,0.56,1900-01-01 15:39:17,307,31
1329,68755ce5c9327eb904ad1620,Prompt 27,True,0.8300000000000001,188.47,44.0,1380000000.0,877000000.0,6669991936.0,0.56,1900-01-01 15:39:17,307,32
1330,68755ce5c9327eb904ad1621,Prompt 27,True,0.8300000000000001,188.47,44.0,1380000000.0,877000000.0,6669991936.0,0.56,1900-01-01 15:39:17,308,33
1331,68755ce5c9327eb904ad1622,Prompt 27,True,0.8300000000000001,188.47,44.0,1380000000.0,877000000.0,6669991936.0,0.56,1900-01-01 15:39:17,308,34
1332,68755ce5c9327eb904ad1623,Prompt 27,True,0.8300000000000001,190.93,44.0,1380000000.0,877000000.0,6669991936.0,0.56,1900-01-01 15:39:17,308,35
1333,68755ce6c9327eb904ad1624,Prompt 27,True,0.8200000000000001,190.93,44.0,1380000000.0,877000000.0,6669991936.0,0.56,1900-01-01 15:39:18,308,36
1334,68755ce6c9327eb904ad1625,Prompt 27,True,0.8200000000000001,190.93,44.0,1380000000.0,877000000.0,6669991936.0,0.56,1900-01-01 15:39:18,308,37
1335,68755ce6c9327eb904ad1626,Prompt 27,True,0.8200000000000001,190.93,44.0,1380000000.0,877000000.0,6669991936.0,0.56,1900-01-01 15:39:18,309,38
1336,68755ce6c9327eb904ad1627,Prompt 27,True,0.8200000000000001,190.93,44.0,1380000000.0,877000000.0,6669991936.0,0.56,1900-01-01 15:39:18,309,39
1337,68755ce7c9327eb904ad1628,Prompt 27,True,0.8200000000000001,190.93,44.0,1380000000.0,877000000.0,6669991936.0,0.56,1900-01-01 15:39:19,309,40
1338,68755ce7c9327eb904ad1629,Prompt 27,True,0.8200000000000001,190.93,44.0,1380000000.0,877000000.0,6669991936.0,0.56,1900-01-01 15:39:19,309,41
1339,68755ce7c9327eb904ad162a,Prompt 27,True,0.8200000000000001,190.93,44.0,1380000000.0,877000000.0,6669991936.0,0.56,1900-01-01 15:39:19,310,42
1340,68755ce7c9327eb904ad162b,Prompt 27,True,0.8200000000000001,190.93,44.0,1380000000.0,877000000.0,6669991936.0,0.56,1900-01-01 15:39:19,310,43
1341,68755ce8c9327eb904ad162c,Prompt 27,True,0.8200000000000001,190.93,44.0,1380000000.0,877000000.0,6669991936.0,0.56,1900-01-01 15:39:20,310,44
1342,68755ce8c9327eb904ad162d,Prompt 27,True,0.8200000000000001,190.93,44.0,1380000000.0,877000000.0,6669991936.0,0.56,1900-01-01 15:39:20,310,45
1343,68755ce8c9327eb904ad162e,Prompt 27,True,0.8200000000000001,190.93,44.0,1380000000.0,877000000.0,6669991936.0,0.56,1900-01-01 15:39:20,311,46
1344,68755ce8c9327eb904ad162f,Prompt 27,True,0.8200000000000001,190.93,44.0,1380000000.0,877000000.0,6669991936.0,0.56,1900-01-01 15:39:20,311,47
1345,68755ce8c9327eb904ad1630,Prompt 27,True,0.8200000000000001,190.93,44.0,1380000000.0,877000000.0,6669991936.0,0.56,1900-01-01 15:39:20,311,48
1346,68755ce9c9327eb904ad1631,Prompt 27,True,0.8200000000000001,190.93,44.0,1380000000.0,877000000.0,6669991936.0,0.56,1900-01-01 15:39:21,311,49
1347,68755ce9c9327eb904ad1632,Prompt 27,True,0.8200000000000001,190.93,44.0,1380000000.0,877000000.0,6669991936.0,0.56,1900-01-01 15:39:21,311,50
1348,68755ce9c9327eb904ad1633,Prompt 27,True,0.8200000000000001,190.93,44.0,1380000000.0,877000000.0,6669991936.0,0.56,1900-01-01 15:39:21,312,51
1349,68755ce9c9327eb904ad1634,Prompt 27,True,0.8200000000000001,190.93,44.0,1380000000.0,877000000.0,6669991936.0,0.56,1900-01-01 15:39:21,312,52
1350,68755ceac9327eb904ad1635,Prompt 27,True,0.8200000000000001,190.93,44.0,1380000000.0,877000000.0,6669991936.0,0.56,1900-01-01 15:39:22,312,53
1351,68755ceac9327eb904ad1636,Prompt 27,True,0.8200000000000001,190.93,44.0,1380000000.0,877000000.0,6669991936.0,0.56,1900-01-01 15:39:22,312,54
1352,68755ceac9327eb904ad1637,Prompt 27,True,0.8200000000000001,190.93,44.0,1380000000.0,877000000.0,6669991936.0,0.56,1900-01-01 15:39:22,313,55
1353,68755ceac9327eb904ad1638,Prompt 27,True,0.8200000000000001,190.93,44.0,1380000000.0,877000000.0,6669991936.0,0.56,1900-01-01 15:39:22,313,56
1354,68755cebc9327eb904ad1639,Prompt 27,True,0.8200000000000001,190.93,44.0,1380000000.0,877000000.0,6669991936.0,0.56,1900-01-01 15:39:23,313,57
1355,68755cebc9327eb904ad163a,Prompt 27,True,0.8200000000000001,190.93,44.0,1380000000.0,877000000.0,6669991936.0,0.56,1900-01-01 15:39:23,314,58
1356,68755cebc9327eb904ad163b,,True,,,,,,,,1900-01-01 15:39:23,,
1357,68755cebc9327eb904ad163c,Prompt 28,True,0.8200000000000001,190.93,44.0,1380000000.0,877000000.0,6669991936.0,0.56,1900-01-01 15:39:23,314,1
1358,68755cebc9327eb904ad163d,Prompt 28,True,0.8200000000000001,190.93,44.0,1380000000.0,877000000.0,6669991936.0,0.56,1900-01-01 15:39:23,314,2
1359,68755cecc9327eb904ad163e,Prompt 28,True,0.8200000000000001,190.93,44.0,1380000000.0,877000000.0,6669991936.0,0.56,1900-01-01 15:39:24,314,3
1360,68755cecc9327eb904ad163f,Prompt 28,True,0.8200000000000001,190.93,44.0,1380000000.0,877000000.0,6669991936.0,0.56,1900-01-01 15:39:24,314,4
1361,68755cecc9327eb904ad1640,Prompt 28,True,0.8200000000000001,190.93,44.0,1380000000.0,877000000.0,6669991936.0,0.56,1900-01-01 15:39:24,315,5
1362,68755cecc9327eb904ad1641,Prompt 28,True,0.8200000000000001,190.93,44.0,1380000000.0,877000000.0,6669991936.0,0.56,1900-01-01 15:39:24,315,6
1363,68755cedc9327eb904ad1642,Prompt 28,True,0.8200000000000001,190.93,44.0,1380000000.0,877000000.0,6669991936.0,0.56,1900-01-01 15:39:25,315,7
1364,68755cedc9327eb904ad1643,Prompt 28,True,0.8200000000000001,190.93,44.0,1380000000.0,877000000.0,6669991936.0,0.56,1900-01-01 15:39:25,315,8
1365,68755cedc9327eb904ad1644,Prompt 28,True,0.8200000000000001,190.93,44.0,1380000000.0,877000000.0,6669991936.0,0.56,1900-01-01 15:39:25,316,9
1366,68755cedc9327eb904ad1645,Prompt 28,True,0.8200000000000001,190.93,44.0,1380000000.0,877000000.0,6669991936.0,0.56,1900-01-01 15:39:25,316,10
1367,68755ceec9327eb904ad1646,Prompt 28,True,0.8200000000000001,190.93,44.0,1380000000.0,877000000.0,6669991936.0,0.56,1900-01-01 15:39:26,316,11
1368,68755ceec9327eb904ad1647,Prompt 28,True,0.8200000000000001,190.93,44.0,1380000000.0,877000000.0,6669991936.0,0.56,1900-01-01 15:39:26,316,12
1369,68755ceec9327eb904ad1648,Prompt 28,True,0.8200000000000001,190.93,44.0,1380000000.0,877000000.0,6669991936.0,0.56,1900-01-01 15:39:26,317,13
1370,68755ceec9327eb904ad1649,Prompt 28,True,0.8200000000000001,190.93,44.0,1380000000.0,877000000.0,6669991936.0,0.56,1900-01-01 15:39:26,317,14
1371,68755ceec9327eb904ad164a,Prompt 28,True,0.8200000000000001,190.93,44.0,1380000000.0,877000000.0,6669991936.0,0.56,1900-01-01 15:39:26,317,15
1372,68755cefc9327eb904ad164b,Prompt 28,True,0.8200000000000001,190.93,44.0,1380000000.0,877000000.0,6669991936.0,0.56,1900-01-01 15:39:27,317,16
1373,68755cefc9327eb904ad164c,Prompt 28,True,0.8200000000000001,190.93,44.0,1380000000.0,877000000.0,6669991936.0,0.56,1900-01-01 15:39:27,318,17
1374,68755cefc9327eb904ad164d,Prompt 28,True,0.8200000000000001,190.93,44.0,1380000000.0,877000000.0,6669991936.0,0.56,1900-01-01 15:39:27,318,18
1375,68755cefc9327eb904ad164e,Prompt 28,True,0.8200000000000001,190.93,44.0,1380000000.0,877000000.0,6669991936.0,0.56,1900-01-01 15:39:27,318,19
1376,68755cf0c9327eb904ad164f,Prompt 28,True,0.8200000000000001,190.93,44.0,1380000000.0,877000000.0,6669991936.0,0.56,1900-01-01 15:39:28,318,20
1377,68755cf0c9327eb904ad1650,Prompt 28,True,0.8200000000000001,190.93,44.0,1380000000.0,877000000.0,6669991936.0,0.56,1900-01-01 15:39:28,318,21
1378,68755cf0c9327eb904ad1651,Prompt 28,True,0.8200000000000001,190.93,44.0,1380000000.0,877000000.0,6669991936.0,0.56,1900-01-01 15:39:28,319,22
1379,68755cf0c9327eb904ad1652,Prompt 28,True,0.8200000000000001,190.93,44.0,1380000000.0,877000000.0,6669991936.0,0.56,1900-01-01 15:39:28,319,23
1380,68755cf1c9327eb904ad1653,Prompt 28,True,0.8200000000000001,190.93,44.0,1380000000.0,877000000.0,6669991936.0,0.56,1900-01-01 15:39:29,319,24
1381,68755cf1c9327eb904ad1654,Prompt 28,True,0.8200000000000001,190.93,44.0,1380000000.0,877000000.0,6669991936.0,0.56,1900-01-01 15:39:29,319,25
1382,68755cf1c9327eb904ad1655,Prompt 28,True,0.8200000000000001,190.93,44.0,1380000000.0,877000000.0,6669991936.0,0.56,1900-01-01 15:39:29,320,26
1383,68755cf1c9327eb904ad1656,Prompt 28,True,0.8200000000000001,190.93,44.0,1380000000.0,877000000.0,6669991936.0,0.56,1900-01-01 15:39:29,320,27
1384,68755cf1c9327eb904ad1657,Prompt 28,True,0.8200000000000001,190.93,44.0,1380000000.0,877000000.0,6669991936.0,0.56,1900-01-01 15:39:29,320,28
1385,68755cf2c9327eb904ad1658,Prompt 28,True,0.8200000000000001,190.93,44.0,1380000000.0,877000000.0,6669991936.0,0.56,1900-01-01 15:39:30,320,29
1386,68755cf2c9327eb904ad1659,Prompt 28,True,0.8200000000000001,190.93,44.0,1380000000.0,877000000.0,6669991936.0,0.56,1900-01-01 15:39:30,321,30
1387,68755cf2c9327eb904ad165a,Prompt 28,True,0.8200000000000001,190.93,44.0,1380000000.0,877000000.0,6669991936.0,0.56,1900-01-01 15:39:30,321,31
1388,68755cf3c9327eb904ad165b,Prompt 28,True,0.8200000000000001,190.93,44.0,1380000000.0,877000000.0,6669991936.0,0.56,1900-01-01 15:39:31,321,32
1389,68755cf3c9327eb904ad165c,Prompt 28,True,0.8200000000000001,190.93,44.0,1380000000.0,877000000.0,6669991936.0,0.56,1900-01-01 15:39:31,321,33
1390,68755cf3c9327eb904ad165d,Prompt 28,True,0.8200000000000001,190.93,44.0,1380000000.0,877000000.0,6669991936.0,0.56,1900-01-01 15:39:31,322,34
1391,68755cf3c9327eb904ad165e,Prompt 28,True,0.8200000000000001,190.93,44.0,1380000000.0,877000000.0,6669991936.0,0.56,1900-01-01 15:39:31,322,35
1392,68755cf3c9327eb904ad165f,Prompt 28,True,0.8200000000000001,190.93,44.0,1380000000.0,877000000.0,6669991936.0,0.56,1900-01-01 15:39:31,322,36
1393,68755cf4c9327eb904ad1660,Prompt 28,True,0.8200000000000001,190.93,44.0,1380000000.0,877000000.0,6669991936.0,0.56,1900-01-01 15:39:32,322,37
1394,68755cf4c9327eb904ad1661,Prompt 28,True,0.8200000000000001,190.93,44.0,1380000000.0,877000000.0,6669991936.0,0.56,1900-01-01 15:39:32,322,38
1395,68755cf4c9327eb904ad1662,Prompt 28,True,0.8200000000000001,190.93,44.0,1380000000.0,877000000.0,6669991936.0,0.56,1900-01-01 15:39:32,323,39
1396,68755cf5c9327eb904ad1663,Prompt 28,True,0.8200000000000001,185.46,45.0,1380000000.0,877000000.0,6669991936.0,0.56,1900-01-01 15:39:33,323,40
1397,68755cf5c9327eb904ad1664,Prompt 28,True,0.8200000000000001,185.46,45.0,1380000000.0,877000000.0,6669991936.0,0.56,1900-01-01 15:39:33,324,41
1398,68755cf5c9327eb904ad1665,Prompt 28,True,0.8200000000000001,185.46,45.0,1380000000.0,877000000.0,6669991936.0,0.56,1900-01-01 15:39:33,324,42
1399,68755cf5c9327eb904ad1666,Prompt 28,True,0.8200000000000001,185.46,45.0,1380000000.0,877000000.0,6669991936.0,0.56,1900-01-01 15:39:33,324,43
1400,68755cf6c9327eb904ad1667,Prompt 28,True,0.8200000000000001,185.46,45.0,1380000000.0,877000000.0,6669991936.0,0.56,1900-01-01 15:39:34,324,44
1401,68755cf6c9327eb904ad1668,Prompt 28,True,0.8200000000000001,185.46,45.0,1380000000.0,877000000.0,6669991936.0,0.56,1900-01-01 15:39:34,324,45
1402,68755cf6c9327eb904ad1669,Prompt 28,True,0.8200000000000001,185.46,45.0,1380000000.0,877000000.0,6669991936.0,0.56,1900-01-01 15:39:34,325,46
1403,68755cf7c9327eb904ad166a,Prompt 28,True,0.8200000000000001,185.46,45.0,1380000000.0,877000000.0,6669991936.0,0.56,1900-01-01 15:39:35,325,47
1404,68755cf7c9327eb904ad166b,Prompt 28,True,0.8200000000000001,185.46,45.0,1380000000.0,877000000.0,6669991936.0,0.56,1900-01-01 15:39:35,326,48
1405,68755cf7c9327eb904ad166c,Prompt 28,True,0.8200000000000001,185.46,45.0,1380000000.0,877000000.0,6669991936.0,0.56,1900-01-01 15:39:35,326,49
1406,68755cf7c9327eb904ad166d,Prompt 28,True,0.8200000000000001,185.46,45.0,1380000000.0,877000000.0,6669991936.0,0.56,1900-01-01 15:39:35,326,50
1407,68755cf8c9327eb904ad166e,Prompt 28,True,0.8200000000000001,185.46,45.0,1380000000.0,877000000.0,6669991936.0,0.56,1900-01-01 15:39:36,326,51
1408,68755cf8c9327eb904ad166f,Prompt 28,True,0.8200000000000001,185.46,45.0,1380000000.0,877000000.0,6669991936.0,0.56,1900-01-01 15:39:36,326,52
1409,68755cf8c9327eb904ad1670,Prompt 28,True,0.8200000000000001,185.46,45.0,1380000000.0,877000000.0,6669991936.0,0.56,1900-01-01 15:39:36,327,53
1410,68755cf8c9327eb904ad1671,Prompt 28,True,0.8200000000000001,185.46,45.0,1380000000.0,877000000.0,6669991936.0,0.56,1900-01-01 15:39:36,327,54
1411,68755cf9c9327eb904ad1672,Prompt 28,True,0.8200000000000001,185.46,45.0,1380000000.0,877000000.0,6669991936.0,0.56,1900-01-01 15:39:37,327,55
1412,68755cf9c9327eb904ad1673,Prompt 28,True,0.8200000000000001,185.46,45.0,1380000000.0,877000000.0,6669991936.0,0.56,1900-01-01 15:39:37,327,56
1413,68755cf9c9327eb904ad1674,Prompt 28,True,0.8200000000000001,185.46,45.0,1380000000.0,877000000.0,6669991936.0,0.56,1900-01-01 15:39:37,328,57
1414,68755cf9c9327eb904ad1675,Prompt 28,True,0.8200000000000001,185.46,45.0,1380000000.0,877000000.0,6669991936.0,0.56,1900-01-01 15:39:37,328,58
1415,68755cf9c9327eb904ad1676,Prompt 28,True,0.8200000000000001,185.46,45.0,1380000000.0,877000000.0,6669991936.0,0.56,1900-01-01 15:39:37,328,59
1416,68755cfac9327eb904ad1677,Prompt 28,True,0.8200000000000001,185.46,45.0,1380000000.0,877000000.0,6669991936.0,0.56,1900-01-01 15:39:38,328,60
1417,68755cfac9327eb904ad1678,Prompt 28,True,0.8200000000000001,185.46,45.0,1380000000.0,877000000.0,6669991936.0,0.56,1900-01-01 15:39:38,329,61
1418,68755cfac9327eb904ad1679,Prompt 28,True,0.8200000000000001,185.46,45.0,1380000000.0,877000000.0,6669991936.0,0.56,1900-01-01 15:39:38,329,62
1419,68755cfac9327eb904ad167a,Prompt 28,True,0.8200000000000001,185.46,45.0,1380000000.0,877000000.0,6669991936.0,0.56,1900-01-01 15:39:38,329,63
1420,68755cfbc9327eb904ad167b,Prompt 28,True,0.8200000000000001,185.46,45.0,1380000000.0,877000000.0,6669991936.0,0.56,1900-01-01 15:39:39,329,64
1421,68755cfbc9327eb904ad167c,Prompt 28,True,0.8200000000000001,185.46,45.0,1380000000.0,877000000.0,6669991936.0,0.56,1900-01-01 15:39:39,330,65
1422,68755cfbc9327eb904ad167d,Prompt 28,True,0.8200000000000001,185.46,45.0,1380000000.0,877000000.0,6669991936.0,0.56,1900-01-01 15:39:39,330,66
1423,68755cfbc9327eb904ad167e,Prompt 28,True,0.8200000000000001,185.46,45.0,1380000000.0,877000000.0,6669991936.0,0.56,1900-01-01 15:39:39,330,67
1424,68755cfcc9327eb904ad167f,Prompt 28,True,0.8200000000000001,185.46,45.0,1380000000.0,877000000.0,6669991936.0,0.56,1900-01-01 15:39:40,330,68
1425,68755cfcc9327eb904ad1680,Prompt 28,True,0.8200000000000001,185.46,45.0,1380000000.0,877000000.0,6669991936.0,0.56,1900-01-01 15:39:40,330,69
1426,68755cfcc9327eb904ad1681,Prompt 28,True,0.8200000000000001,185.46,45.0,1380000000.0,877000000.0,6669991936.0,0.56,1900-01-01 15:39:40,331,70
1427,68755cfcc9327eb904ad1682,Prompt 28,True,0.8200000000000001,185.46,45.0,1380000000.0,877000000.0,6669991936.0,0.56,1900-01-01 15:39:40,331,71
1428,68755cfdc9327eb904ad1683,Prompt 28,True,0.8200000000000001,185.46,45.0,1380000000.0,877000000.0,6669991936.0,0.56,1900-01-01 15:39:41,331,72
1429,68755cfdc9327eb904ad1684,Prompt 28,True,0.8200000000000001,185.46,45.0,1380000000.0,877000000.0,6669991936.0,0.56,1900-01-01 15:39:41,331,73
1430,68755cfdc9327eb904ad1685,Prompt 28,True,0.8200000000000001,185.46,45.0,1380000000.0,877000000.0,6669991936.0,0.56,1900-01-01 15:39:41,332,74
1431,68755cfdc9327eb904ad1686,Prompt 28,True,0.8200000000000001,185.46,45.0,1380000000.0,877000000.0,6669991936.0,0.56,1900-01-01 15:39:41,332,75
1432,68755cfdc9327eb904ad1687,Prompt 28,True,0.8200000000000001,185.46,45.0,1380000000.0,877000000.0,6669991936.0,0.56,1900-01-01 15:39:41,332,76
1433,68755cfec9327eb904ad1688,Prompt 28,True,0.8200000000000001,185.46,45.0,1380000000.0,877000000.0,6669991936.0,0.56,1900-01-01 15:39:42,332,77
1434,68755cfec9327eb904ad1689,Prompt 28,True,0.8200000000000001,185.46,45.0,1380000000.0,877000000.0,6669991936.0,0.56,1900-01-01 15:39:42,332,78
1435,68755cfec9327eb904ad168a,Prompt 28,True,0.8200000000000001,185.46,45.0,1380000000.0,877000000.0,6669991936.0,0.56,1900-01-01 15:39:42,333,79
1436,68755cfec9327eb904ad168b,Prompt 28,True,0.8200000000000001,185.46,45.0,1380000000.0,877000000.0,6669991936.0,0.56,1900-01-01 15:39:42,333,80
1437,68755cfec9327eb904ad168c,,True,,,,,,,,1900-01-01 15:39:42,,
1438,68755cffc9327eb904ad168d,Prompt 29,True,0.8200000000000001,185.46,45.0,1380000000.0,877000000.0,6669991936.0,0.56,1900-01-01 15:39:43,333,1
1439,68755cffc9327eb904ad168e,Prompt 29,True,0.8200000000000001,185.46,45.0,1380000000.0,877000000.0,6669991936.0,0.56,1900-01-01 15:39:43,333,2
1440,68755cffc9327eb904ad168f,Prompt 29,True,0.8200000000000001,185.46,45.0,1380000000.0,877000000.0,6669991936.0,0.56,1900-01-01 15:39:43,334,3
1441,68755cffc9327eb904ad1690,Prompt 29,True,0.8200000000000001,185.46,45.0,1380000000.0,877000000.0,6669991936.0,0.56,1900-01-01 15:39:43,334,4
1442,68755d00c9327eb904ad1691,Prompt 29,True,0.8200000000000001,185.46,45.0,1380000000.0,877000000.0,6669991936.0,0.56,1900-01-01 15:39:44,334,5
1443,68755d00c9327eb904ad1692,Prompt 29,True,0.8200000000000001,185.46,45.0,1380000000.0,877000000.0,6669991936.0,0.56,1900-01-01 15:39:44,334,6
1444,68755d00c9327eb904ad1693,Prompt 29,True,0.8200000000000001,185.46,45.0,1380000000.0,877000000.0,6669991936.0,0.56,1900-01-01 15:39:44,335,7
1445,68755d00c9327eb904ad1694,Prompt 29,True,0.8200000000000001,185.46,45.0,1380000000.0,877000000.0,6669991936.0,0.56,1900-01-01 15:39:44,335,8
1446,68755d01c9327eb904ad1695,Prompt 29,True,0.8200000000000001,185.46,45.0,1380000000.0,877000000.0,6669991936.0,0.56,1900-01-01 15:39:45,335,9
1447,68755d01c9327eb904ad1696,Prompt 29,True,0.8200000000000001,185.46,45.0,1380000000.0,877000000.0,6669991936.0,0.56,1900-01-01 15:39:45,335,10
1448,68755d01c9327eb904ad1697,Prompt 29,True,0.8200000000000001,185.46,45.0,1380000000.0,877000000.0,6669991936.0,0.56,1900-01-01 15:39:45,336,11
1449,68755d01c9327eb904ad1698,Prompt 29,True,0.8200000000000001,185.46,45.0,1380000000.0,877000000.0,6669991936.0,0.56,1900-01-01 15:39:45,336,12
1450,68755d02c9327eb904ad1699,Prompt 29,True,0.8200000000000001,185.46,45.0,1380000000.0,877000000.0,6669991936.0,0.56,1900-01-01 15:39:46,336,13
1451,68755d02c9327eb904ad169a,Prompt 29,True,0.8200000000000001,185.46,45.0,1380000000.0,877000000.0,6669991936.0,0.56,1900-01-01 15:39:46,336,14
1452,68755d02c9327eb904ad169b,Prompt 29,True,0.8200000000000001,185.46,45.0,1380000000.0,877000000.0,6669991936.0,0.56,1900-01-01 15:39:46,337,15
1453,68755d02c9327eb904ad169c,Prompt 29,True,0.8200000000000001,185.46,45.0,1380000000.0,877000000.0,6669991936.0,0.56,1900-01-01 15:39:46,337,16
1454,68755d03c9327eb904ad169d,Prompt 29,True,0.8200000000000001,185.46,45.0,1380000000.0,877000000.0,6669991936.0,0.56,1900-01-01 15:39:47,337,17
1455,68755d03c9327eb904ad169e,Prompt 29,True,0.8200000000000001,185.46,45.0,1380000000.0,877000000.0,6669991936.0,0.56,1900-01-01 15:39:47,337,18
1456,68755d03c9327eb904ad169f,Prompt 29,True,0.8200000000000001,185.46,45.0,1380000000.0,877000000.0,6669991936.0,0.56,1900-01-01 15:39:47,338,19
1457,68755d03c9327eb904ad16a0,Prompt 29,True,0.8200000000000001,185.46,45.0,1380000000.0,877000000.0,6669991936.0,0.56,1900-01-01 15:39:47,338,20
1458,68755d04c9327eb904ad16a1,Prompt 29,True,0.8200000000000001,190.05,44.0,1380000000.0,877000000.0,6669991936.0,0.55,1900-01-01 15:39:48,338,21
1459,68755d04c9327eb904ad16a2,Prompt 29,True,0.8300000000000001,190.05,44.0,1380000000.0,877000000.0,6669991936.0,0.55,1900-01-01 15:39:48,338,22
1460,68755d04c9327eb904ad16a3,Prompt 29,True,0.8300000000000001,190.05,44.0,1380000000.0,877000000.0,6669991936.0,0.55,1900-01-01 15:39:48,339,23
1461,68755d04c9327eb904ad16a4,Prompt 29,True,0.8300000000000001,190.05,44.0,1380000000.0,877000000.0,6669991936.0,0.55,1900-01-01 15:39:48,339,24
1462,68755d05c9327eb904ad16a5,Prompt 29,True,0.8300000000000001,190.05,44.0,1380000000.0,877000000.0,6669991936.0,0.55,1900-01-01 15:39:49,339,25
1463,68755d05c9327eb904ad16a6,Prompt 29,True,0.8300000000000001,190.05,44.0,1380000000.0,877000000.0,6669991936.0,0.55,1900-01-01 15:39:49,339,26
1464,68755d05c9327eb904ad16a7,Prompt 29,True,0.8300000000000001,190.05,44.0,1380000000.0,877000000.0,6669991936.0,0.55,1900-01-01 15:39:49,340,27
1465,68755d05c9327eb904ad16a8,Prompt 29,True,0.8300000000000001,190.05,44.0,1380000000.0,877000000.0,6669991936.0,0.55,1900-01-01 15:39:49,340,28
1466,68755d05c9327eb904ad16a9,Prompt 29,True,0.8300000000000001,190.05,44.0,1380000000.0,877000000.0,6669991936.0,0.55,1900-01-01 15:39:49,340,29
1467,68755d06c9327eb904ad16aa,Prompt 29,True,0.8300000000000001,190.05,44.0,1380000000.0,877000000.0,6669991936.0,0.55,1900-01-01 15:39:50,340,30
1468,68755d06c9327eb904ad16ab,Prompt 29,True,0.8300000000000001,190.05,44.0,1380000000.0,877000000.0,6669991936.0,0.55,1900-01-01 15:39:50,341,31
1469,68755d06c9327eb904ad16ac,Prompt 29,True,0.8300000000000001,190.05,44.0,1380000000.0,877000000.0,6669991936.0,0.55,1900-01-01 15:39:50,341,32
1470,68755d06c9327eb904ad16ad,Prompt 29,True,0.8300000000000001,190.05,44.0,1380000000.0,877000000.0,6669991936.0,0.55,1900-01-01 15:39:50,341,33
1471,68755d07c9327eb904ad16ae,Prompt 29,True,0.8300000000000001,190.05,44.0,1380000000.0,877000000.0,6669991936.0,0.55,1900-01-01 15:39:51,341,34
1472,68755d07c9327eb904ad16af,Prompt 29,True,0.8300000000000001,190.05,44.0,1380000000.0,877000000.0,6669991936.0,0.55,1900-01-01 15:39:51,342,35
1473,68755d07c9327eb904ad16b0,Prompt 29,True,0.8300000000000001,190.05,44.0,1380000000.0,877000000.0,6669991936.0,0.55,1900-01-01 15:39:51,342,36
1474,68755d08c9327eb904ad16b1,Prompt 29,True,0.8300000000000001,190.05,44.0,1380000000.0,877000000.0,6669991936.0,0.55,1900-01-01 15:39:52,342,37
1475,68755d08c9327eb904ad16b2,Prompt 29,True,0.8300000000000001,190.05,44.0,1380000000.0,877000000.0,6669991936.0,0.55,1900-01-01 15:39:52,342,38
1476,68755d08c9327eb904ad16b3,Prompt 29,True,0.8300000000000001,190.05,44.0,1380000000.0,877000000.0,6669991936.0,0.55,1900-01-01 15:39:52,343,39
1477,68755d08c9327eb904ad16b4,Prompt 29,True,0.8300000000000001,190.05,44.0,1380000000.0,877000000.0,6669991936.0,0.55,1900-01-01 15:39:52,343,40
1478,68755d09c9327eb904ad16b5,Prompt 29,True,0.8300000000000001,190.05,44.0,1380000000.0,877000000.0,6669991936.0,0.55,1900-01-01 15:39:53,343,41
1479,68755d09c9327eb904ad16b6,Prompt 29,True,0.8300000000000001,190.05,44.0,1380000000.0,877000000.0,6669991936.0,0.55,1900-01-01 15:39:53,343,42
1480,68755d09c9327eb904ad16b7,Prompt 29,True,0.8300000000000001,190.05,44.0,1380000000.0,877000000.0,6669991936.0,0.55,1900-01-01 15:39:53,344,43
1481,68755d09c9327eb904ad16b8,Prompt 29,True,0.8300000000000001,190.05,44.0,1380000000.0,877000000.0,6669991936.0,0.55,1900-01-01 15:39:53,344,44
1482,68755d0ac9327eb904ad16b9,Prompt 29,True,0.8300000000000001,190.05,44.0,1380000000.0,877000000.0,6669991936.0,0.55,1900-01-01 15:39:54,344,45
1483,68755d0ac9327eb904ad16ba,Prompt 29,True,0.8300000000000001,190.05,44.0,1380000000.0,877000000.0,6669991936.0,0.55,1900-01-01 15:39:54,344,46
1484,68755d0ac9327eb904ad16bb,Prompt 29,True,0.8300000000000001,190.05,44.0,1380000000.0,877000000.0,6669991936.0,0.55,1900-01-01 15:39:54,345,47
1485,68755d0ac9327eb904ad16bc,Prompt 29,True,0.8300000000000001,190.05,44.0,1380000000.0,877000000.0,6669991936.0,0.55,1900-01-01 15:39:54,345,48
1486,68755d0bc9327eb904ad16bd,Prompt 29,True,0.8300000000000001,190.05,44.0,1380000000.0,877000000.0,6669991936.0,0.55,1900-01-01 15:39:55,345,49
1487,68755d0bc9327eb904ad16be,Prompt 29,True,0.8300000000000001,190.05,44.0,1380000000.0,877000000.0,6669991936.0,0.55,1900-01-01 15:39:55,345,50
1488,68755d0bc9327eb904ad16bf,Prompt 29,True,0.8300000000000001,190.05,44.0,1380000000.0,877000000.0,6669991936.0,0.55,1900-01-01 15:39:55,346,51
1489,68755d0bc9327eb904ad16c0,Prompt 29,True,0.8300000000000001,190.05,44.0,1380000000.0,877000000.0,6669991936.0,0.55,1900-01-01 15:39:55,346,52
1490,68755d0bc9327eb904ad16c1,Prompt 29,True,0.8300000000000001,190.05,44.0,1380000000.0,877000000.0,6669991936.0,0.55,1900-01-01 15:39:55,346,53
1491,68755d0cc9327eb904ad16c2,Prompt 29,True,0.8300000000000001,190.05,44.0,1380000000.0,877000000.0,6669991936.0,0.55,1900-01-01 15:39:56,346,54
1492,68755d0cc9327eb904ad16c3,Prompt 29,True,0.8300000000000001,190.05,44.0,1380000000.0,877000000.0,6669991936.0,0.55,1900-01-01 15:39:56,347,55
1493,68755d0cc9327eb904ad16c4,Prompt 29,True,0.8300000000000001,190.05,44.0,1380000000.0,877000000.0,6669991936.0,0.55,1900-01-01 15:39:56,347,56
1494,68755d0cc9327eb904ad16c5,,True,,,,,,,,1900-01-01 15:39:56,,
1495,68755d0cc9327eb904ad16c6,Prompt 30,True,0.8300000000000001,190.05,44.0,1380000000.0,877000000.0,6669991936.0,0.55,1900-01-01 15:39:56,347,1
1496,68755d0cc9327eb904ad16c7,,True,,,,,,,,1900-01-01 15:39:56,,
1497,68755d0dc9327eb904ad16c8,Prompt 31,True,0.8300000000000001,190.05,44.0,1380000000.0,877000000.0,6669991936.0,0.55,1900-01-01 15:39:57,347,1
1498,68755d0dc9327eb904ad16c9,Prompt 31,True,0.8300000000000001,190.05,44.0,1380000000.0,877000000.0,6669991936.0,0.55,1900-01-01 15:39:57,348,2
1499,68755d0dc9327eb904ad16ca,Prompt 31,True,0.8300000000000001,190.05,44.0,1380000000.0,877000000.0,6669991936.0,0.55,1900-01-01 15:39:57,348,3
1500,68755d0dc9327eb904ad16cb,Prompt 31,True,0.8300000000000001,190.05,44.0,1380000000.0,877000000.0,6669991936.0,0.55,1900-01-01 15:39:57,348,4
1501,68755d0ec9327eb904ad16cc,Prompt 31,True,0.8300000000000001,190.05,44.0,1380000000.0,877000000.0,6669991936.0,0.55,1900-01-01 15:39:58,348,5
1502,68755d0ec9327eb904ad16cd,,True,,,,,,,,1900-01-01 15:39:58,,
1503,68755d0ec9327eb904ad16ce,Prompt 32,True,0.8300000000000001,190.05,44.0,1380000000.0,877000000.0,6669991936.0,0.55,1900-01-01 15:39:58,348,1
1504,68755d0ec9327eb904ad16cf,Prompt 32,True,0.8300000000000001,190.05,44.0,1380000000.0,877000000.0,6669991936.0,0.55,1900-01-01 15:39:58,349,2
1505,68755d0fc9327eb904ad16d0,Prompt 32,True,0.8300000000000001,190.05,44.0,1380000000.0,877000000.0,6669991936.0,0.55,1900-01-01 15:39:59,349,3
1506,68755d0fc9327eb904ad16d1,Prompt 32,True,0.8300000000000001,190.05,44.0,1380000000.0,877000000.0,6669991936.0,0.55,1900-01-01 15:39:59,349,4
1507,68755d0fc9327eb904ad16d2,,True,,,,,,,,1900-01-01 15:39:59,,
1508,68755d0fc9327eb904ad16d3,Prompt 33,True,0.8300000000000001,190.05,44.0,1380000000.0,877000000.0,6669991936.0,0.55,1900-01-01 15:39:59,350,1
1509,68755d10c9327eb904ad16d4,Prompt 33,True,0.8300000000000001,190.05,44.0,1380000000.0,877000000.0,6669991936.0,0.55,1900-01-01 15:40:00,350,2
1510,68755d10c9327eb904ad16d5,Prompt 33,True,0.8300000000000001,190.05,44.0,1380000000.0,877000000.0,6669991936.0,0.55,1900-01-01 15:40:00,351,3
1511,68755d10c9327eb904ad16d6,Prompt 33,True,0.8300000000000001,190.05,44.0,1380000000.0,877000000.0,6669991936.0,0.55,1900-01-01 15:40:00,351,4
1512,68755d11c9327eb904ad16d7,Prompt 33,True,0.8300000000000001,190.05,44.0,1380000000.0,877000000.0,6669991936.0,0.55,1900-01-01 15:40:01,351,5
1513,68755d11c9327eb904ad16d8,Prompt 33,True,0.8300000000000001,190.05,44.0,1380000000.0,877000000.0,6669991936.0,0.55,1900-01-01 15:40:01,351,6
1514,68755d11c9327eb904ad16d9,,True,,,,,,,,1900-01-01 15:40:01,,
1515,68755d11c9327eb904ad16da,Prompt 34,True,0.8300000000000001,190.05,44.0,1380000000.0,877000000.0,6669991936.0,0.55,1900-01-01 15:40:01,352,1
1516,68755d11c9327eb904ad16db,Prompt 34,True,0.8300000000000001,190.05,44.0,1380000000.0,877000000.0,6669991936.0,0.55,1900-01-01 15:40:01,352,2
1517,68755d12c9327eb904ad16dc,Prompt 34,True,0.8300000000000001,190.05,44.0,1380000000.0,877000000.0,6669991936.0,0.55,1900-01-01 15:40:02,352,3
1518,68755d12c9327eb904ad16dd,Prompt 34,True,0.8300000000000001,190.05,44.0,1380000000.0,877000000.0,6669991936.0,0.55,1900-01-01 15:40:02,353,4
1519,68755d12c9327eb904ad16de,Prompt 34,True,0.8300000000000001,190.05,44.0,1380000000.0,877000000.0,6669991936.0,0.55,1900-01-01 15:40:02,353,5
1520,68755d13c9327eb904ad16df,Prompt 34,True,0.8300000000000001,194.27,43.0,1380000000.0,877000000.0,6669991936.0,0.55,1900-01-01 15:40:03,353,6
1521,68755d13c9327eb904ad16e0,Prompt 34,True,0.79,194.27,43.0,1380000000.0,877000000.0,6669991936.0,0.55,1900-01-01 15:40:03,353,7
1522,68755d13c9327eb904ad16e1,Prompt 34,True,0.79,194.27,43.0,1380000000.0,877000000.0,6669991936.0,0.55,1900-01-01 15:40:03,354,8
1523,68755d13c9327eb904ad16e2,Prompt 34,True,0.79,194.27,43.0,1380000000.0,877000000.0,6669991936.0,0.55,1900-01-01 15:40:03,354,9
1524,68755d14c9327eb904ad16e3,Prompt 34,True,0.79,194.27,43.0,1380000000.0,877000000.0,6669991936.0,0.55,1900-01-01 15:40:04,354,10
1525,68755d14c9327eb904ad16e4,Prompt 34,True,0.79,194.27,43.0,1380000000.0,877000000.0,6669991936.0,0.55,1900-01-01 15:40:04,355,11
1526,68755d14c9327eb904ad16e5,Prompt 34,True,0.79,194.27,43.0,1380000000.0,877000000.0,6669991936.0,0.55,1900-01-01 15:40:04,355,12
1527,68755d15c9327eb904ad16e6,Prompt 34,True,0.79,194.27,43.0,1380000000.0,877000000.0,6669991936.0,0.55,1900-01-01 15:40:05,355,13
1528,68755d15c9327eb904ad16e7,,True,,,,,,,,1900-01-01 15:40:04,,
1529,68755d16c9327eb904ad16e8,Prompt 35,True,0.79,194.27,43.0,1380000000.0,877000000.0,6669991936.0,0.55,1900-01-01 15:40:06,357,1
1530,68755d16c9327eb904ad16e9,Prompt 35,True,0.79,194.27,43.0,1380000000.0,877000000.0,6669991936.0,0.55,1900-01-01 15:40:06,357,2
1531,68755d17c9327eb904ad16ea,Prompt 35,True,0.79,194.27,43.0,1380000000.0,877000000.0,6669991936.0,0.55,1900-01-01 15:40:07,357,3
1532,68755d17c9327eb904ad16eb,Prompt 35,True,0.79,194.27,43.0,1380000000.0,877000000.0,6669991936.0,0.55,1900-01-01 15:40:07,358,4
1533,68755d17c9327eb904ad16ec,Prompt 35,True,0.79,194.27,43.0,1380000000.0,877000000.0,6669991936.0,0.55,1900-01-01 15:40:07,358,5
1534,68755d17c9327eb904ad16ed,,True,,,,,,,,1900-01-01 15:40:07,,
1535,68755d18c9327eb904ad16ee,Prompt 36,True,0.79,194.27,43.0,1380000000.0,877000000.0,6669991936.0,0.55,1900-01-01 15:40:08,358,1
1536,68755d18c9327eb904ad16ef,Prompt 36,True,0.79,194.27,43.0,1380000000.0,877000000.0,6669991936.0,0.55,1900-01-01 15:40:08,358,2
1537,68755d18c9327eb904ad16f0,Prompt 36,True,0.79,194.27,43.0,1380000000.0,877000000.0,6669991936.0,0.55,1900-01-01 15:40:08,359,3
1538,68755d19c9327eb904ad16f1,Prompt 36,True,0.79,194.27,43.0,1380000000.0,877000000.0,6669991936.0,0.55,1900-01-01 15:40:09,359,4
1539,68755d19c9327eb904ad16f2,Prompt 36,True,0.79,194.27,43.0,1380000000.0,877000000.0,6669991936.0,0.55,1900-01-01 15:40:09,359,5
1540,68755d19c9327eb904ad16f3,Prompt 36,True,0.79,194.27,43.0,1380000000.0,877000000.0,6669991936.0,0.55,1900-01-01 15:40:09,360,6
1541,68755d19c9327eb904ad16f4,Prompt 36,True,0.79,194.27,43.0,1380000000.0,877000000.0,6669991936.0,0.55,1900-01-01 15:40:09,360,7
1542,68755d1ac9327eb904ad16f5,Prompt 36,True,0.79,194.27,43.0,1380000000.0,877000000.0,6669991936.0,0.55,1900-01-01 15:40:10,360,8
1543,68755d1ac9327eb904ad16f6,Prompt 36,True,0.79,194.27,43.0,1380000000.0,877000000.0,6669991936.0,0.55,1900-01-01 15:40:10,361,9
1544,68755d1ac9327eb904ad16f7,Prompt 36,True,0.79,194.27,43.0,1380000000.0,877000000.0,6669991936.0,0.55,1900-01-01 15:40:10,361,10
1545,68755d1bc9327eb904ad16f8,Prompt 36,True,0.79,194.27,43.0,1380000000.0,877000000.0,6669991936.0,0.55,1900-01-01 15:40:11,361,11
1546,68755d1bc9327eb904ad16f9,Prompt 36,True,0.79,194.27,43.0,1380000000.0,877000000.0,6669991936.0,0.55,1900-01-01 15:40:11,361,12
1547,68755d1bc9327eb904ad16fa,Prompt 36,True,0.79,194.27,43.0,1380000000.0,877000000.0,6669991936.0,0.55,1900-01-01 15:40:11,362,13
1548,68755d1cc9327eb904ad16fb,Prompt 36,True,0.79,194.27,43.0,1380000000.0,877000000.0,6669991936.0,0.55,1900-01-01 15:40:12,362,14
1549,68755d1cc9327eb904ad16fc,Prompt 36,True,0.79,194.27,43.0,1380000000.0,877000000.0,6669991936.0,0.55,1900-01-01 15:40:12,363,15
1550,68755d1cc9327eb904ad16fd,Prompt 36,True,0.79,194.27,43.0,1380000000.0,877000000.0,6669991936.0,0.55,1900-01-01 15:40:12,363,16
1551,68755d1dc9327eb904ad16fe,Prompt 36,True,0.79,194.27,43.0,1380000000.0,877000000.0,6669991936.0,0.55,1900-01-01 15:40:13,363,17
1552,68755d1dc9327eb904ad16ff,,True,,,,,,,,1900-01-01 15:40:12,,
1553,68755d1dc9327eb904ad1700,Prompt 37,True,0.79,194.27,43.0,1380000000.0,877000000.0,6669991936.0,0.55,1900-01-01 15:40:13,363,1
1554,68755d1dc9327eb904ad1701,Prompt 37,True,0.79,194.27,43.0,1380000000.0,877000000.0,6669991936.0,0.55,1900-01-01 15:40:13,364,2
1555,68755d1dc9327eb904ad1702,Prompt 37,True,0.79,194.27,43.0,1380000000.0,877000000.0,6669991936.0,0.55,1900-01-01 15:40:13,364,3
1556,68755d1ec9327eb904ad1703,Prompt 37,True,0.79,194.27,43.0,1380000000.0,877000000.0,6669991936.0,0.55,1900-01-01 15:40:14,364,4
1557,68755d1fc9327eb904ad1704,Prompt 37,True,0.79,194.27,43.0,1380000000.0,877000000.0,6669991936.0,0.55,1900-01-01 15:40:15,365,5
1558,68755d1fc9327eb904ad1705,Prompt 37,True,0.79,194.27,43.0,1380000000.0,877000000.0,6669991936.0,0.55,1900-01-01 15:40:15,366,6
1559,68755d1fc9327eb904ad1706,Prompt 37,True,0.79,194.27,43.0,1380000000.0,877000000.0,6669991936.0,0.55,1900-01-01 15:40:15,366,7
1560,68755d20c9327eb904ad1707,Prompt 37,True,0.79,194.27,43.0,1380000000.0,877000000.0,6669991936.0,0.55,1900-01-01 15:40:16,366,8
1561,68755d20c9327eb904ad1708,Prompt 37,True,0.79,194.27,43.0,1380000000.0,877000000.0,6669991936.0,0.55,1900-01-01 15:40:16,367,9
1562,68755d20c9327eb904ad1709,Prompt 37,True,0.79,194.27,43.0,1380000000.0,877000000.0,6669991936.0,0.55,1900-01-01 15:40:16,367,10
1563,68755d21c9327eb904ad170a,Prompt 37,True,0.79,194.27,43.0,1380000000.0,877000000.0,6669991936.0,0.55,1900-01-01 15:40:17,367,11
1564,68755d21c9327eb904ad170b,Prompt 37,True,0.79,194.27,43.0,1380000000.0,877000000.0,6669991936.0,0.55,1900-01-01 15:40:17,368,12
1565,68755d21c9327eb904ad170c,Prompt 37,True,0.79,194.27,43.0,1380000000.0,877000000.0,6669991936.0,0.55,1900-01-01 15:40:17,368,13
1566,68755d22c9327eb904ad170d,Prompt 37,True,0.8300000000000001,183.74,44.0,1380000000.0,877000000.0,6669991936.0,0.55,1900-01-01 15:40:18,368,14
1567,68755d22c9327eb904ad170e,Prompt 37,True,0.8300000000000001,183.74,44.0,1380000000.0,877000000.0,6669991936.0,0.55,1900-01-01 15:40:18,369,15
1568,68755d22c9327eb904ad170f,Prompt 37,True,0.8300000000000001,183.74,44.0,1380000000.0,877000000.0,6669991936.0,0.55,1900-01-01 15:40:18,369,16
1569,68755d22c9327eb904ad1710,,True,,,,,,,,1900-01-01 15:40:18,,
1570,68755d23c9327eb904ad1711,Prompt 38,True,0.8300000000000001,183.74,44.0,1380000000.0,877000000.0,6669991936.0,0.55,1900-01-01 15:40:19,369,1
1571,68755d23c9327eb904ad1712,Prompt 38,True,0.8300000000000001,183.74,44.0,1380000000.0,877000000.0,6669991936.0,0.55,1900-01-01 15:40:19,369,2
1572,68755d23c9327eb904ad1713,Prompt 38,True,0.8300000000000001,183.74,44.0,1380000000.0,877000000.0,6669991936.0,0.55,1900-01-01 15:40:19,370,3
1573,68755d23c9327eb904ad1714,Prompt 38,True,0.8300000000000001,183.74,44.0,1380000000.0,877000000.0,6669991936.0,0.55,1900-01-01 15:40:19,370,4
1574,68755d24c9327eb904ad1715,Prompt 38,True,0.8300000000000001,183.74,44.0,1380000000.0,877000000.0,6669991936.0,0.55,1900-01-01 15:40:20,370,5
1575,68755d24c9327eb904ad1716,Prompt 38,True,0.8300000000000001,183.74,44.0,1380000000.0,877000000.0,6669991936.0,0.55,1900-01-01 15:40:20,371,6
1576,68755d24c9327eb904ad1717,Prompt 38,True,0.8300000000000001,183.74,44.0,1380000000.0,877000000.0,6669991936.0,0.55,1900-01-01 15:40:20,371,7
1577,68755d25c9327eb904ad1718,Prompt 38,True,0.8300000000000001,183.74,44.0,1380000000.0,877000000.0,6669991936.0,0.55,1900-01-01 15:40:21,371,8
1578,68755d25c9327eb904ad1719,Prompt 38,True,0.8300000000000001,183.74,44.0,1380000000.0,877000000.0,6669991936.0,0.55,1900-01-01 15:40:21,372,9
1579,68755d25c9327eb904ad171a,Prompt 38,True,0.8300000000000001,183.74,44.0,1380000000.0,877000000.0,6669991936.0,0.55,1900-01-01 15:40:21,372,10
1580,68755d26c9327eb904ad171b,Prompt 38,True,0.8300000000000001,183.74,44.0,1380000000.0,877000000.0,6669991936.0,0.55,1900-01-01 15:40:22,372,11
1581,68755d26c9327eb904ad171c,Prompt 38,True,0.8300000000000001,183.74,44.0,1380000000.0,877000000.0,6669991936.0,0.55,1900-01-01 15:40:22,373,12
1582,68755d26c9327eb904ad171d,Prompt 38,True,0.8300000000000001,183.74,44.0,1380000000.0,877000000.0,6669991936.0,0.55,1900-01-01 15:40:22,373,13
1583,68755d27c9327eb904ad171e,Prompt 38,True,0.8300000000000001,183.74,44.0,1380000000.0,877000000.0,6669991936.0,0.55,1900-01-01 15:40:23,373,14
1584,68755d27c9327eb904ad171f,Prompt 38,True,0.8300000000000001,183.74,44.0,1380000000.0,877000000.0,6669991936.0,0.55,1900-01-01 15:40:23,373,15
1585,68755d27c9327eb904ad1720,Prompt 38,True,0.8300000000000001,183.74,44.0,1380000000.0,877000000.0,6669991936.0,0.55,1900-01-01 15:40:23,374,16
1586,68755d27c9327eb904ad1721,Prompt 38,True,0.8300000000000001,183.74,44.0,1380000000.0,877000000.0,6669991936.0,0.55,1900-01-01 15:40:23,374,17
1587,68755d28c9327eb904ad1722,Prompt 38,True,0.8300000000000001,183.74,44.0,1380000000.0,877000000.0,6669991936.0,0.55,1900-01-01 15:40:24,374,18
1588,68755d28c9327eb904ad1723,Prompt 38,True,0.8300000000000001,183.74,44.0,1380000000.0,877000000.0,6669991936.0,0.55,1900-01-01 15:40:24,375,19
1589,68755d28c9327eb904ad1724,Prompt 38,True,0.8300000000000001,183.74,44.0,1380000000.0,877000000.0,6669991936.0,0.55,1900-01-01 15:40:24,375,20
1590,68755d28c9327eb904ad1725,Prompt 38,True,0.8300000000000001,183.74,44.0,1380000000.0,877000000.0,6669991936.0,0.55,1900-01-01 15:40:24,375,21
1591,68755d29c9327eb904ad1726,Prompt 38,True,0.8300000000000001,183.74,44.0,1380000000.0,877000000.0,6669991936.0,0.55,1900-01-01 15:40:25,375,22
1592,68755d29c9327eb904ad1727,Prompt 38,True,0.8300000000000001,183.74,44.0,1380000000.0,877000000.0,6669991936.0,0.55,1900-01-01 15:40:25,375,23
1593,68755d29c9327eb904ad1728,Prompt 38,True,0.8300000000000001,183.74,44.0,1380000000.0,877000000.0,6669991936.0,0.55,1900-01-01 15:40:25,376,24
1594,68755d29c9327eb904ad1729,Prompt 38,True,0.8300000000000001,183.74,44.0,1380000000.0,877000000.0,6669991936.0,0.55,1900-01-01 15:40:25,376,25
1595,68755d2ac9327eb904ad172a,Prompt 38,True,0.8300000000000001,183.74,44.0,1380000000.0,877000000.0,6669991936.0,0.55,1900-01-01 15:40:26,376,26
1596,68755d2ac9327eb904ad172b,Prompt 38,True,0.8300000000000001,183.74,44.0,1380000000.0,877000000.0,6669991936.0,0.55,1900-01-01 15:40:26,376,27
1597,68755d2ac9327eb904ad172c,Prompt 38,True,0.8300000000000001,183.74,44.0,1380000000.0,877000000.0,6669991936.0,0.55,1900-01-01 15:40:26,377,28
1598,68755d2ac9327eb904ad172d,Prompt 38,True,0.8300000000000001,183.74,44.0,1380000000.0,877000000.0,6669991936.0,0.55,1900-01-01 15:40:26,377,29
1599,68755d2bc9327eb904ad172e,Prompt 38,True,0.8300000000000001,183.74,44.0,1380000000.0,877000000.0,6669991936.0,0.55,1900-01-01 15:40:27,377,30
1600,68755d2bc9327eb904ad172f,Prompt 38,True,0.8300000000000001,183.74,44.0,1380000000.0,877000000.0,6669991936.0,0.55,1900-01-01 15:40:27,377,31
1601,68755d2bc9327eb904ad1730,Prompt 38,True,0.8300000000000001,183.74,44.0,1380000000.0,877000000.0,6669991936.0,0.55,1900-01-01 15:40:27,378,32
1602,68755d2bc9327eb904ad1731,Prompt 38,True,0.8300000000000001,183.74,44.0,1380000000.0,877000000.0,6669991936.0,0.55,1900-01-01 15:40:27,378,33
1603,68755d2bc9327eb904ad1732,Prompt 38,True,0.8300000000000001,183.74,44.0,1380000000.0,877000000.0,6669991936.0,0.55,1900-01-01 15:40:27,378,34
1604,68755d2cc9327eb904ad1733,Prompt 38,True,0.8300000000000001,183.74,44.0,1380000000.0,877000000.0,6669991936.0,0.55,1900-01-01 15:40:28,378,35
1605,68755d2cc9327eb904ad1734,,True,,,,,,,,1900-01-01 15:40:28,,
1606,68755d2cc9327eb904ad1735,Prompt 39,True,0.8300000000000001,183.74,44.0,1380000000.0,877000000.0,6669991936.0,0.55,1900-01-01 15:40:28,379,1
1607,68755d2cc9327eb904ad1736,Prompt 39,True,0.8300000000000001,183.74,44.0,1380000000.0,877000000.0,6669991936.0,0.55,1900-01-01 15:40:28,379,2
1608,68755d2cc9327eb904ad1737,Prompt 39,True,0.8300000000000001,183.74,44.0,1380000000.0,877000000.0,6669991936.0,0.55,1900-01-01 15:40:28,379,3
1609,68755d2dc9327eb904ad1738,Prompt 39,True,0.8300000000000001,183.74,44.0,1380000000.0,877000000.0,6669991936.0,0.55,1900-01-01 15:40:29,379,4
1610,68755d2dc9327eb904ad1739,Prompt 39,True,0.8300000000000001,183.74,44.0,1380000000.0,877000000.0,6669991936.0,0.55,1900-01-01 15:40:29,379,5
1611,68755d2dc9327eb904ad173a,Prompt 39,True,0.8300000000000001,183.74,44.0,1380000000.0,877000000.0,6669991936.0,0.55,1900-01-01 15:40:29,380,6
1612,68755d2dc9327eb904ad173b,Prompt 39,True,0.8300000000000001,183.74,44.0,1380000000.0,877000000.0,6669991936.0,0.55,1900-01-01 15:40:29,380,7
1613,68755d2ec9327eb904ad173c,Prompt 39,True,0.8300000000000001,183.74,44.0,1380000000.0,877000000.0,6669991936.0,0.55,1900-01-01 15:40:30,380,8
1614,68755d2ec9327eb904ad173d,Prompt 39,True,0.8300000000000001,183.74,44.0,1380000000.0,877000000.0,6669991936.0,0.55,1900-01-01 15:40:30,380,9
1615,68755d2ec9327eb904ad173e,Prompt 39,True,0.8300000000000001,183.74,44.0,1380000000.0,877000000.0,6669991936.0,0.55,1900-01-01 15:40:30,381,10
1616,68755d2ec9327eb904ad173f,Prompt 39,True,0.8300000000000001,183.74,44.0,1380000000.0,877000000.0,6669991936.0,0.55,1900-01-01 15:40:30,381,11
1617,68755d2fc9327eb904ad1740,Prompt 39,True,0.8300000000000001,183.74,44.0,1380000000.0,877000000.0,6669991936.0,0.55,1900-01-01 15:40:31,381,12
1618,68755d2fc9327eb904ad1741,Prompt 39,True,0.8300000000000001,183.74,44.0,1380000000.0,877000000.0,6669991936.0,0.55,1900-01-01 15:40:31,381,13
1619,68755d2fc9327eb904ad1742,Prompt 39,True,0.8300000000000001,183.74,44.0,1380000000.0,877000000.0,6669991936.0,0.55,1900-01-01 15:40:31,382,14
1620,68755d2fc9327eb904ad1743,Prompt 39,True,0.8300000000000001,183.74,44.0,1380000000.0,877000000.0,6669991936.0,0.55,1900-01-01 15:40:31,382,15
1621,68755d30c9327eb904ad1744,Prompt 39,True,0.8300000000000001,183.74,44.0,1380000000.0,877000000.0,6669991936.0,0.55,1900-01-01 15:40:32,382,16
1622,68755d30c9327eb904ad1745,Prompt 39,True,0.8300000000000001,183.74,44.0,1380000000.0,877000000.0,6669991936.0,0.55,1900-01-01 15:40:32,382,17
1623,68755d30c9327eb904ad1746,Prompt 39,True,0.8300000000000001,183.74,44.0,1380000000.0,877000000.0,6669991936.0,0.55,1900-01-01 15:40:32,383,18
1624,68755d30c9327eb904ad1747,Prompt 39,True,0.8300000000000001,183.74,44.0,1380000000.0,877000000.0,6669991936.0,0.55,1900-01-01 15:40:32,383,19
1625,68755d30c9327eb904ad1748,Prompt 39,True,0.8300000000000001,189.79,44.0,1380000000.0,877000000.0,6669991936.0,0.53,1900-01-01 15:40:32,383,20
1626,68755d31c9327eb904ad1749,Prompt 39,True,0.8,189.79,44.0,1380000000.0,877000000.0,6669991936.0,0.53,1900-01-01 15:40:33,383,21
1627,68755d31c9327eb904ad174a,Prompt 39,True,0.8,189.79,44.0,1380000000.0,877000000.0,6669991936.0,0.53,1900-01-01 15:40:33,384,22
1628,68755d31c9327eb904ad174b,Prompt 39,True,0.8,189.79,44.0,1380000000.0,877000000.0,6669991936.0,0.53,1900-01-01 15:40:33,384,23
1629,68755d31c9327eb904ad174c,Prompt 39,True,0.8,189.79,44.0,1380000000.0,877000000.0,6669991936.0,0.53,1900-01-01 15:40:33,384,24
1630,68755d32c9327eb904ad174d,Prompt 39,True,0.8,189.79,44.0,1380000000.0,877000000.0,6669991936.0,0.53,1900-01-01 15:40:34,384,25
1631,68755d32c9327eb904ad174e,Prompt 39,True,0.8,189.79,44.0,1380000000.0,877000000.0,6669991936.0,0.53,1900-01-01 15:40:34,384,26
1632,68755d32c9327eb904ad174f,Prompt 39,True,0.8,189.79,44.0,1380000000.0,877000000.0,6669991936.0,0.53,1900-01-01 15:40:34,385,27
1633,68755d32c9327eb904ad1750,Prompt 39,True,0.8,189.79,44.0,1380000000.0,877000000.0,6669991936.0,0.53,1900-01-01 15:40:34,385,28
1634,68755d33c9327eb904ad1751,Prompt 39,True,0.8,189.79,44.0,1380000000.0,877000000.0,6669991936.0,0.53,1900-01-01 15:40:35,385,29
1635,68755d33c9327eb904ad1752,Prompt 39,True,0.8,189.79,44.0,1380000000.0,877000000.0,6669991936.0,0.53,1900-01-01 15:40:35,385,30
1636,68755d33c9327eb904ad1753,Prompt 39,True,0.8,189.79,44.0,1380000000.0,877000000.0,6669991936.0,0.53,1900-01-01 15:40:35,386,31
1637,68755d33c9327eb904ad1754,Prompt 39,True,0.8,189.79,44.0,1380000000.0,877000000.0,6669991936.0,0.53,1900-01-01 15:40:35,386,32
1638,68755d33c9327eb904ad1755,Prompt 39,True,0.8,189.79,44.0,1380000000.0,877000000.0,6669991936.0,0.53,1900-01-01 15:40:35,386,33
1639,68755d34c9327eb904ad1756,Prompt 39,True,0.8,189.79,44.0,1380000000.0,877000000.0,6669991936.0,0.53,1900-01-01 15:40:36,386,34
1640,68755d34c9327eb904ad1757,Prompt 39,True,0.8,189.79,44.0,1380000000.0,877000000.0,6669991936.0,0.53,1900-01-01 15:40:36,386,35
1641,68755d34c9327eb904ad1758,Prompt 39,True,0.8,189.79,44.0,1380000000.0,877000000.0,6669991936.0,0.53,1900-01-01 15:40:36,387,36
1642,68755d34c9327eb904ad1759,Prompt 39,True,0.8,189.79,44.0,1380000000.0,877000000.0,6669991936.0,0.53,1900-01-01 15:40:36,387,37
1643,68755d35c9327eb904ad175a,Prompt 39,True,0.8,189.79,44.0,1380000000.0,877000000.0,6669991936.0,0.53,1900-01-01 15:40:37,387,38
1644,68755d35c9327eb904ad175b,Prompt 39,True,0.8,189.79,44.0,1380000000.0,877000000.0,6669991936.0,0.53,1900-01-01 15:40:37,387,39
1645,68755d35c9327eb904ad175c,Prompt 39,True,0.8,189.79,44.0,1380000000.0,877000000.0,6669991936.0,0.53,1900-01-01 15:40:37,388,40
1646,68755d35c9327eb904ad175d,Prompt 39,True,0.8,189.79,44.0,1380000000.0,877000000.0,6669991936.0,0.53,1900-01-01 15:40:37,388,41
1647,68755d35c9327eb904ad175e,Prompt 39,True,0.8,189.79,44.0,1380000000.0,877000000.0,6669991936.0,0.53,1900-01-01 15:40:37,388,42
1648,68755d36c9327eb904ad175f,Prompt 39,True,0.8,189.79,44.0,1380000000.0,877000000.0,6669991936.0,0.53,1900-01-01 15:40:38,388,43
1649,68755d36c9327eb904ad1760,,True,,,,,,,,1900-01-01 15:40:38,,
1650,68755d36c9327eb904ad1761,Prompt 40,True,0.8,189.79,44.0,1380000000.0,877000000.0,6669991936.0,0.53,1900-01-01 15:40:38,389,1
1651,68755d36c9327eb904ad1762,Prompt 40,True,0.8,189.79,44.0,1380000000.0,877000000.0,6669991936.0,0.53,1900-01-01 15:40:38,389,2
1652,68755d37c9327eb904ad1763,Prompt 40,True,0.8,189.79,44.0,1380000000.0,877000000.0,6669991936.0,0.53,1900-01-01 15:40:39,389,3
1653,68755d37c9327eb904ad1764,Prompt 40,True,0.8,189.79,44.0,1380000000.0,877000000.0,6669991936.0,0.53,1900-01-01 15:40:39,389,4
1654,68755d37c9327eb904ad1765,Prompt 40,True,0.8,189.79,44.0,1380000000.0,877000000.0,6669991936.0,0.53,1900-01-01 15:40:39,390,5
1655,68755d37c9327eb904ad1766,,True,,,,,,,,1900-01-01 15:40:39,,
1656,68755d37c9327eb904ad1767,Prompt 41,True,0.8,189.79,44.0,1380000000.0,877000000.0,6669991936.0,0.53,1900-01-01 15:40:39,390,1
1657,68755d38c9327eb904ad1768,Prompt 41,True,0.8,189.79,44.0,1380000000.0,877000000.0,6669991936.0,0.53,1900-01-01 15:40:40,390,2
1658,68755d38c9327eb904ad1769,Prompt 41,True,0.8,189.79,44.0,1380000000.0,877000000.0,6669991936.0,0.53,1900-01-01 15:40:40,390,3
1659,68755d38c9327eb904ad176a,Prompt 41,True,0.8,189.79,44.0,1380000000.0,877000000.0,6669991936.0,0.53,1900-01-01 15:40:40,391,4
1660,68755d38c9327eb904ad176b,Prompt 41,True,0.8,189.79,44.0,1380000000.0,877000000.0,6669991936.0,0.53,1900-01-01 15:40:40,391,5
1661,68755d39c9327eb904ad176c,Prompt 41,True,0.8,189.79,44.0,1380000000.0,877000000.0,6669991936.0,0.53,1900-01-01 15:40:41,391,6
1662,68755d39c9327eb904ad176d,Prompt 41,True,0.8,189.79,44.0,1380000000.0,877000000.0,6669991936.0,0.53,1900-01-01 15:40:41,391,7
1663,68755d39c9327eb904ad176e,Prompt 41,True,0.8,189.79,44.0,1380000000.0,877000000.0,6669991936.0,0.53,1900-01-01 15:40:41,392,8
1664,68755d39c9327eb904ad176f,,True,,,,,,,,1900-01-01 15:40:41,,
1665,68755d39c9327eb904ad1770,Prompt 42,True,0.8,189.79,44.0,1380000000.0,877000000.0,6669991936.0,0.53,1900-01-01 15:40:41,392,1
1666,68755d3ac9327eb904ad1771,Prompt 42,True,0.8,189.79,44.0,1380000000.0,877000000.0,6669991936.0,0.53,1900-01-01 15:40:42,392,2
1667,68755d3ac9327eb904ad1772,Prompt 42,True,0.8,189.79,44.0,1380000000.0,877000000.0,6669991936.0,0.53,1900-01-01 15:40:42,392,3
1668,68755d3ac9327eb904ad1773,Prompt 42,True,0.8,189.79,44.0,1380000000.0,877000000.0,6669991936.0,0.53,1900-01-01 15:40:42,393,4
1669,68755d3ac9327eb904ad1774,Prompt 42,True,0.8,189.79,44.0,1380000000.0,877000000.0,6669991936.0,0.53,1900-01-01 15:40:42,393,5
1670,68755d3bc9327eb904ad1775,Prompt 42,True,0.8,189.79,44.0,1380000000.0,877000000.0,6669991936.0,0.53,1900-01-01 15:40:43,393,6
1671,68755d3bc9327eb904ad1776,Prompt 42,True,0.8,189.79,44.0,1380000000.0,877000000.0,6669991936.0,0.53,1900-01-01 15:40:43,393,7
1672,68755d3bc9327eb904ad1777,Prompt 42,True,0.8,189.79,44.0,1380000000.0,877000000.0,6669991936.0,0.53,1900-01-01 15:40:43,394,8
1673,68755d3bc9327eb904ad1778,Prompt 42,True,0.8,189.79,44.0,1380000000.0,877000000.0,6669991936.0,0.53,1900-01-01 15:40:43,394,9
1674,68755d3bc9327eb904ad1779,Prompt 42,True,0.8,189.79,44.0,1380000000.0,877000000.0,6669991936.0,0.53,1900-01-01 15:40:43,394,10
1675,68755d3cc9327eb904ad177a,Prompt 42,True,0.8,189.79,44.0,1380000000.0,877000000.0,6669991936.0,0.53,1900-01-01 15:40:44,394,11
1676,68755d3cc9327eb904ad177b,Prompt 42,True,0.8,189.79,44.0,1380000000.0,877000000.0,6669991936.0,0.53,1900-01-01 15:40:44,394,12
1677,68755d3cc9327eb904ad177c,Prompt 42,True,0.8,189.79,44.0,1380000000.0,877000000.0,6669991936.0,0.53,1900-01-01 15:40:44,395,13
1678,68755d3cc9327eb904ad177d,Prompt 42,True,0.8,189.79,44.0,1380000000.0,877000000.0,6669991936.0,0.53,1900-01-01 15:40:44,395,14
1679,68755d3dc9327eb904ad177e,Prompt 42,True,0.8,189.79,44.0,1380000000.0,877000000.0,6669991936.0,0.53,1900-01-01 15:40:45,395,15
1680,68755d3dc9327eb904ad177f,Prompt 42,True,0.8,189.79,44.0,1380000000.0,877000000.0,6669991936.0,0.53,1900-01-01 15:40:45,395,16
1681,68755d3dc9327eb904ad1780,,True,,,,,,,,1900-01-01 15:40:45,,
1682,68755d3dc9327eb904ad1781,Prompt 43,True,0.8,189.79,44.0,1380000000.0,877000000.0,6669991936.0,0.53,1900-01-01 15:40:45,396,1
1683,68755d3dc9327eb904ad1782,Prompt 43,True,0.8,189.79,44.0,1380000000.0,877000000.0,6669991936.0,0.53,1900-01-01 15:40:45,396,2
1684,68755d3ec9327eb904ad1783,Prompt 43,True,0.8,189.79,44.0,1380000000.0,877000000.0,6669991936.0,0.53,1900-01-01 15:40:46,396,3
1685,68755d3ec9327eb904ad1784,Prompt 43,True,0.8,189.79,44.0,1380000000.0,877000000.0,6669991936.0,0.53,1900-01-01 15:40:46,396,4
1686,68755d3ec9327eb904ad1785,Prompt 43,True,0.8,189.79,44.0,1380000000.0,877000000.0,6669991936.0,0.53,1900-01-01 15:40:46,397,5
1687,68755d3ec9327eb904ad1786,Prompt 43,True,0.8,189.79,44.0,1380000000.0,877000000.0,6669991936.0,0.53,1900-01-01 15:40:46,397,6
1688,68755d3fc9327eb904ad1787,Prompt 43,True,0.8,189.79,44.0,1380000000.0,877000000.0,6669991936.0,0.53,1900-01-01 15:40:47,397,7
1689,68755d3fc9327eb904ad1788,Prompt 43,True,0.8,189.79,44.0,1380000000.0,877000000.0,6669991936.0,0.53,1900-01-01 15:40:47,398,8
1690,68755d3fc9327eb904ad1789,Prompt 43,True,0.8,189.79,44.0,1380000000.0,877000000.0,6669991936.0,0.53,1900-01-01 15:40:47,398,9
1691,68755d3fc9327eb904ad178a,Prompt 43,True,0.8,189.79,44.0,1380000000.0,877000000.0,6669991936.0,0.55,1900-01-01 15:40:47,398,10
1692,68755d40c9327eb904ad178b,Prompt 43,True,0.79,185.94,44.0,1380000000.0,877000000.0,6669991936.0,0.55,1900-01-01 15:40:48,398,11
1693,68755d40c9327eb904ad178c,Prompt 43,True,0.79,185.94,44.0,1380000000.0,877000000.0,6669991936.0,0.55,1900-01-01 15:40:48,398,12
1694,68755d40c9327eb904ad178d,Prompt 43,True,0.79,185.94,44.0,1380000000.0,877000000.0,6669991936.0,0.55,1900-01-01 15:40:48,399,13
1695,68755d40c9327eb904ad178e,Prompt 43,True,0.79,185.94,44.0,1380000000.0,877000000.0,6669991936.0,0.55,1900-01-01 15:40:48,399,14
1696,68755d40c9327eb904ad178f,Prompt 43,True,0.79,185.94,44.0,1380000000.0,877000000.0,6669991936.0,0.55,1900-01-01 15:40:48,399,15
1697,68755d41c9327eb904ad1790,Prompt 43,True,0.79,185.94,44.0,1380000000.0,877000000.0,6669991936.0,0.55,1900-01-01 15:40:49,399,16
1698,68755d41c9327eb904ad1791,Prompt 43,True,0.79,185.94,44.0,1380000000.0,877000000.0,6669991936.0,0.55,1900-01-01 15:40:49,399,17
1699,68755d41c9327eb904ad1792,Prompt 43,True,0.79,185.94,44.0,1380000000.0,877000000.0,6669991936.0,0.55,1900-01-01 15:40:49,400,18
1700,68755d41c9327eb904ad1793,Prompt 43,True,0.79,185.94,44.0,1380000000.0,877000000.0,6669991936.0,0.55,1900-01-01 15:40:49,400,19
1701,68755d41c9327eb904ad1794,,True,,,,,,,,1900-01-01 15:40:49,,
1702,68755d42c9327eb904ad1795,Prompt 44,True,0.79,185.94,44.0,1380000000.0,877000000.0,6669991936.0,0.55,1900-01-01 15:40:50,400,1
1703,68755d42c9327eb904ad1796,Prompt 44,True,0.79,185.94,44.0,1380000000.0,877000000.0,6669991936.0,0.55,1900-01-01 15:40:50,400,2
1704,68755d42c9327eb904ad1797,Prompt 44,True,0.79,185.94,44.0,1380000000.0,877000000.0,6669991936.0,0.55,1900-01-01 15:40:50,401,3
1705,68755d42c9327eb904ad1798,Prompt 44,True,0.79,185.94,44.0,1380000000.0,877000000.0,6669991936.0,0.55,1900-01-01 15:40:50,401,4
1706,68755d43c9327eb904ad1799,Prompt 44,True,0.79,185.94,44.0,1380000000.0,877000000.0,6669991936.0,0.55,1900-01-01 15:40:51,401,5
1707,68755d43c9327eb904ad179a,Prompt 44,True,0.79,185.94,44.0,1380000000.0,877000000.0,6669991936.0,0.55,1900-01-01 15:40:51,401,6
1708,68755d43c9327eb904ad179b,Prompt 44,True,0.79,185.94,44.0,1380000000.0,877000000.0,6669991936.0,0.55,1900-01-01 15:40:51,402,7
1709,68755d43c9327eb904ad179c,Prompt 44,True,0.79,185.94,44.0,1380000000.0,877000000.0,6669991936.0,0.55,1900-01-01 15:40:51,402,8
1710,68755d44c9327eb904ad179d,Prompt 44,True,0.79,185.94,44.0,1380000000.0,877000000.0,6669991936.0,0.55,1900-01-01 15:40:52,402,9
1711,68755d44c9327eb904ad179e,Prompt 44,True,0.79,185.94,44.0,1380000000.0,877000000.0,6669991936.0,0.55,1900-01-01 15:40:52,403,10
1712,68755d44c9327eb904ad179f,Prompt 44,True,0.79,185.94,44.0,1380000000.0,877000000.0,6669991936.0,0.55,1900-01-01 15:40:52,403,11
1713,68755d45c9327eb904ad17a0,Prompt 44,True,0.79,185.94,44.0,1380000000.0,877000000.0,6669991936.0,0.55,1900-01-01 15:40:53,403,12
1714,68755d45c9327eb904ad17a1,Prompt 44,True,0.79,185.94,44.0,1380000000.0,877000000.0,6669991936.0,0.55,1900-01-01 15:40:53,403,13
1715,68755d45c9327eb904ad17a2,Prompt 44,True,0.79,185.94,44.0,1380000000.0,877000000.0,6669991936.0,0.55,1900-01-01 15:40:53,404,14
1716,68755d45c9327eb904ad17a3,Prompt 44,True,0.79,185.94,44.0,1380000000.0,877000000.0,6669991936.0,0.55,1900-01-01 15:40:53,404,15
1717,68755d46c9327eb904ad17a4,Prompt 44,True,0.79,185.94,44.0,1380000000.0,877000000.0,6669991936.0,0.55,1900-01-01 15:40:54,404,16
1718,68755d46c9327eb904ad17a5,Prompt 44,True,0.79,185.94,44.0,1380000000.0,877000000.0,6669991936.0,0.55,1900-01-01 15:40:54,404,17
1719,68755d46c9327eb904ad17a6,Prompt 44,True,0.79,185.94,44.0,1380000000.0,877000000.0,6669991936.0,0.55,1900-01-01 15:40:54,405,18
1720,68755d46c9327eb904ad17a7,Prompt 44,True,0.79,185.94,44.0,1380000000.0,877000000.0,6669991936.0,0.55,1900-01-01 15:40:54,405,19
1721,68755d47c9327eb904ad17a8,Prompt 44,True,0.79,185.94,44.0,1380000000.0,877000000.0,6669991936.0,0.55,1900-01-01 15:40:54,405,20
1722,68755d47c9327eb904ad17a9,Prompt 44,True,0.79,185.94,44.0,1380000000.0,877000000.0,6669991936.0,0.55,1900-01-01 15:40:55,405,21
1723,68755d47c9327eb904ad17aa,Prompt 44,True,0.79,185.94,44.0,1380000000.0,877000000.0,6669991936.0,0.55,1900-01-01 15:40:55,406,22
1724,68755d47c9327eb904ad17ab,Prompt 44,True,0.79,185.94,44.0,1380000000.0,877000000.0,6669991936.0,0.55,1900-01-01 15:40:55,406,23
1725,68755d48c9327eb904ad17ac,Prompt 44,True,0.79,185.94,44.0,1380000000.0,877000000.0,6669991936.0,0.55,1900-01-01 15:40:56,406,24
1726,68755d48c9327eb904ad17ad,Prompt 44,True,0.79,185.94,44.0,1380000000.0,877000000.0,6669991936.0,0.55,1900-01-01 15:40:56,406,25
1727,68755d48c9327eb904ad17ae,Prompt 44,True,0.79,185.94,44.0,1380000000.0,877000000.0,6669991936.0,0.55,1900-01-01 15:40:56,407,26
1728,68755d48c9327eb904ad17af,Prompt 44,True,0.79,185.94,44.0,1380000000.0,877000000.0,6669991936.0,0.55,1900-01-01 15:40:56,407,27
1729,68755d49c9327eb904ad17b0,Prompt 44,True,0.79,185.94,44.0,1380000000.0,877000000.0,6669991936.0,0.55,1900-01-01 15:40:57,407,28
1730,68755d49c9327eb904ad17b1,Prompt 44,True,0.79,185.94,44.0,1380000000.0,877000000.0,6669991936.0,0.55,1900-01-01 15:40:57,407,29
1731,68755d49c9327eb904ad17b2,Prompt 44,True,0.79,185.94,44.0,1380000000.0,877000000.0,6669991936.0,0.55,1900-01-01 15:40:57,408,30
1732,68755d49c9327eb904ad17b3,Prompt 44,True,0.79,185.94,44.0,1380000000.0,877000000.0,6669991936.0,0.55,1900-01-01 15:40:57,408,31
1733,68755d49c9327eb904ad17b4,Prompt 44,True,0.79,185.94,44.0,1380000000.0,877000000.0,6669991936.0,0.55,1900-01-01 15:40:57,408,32
1734,68755d4ac9327eb904ad17b5,Prompt 44,True,0.79,185.94,44.0,1380000000.0,877000000.0,6669991936.0,0.55,1900-01-01 15:40:58,408,33
1735,68755d4ac9327eb904ad17b6,Prompt 44,True,0.79,185.94,44.0,1380000000.0,877000000.0,6669991936.0,0.55,1900-01-01 15:40:58,409,34
1736,68755d4ac9327eb904ad17b7,Prompt 44,True,0.79,185.94,44.0,1380000000.0,877000000.0,6669991936.0,0.55,1900-01-01 15:40:58,409,35
1737,68755d4ac9327eb904ad17b8,Prompt 44,True,0.79,185.94,44.0,1380000000.0,877000000.0,6669991936.0,0.55,1900-01-01 15:40:58,409,36
1738,68755d4bc9327eb904ad17b9,Prompt 44,True,0.79,185.94,44.0,1380000000.0,877000000.0,6669991936.0,0.55,1900-01-01 15:40:59,409,37
1739,68755d4bc9327eb904ad17ba,Prompt 44,True,0.79,185.94,44.0,1380000000.0,877000000.0,6669991936.0,0.55,1900-01-01 15:40:59,410,38
1740,68755d4bc9327eb904ad17bb,Prompt 44,True,0.79,185.94,44.0,1380000000.0,877000000.0,6669991936.0,0.55,1900-01-01 15:40:59,410,39
1741,68755d4bc9327eb904ad17bc,Prompt 44,True,0.79,185.94,44.0,1380000000.0,877000000.0,6669991936.0,0.55,1900-01-01 15:40:59,410,40
1742,68755d4cc9327eb904ad17bd,Prompt 44,True,0.79,185.94,44.0,1380000000.0,877000000.0,6669991936.0,0.55,1900-01-01 15:41:00,410,41
1743,68755d4cc9327eb904ad17be,,True,,,,,,,,1900-01-01 15:41:00,,
1744,68755d4cc9327eb904ad17bf,Prompt 45,True,0.79,185.94,44.0,1380000000.0,877000000.0,6669991936.0,0.55,1900-01-01 15:41:00,410,1
1745,68755d4cc9327eb904ad17c0,Prompt 45,True,0.79,185.94,44.0,1380000000.0,877000000.0,6669991936.0,0.55,1900-01-01 15:41:00,411,2
1746,68755d4cc9327eb904ad17c1,Prompt 45,True,0.79,185.94,44.0,1380000000.0,877000000.0,6669991936.0,0.55,1900-01-01 15:41:00,411,3
1747,68755d4dc9327eb904ad17c2,Prompt 45,True,0.79,185.94,44.0,1380000000.0,877000000.0,6669991936.0,0.55,1900-01-01 15:41:01,411,4
1748,68755d4dc9327eb904ad17c3,Prompt 45,True,0.79,185.94,44.0,1380000000.0,877000000.0,6669991936.0,0.55,1900-01-01 15:41:01,411,5
1749,68755d4dc9327eb904ad17c4,Prompt 45,True,0.79,185.94,44.0,1380000000.0,877000000.0,6669991936.0,0.55,1900-01-01 15:41:01,412,6
1750,68755d4dc9327eb904ad17c5,Prompt 45,True,0.79,185.94,44.0,1380000000.0,877000000.0,6669991936.0,0.55,1900-01-01 15:41:01,412,7
1751,68755d4ec9327eb904ad17c6,Prompt 45,True,0.79,185.94,44.0,1380000000.0,877000000.0,6669991936.0,0.55,1900-01-01 15:41:02,412,8
1752,68755d4ec9327eb904ad17c7,Prompt 45,True,0.79,185.94,44.0,1380000000.0,877000000.0,6669991936.0,0.55,1900-01-01 15:41:02,412,9
1753,68755d4ec9327eb904ad17c8,Prompt 45,True,0.79,185.94,44.0,1380000000.0,877000000.0,6669991936.0,0.55,1900-01-01 15:41:02,413,10
1754,68755d4ec9327eb904ad17c9,Prompt 45,True,0.79,185.94,44.0,1380000000.0,877000000.0,6669991936.0,0.55,1900-01-01 15:41:02,413,11
1755,68755d4ec9327eb904ad17ca,Prompt 45,True,0.79,177.97,44.0,1380000000.0,877000000.0,6669991936.0,0.5700000000000001,1900-01-01 15:41:02,413,12
1756,68755d4fc9327eb904ad17cb,Prompt 45,True,0.8200000000000001,177.97,44.0,1380000000.0,877000000.0,6669991936.0,0.5700000000000001,1900-01-01 15:41:03,413,13
1757,68755d4fc9327eb904ad17cc,Prompt 45,True,0.8200000000000001,177.97,44.0,1380000000.0,877000000.0,6669991936.0,0.5700000000000001,1900-01-01 15:41:03,413,14
1758,68755d4fc9327eb904ad17cd,Prompt 45,True,0.8200000000000001,177.97,44.0,1380000000.0,877000000.0,6669991936.0,0.5700000000000001,1900-01-01 15:41:03,414,15
1759,68755d4fc9327eb904ad17ce,Prompt 45,True,0.8200000000000001,177.97,44.0,1380000000.0,877000000.0,6669991936.0,0.5700000000000001,1900-01-01 15:41:03,414,16
1760,68755d50c9327eb904ad17cf,Prompt 45,True,0.8200000000000001,177.97,44.0,1380000000.0,877000000.0,6669991936.0,0.5700000000000001,1900-01-01 15:41:04,414,17
1761,68755d50c9327eb904ad17d0,Prompt 45,True,0.8200000000000001,177.97,44.0,1380000000.0,877000000.0,6669991936.0,0.5700000000000001,1900-01-01 15:41:04,414,18
1762,68755d50c9327eb904ad17d1,Prompt 45,True,0.8200000000000001,177.97,44.0,1380000000.0,877000000.0,6669991936.0,0.5700000000000001,1900-01-01 15:41:04,415,19
1763,68755d50c9327eb904ad17d2,,True,,,,,,,,1900-01-01 15:41:04,,
1764,68755d50c9327eb904ad17d3,Prompt 46,True,0.8200000000000001,177.97,44.0,1380000000.0,877000000.0,6669991936.0,0.5700000000000001,1900-01-01 15:41:04,415,1
1765,68755d50c9327eb904ad17d4,Prompt 46,True,0.8200000000000001,177.97,44.0,1380000000.0,877000000.0,6669991936.0,0.5700000000000001,1900-01-01 15:41:04,415,2
1766,68755d51c9327eb904ad17d5,Prompt 46,True,0.8200000000000001,177.97,44.0,1380000000.0,877000000.0,6669991936.0,0.5700000000000001,1900-01-01 15:41:05,415,3
1767,68755d51c9327eb904ad17d6,Prompt 46,True,0.8200000000000001,177.97,44.0,1380000000.0,877000000.0,6669991936.0,0.5700000000000001,1900-01-01 15:41:05,415,4
1768,68755d51c9327eb904ad17d7,Prompt 46,True,0.8200000000000001,177.97,44.0,1380000000.0,877000000.0,6669991936.0,0.5700000000000001,1900-01-01 15:41:05,416,5
1769,68755d51c9327eb904ad17d8,Prompt 46,True,0.8200000000000001,177.97,44.0,1380000000.0,877000000.0,6669991936.0,0.5700000000000001,1900-01-01 15:41:05,416,6
1770,68755d51c9327eb904ad17d9,Prompt 46,True,0.8200000000000001,177.97,44.0,1380000000.0,877000000.0,6669991936.0,0.5700000000000001,1900-01-01 15:41:05,416,7
1771,68755d52c9327eb904ad17da,Prompt 46,True,0.8200000000000001,177.97,44.0,1380000000.0,877000000.0,6669991936.0,0.5700000000000001,1900-01-01 15:41:06,416,8
1772,68755d52c9327eb904ad17db,Prompt 46,True,0.8200000000000001,177.97,44.0,1380000000.0,877000000.0,6669991936.0,0.5700000000000001,1900-01-01 15:41:06,416,9
1773,68755d52c9327eb904ad17dc,Prompt 46,True,0.8200000000000001,177.97,44.0,1380000000.0,877000000.0,6669991936.0,0.5700000000000001,1900-01-01 15:41:06,417,10
1774,68755d52c9327eb904ad17dd,Prompt 46,True,0.8200000000000001,177.97,44.0,1380000000.0,877000000.0,6669991936.0,0.5700000000000001,1900-01-01 15:41:06,417,11
1775,68755d53c9327eb904ad17de,Prompt 46,True,0.8200000000000001,177.97,44.0,1380000000.0,877000000.0,6669991936.0,0.5700000000000001,1900-01-01 15:41:07,417,12
1776,68755d53c9327eb904ad17df,Prompt 46,True,0.8200000000000001,177.97,44.0,1380000000.0,877000000.0,6669991936.0,0.5700000000000001,1900-01-01 15:41:07,417,13
1777,68755d53c9327eb904ad17e0,Prompt 46,True,0.8200000000000001,177.97,44.0,1380000000.0,877000000.0,6669991936.0,0.5700000000000001,1900-01-01 15:41:07,418,14
1778,68755d53c9327eb904ad17e1,Prompt 46,True,0.8200000000000001,177.97,44.0,1380000000.0,877000000.0,6669991936.0,0.5700000000000001,1900-01-01 15:41:07,418,15
1779,68755d54c9327eb904ad17e2,Prompt 46,True,0.8200000000000001,177.97,44.0,1380000000.0,877000000.0,6669991936.0,0.5700000000000001,1900-01-01 15:41:08,418,16
1780,68755d54c9327eb904ad17e3,Prompt 46,True,0.8200000000000001,177.97,44.0,1380000000.0,877000000.0,6669991936.0,0.5700000000000001,1900-01-01 15:41:08,418,17
1781,68755d54c9327eb904ad17e4,Prompt 46,True,0.8200000000000001,177.97,44.0,1380000000.0,877000000.0,6669991936.0,0.5700000000000001,1900-01-01 15:41:08,419,18
1782,68755d54c9327eb904ad17e5,Prompt 46,True,0.8200000000000001,177.97,44.0,1380000000.0,877000000.0,6669991936.0,0.5700000000000001,1900-01-01 15:41:08,419,19
1783,68755d55c9327eb904ad17e6,Prompt 46,True,0.8200000000000001,177.97,44.0,1380000000.0,877000000.0,6669991936.0,0.5700000000000001,1900-01-01 15:41:09,419,20
1784,68755d55c9327eb904ad17e7,Prompt 46,True,0.8200000000000001,177.97,44.0,1380000000.0,877000000.0,6669991936.0,0.5700000000000001,1900-01-01 15:41:09,419,21
1785,68755d55c9327eb904ad17e8,Prompt 46,True,0.8200000000000001,177.97,44.0,1380000000.0,877000000.0,6669991936.0,0.5700000000000001,1900-01-01 15:41:09,420,22
1786,68755d55c9327eb904ad17e9,Prompt 46,True,0.8200000000000001,177.97,44.0,1380000000.0,877000000.0,6669991936.0,0.5700000000000001,1900-01-01 15:41:09,420,23
1787,68755d55c9327eb904ad17ea,Prompt 46,True,0.8200000000000001,177.97,44.0,1380000000.0,877000000.0,6669991936.0,0.5700000000000001,1900-01-01 15:41:09,420,24
1788,68755d56c9327eb904ad17eb,Prompt 46,True,0.8200000000000001,177.97,44.0,1380000000.0,877000000.0,6669991936.0,0.5700000000000001,1900-01-01 15:41:10,420,25
1789,68755d56c9327eb904ad17ec,Prompt 46,True,0.8200000000000001,177.97,44.0,1380000000.0,877000000.0,6669991936.0,0.5700000000000001,1900-01-01 15:41:10,421,26
1790,68755d56c9327eb904ad17ed,Prompt 46,True,0.8200000000000001,177.97,44.0,1380000000.0,877000000.0,6669991936.0,0.5700000000000001,1900-01-01 15:41:10,421,27
1791,68755d56c9327eb904ad17ee,Prompt 46,True,0.8200000000000001,177.97,44.0,1380000000.0,877000000.0,6669991936.0,0.5700000000000001,1900-01-01 15:41:10,421,28
1792,68755d57c9327eb904ad17ef,Prompt 46,True,0.8200000000000001,177.97,44.0,1380000000.0,877000000.0,6669991936.0,0.5700000000000001,1900-01-01 15:41:11,421,29
1793,68755d57c9327eb904ad17f0,Prompt 46,True,0.8200000000000001,177.97,44.0,1380000000.0,877000000.0,6669991936.0,0.5700000000000001,1900-01-01 15:41:11,421,30
1794,68755d57c9327eb904ad17f1,Prompt 46,True,0.8200000000000001,177.97,44.0,1380000000.0,877000000.0,6669991936.0,0.5700000000000001,1900-01-01 15:41:11,422,31
1795,68755d57c9327eb904ad17f2,Prompt 46,True,0.8200000000000001,177.97,44.0,1380000000.0,877000000.0,6669991936.0,0.5700000000000001,1900-01-01 15:41:11,422,32
1796,68755d58c9327eb904ad17f3,Prompt 46,True,0.8200000000000001,177.97,44.0,1380000000.0,877000000.0,6669991936.0,0.5700000000000001,1900-01-01 15:41:12,422,33
1797,68755d58c9327eb904ad17f4,Prompt 46,True,0.8200000000000001,177.97,44.0,1380000000.0,877000000.0,6669991936.0,0.5700000000000001,1900-01-01 15:41:12,422,34
1798,68755d58c9327eb904ad17f5,Prompt 46,True,0.8200000000000001,177.97,44.0,1380000000.0,877000000.0,6669991936.0,0.5700000000000001,1900-01-01 15:41:12,423,35
1799,68755d58c9327eb904ad17f6,Prompt 46,True,0.8200000000000001,177.97,44.0,1380000000.0,877000000.0,6669991936.0,0.5700000000000001,1900-01-01 15:41:12,423,36
1800,68755d59c9327eb904ad17f7,Prompt 46,True,0.8200000000000001,177.97,44.0,1380000000.0,877000000.0,6669991936.0,0.5700000000000001,1900-01-01 15:41:13,423,37
1801,68755d59c9327eb904ad17f8,Prompt 46,True,0.8200000000000001,177.97,44.0,1380000000.0,877000000.0,6669991936.0,0.5700000000000001,1900-01-01 15:41:13,423,38
1802,68755d59c9327eb904ad17f9,Prompt 46,True,0.8200000000000001,177.97,44.0,1380000000.0,877000000.0,6669991936.0,0.5700000000000001,1900-01-01 15:41:13,424,39
1803,68755d59c9327eb904ad17fa,Prompt 46,True,0.8200000000000001,177.97,44.0,1380000000.0,877000000.0,6669991936.0,0.5700000000000001,1900-01-01 15:41:13,424,40
1804,68755d5ac9327eb904ad17fb,Prompt 46,True,0.8200000000000001,177.97,44.0,1380000000.0,877000000.0,6669991936.0,0.5700000000000001,1900-01-01 15:41:14,424,41
1805,68755d5ac9327eb904ad17fc,Prompt 46,True,0.8200000000000001,177.97,44.0,1380000000.0,877000000.0,6669991936.0,0.5700000000000001,1900-01-01 15:41:14,424,42
1806,68755d5ac9327eb904ad17fd,Prompt 46,True,0.8200000000000001,177.97,44.0,1380000000.0,877000000.0,6669991936.0,0.5700000000000001,1900-01-01 15:41:14,425,43
1807,68755d5ac9327eb904ad17fe,Prompt 46,True,0.8200000000000001,177.97,44.0,1380000000.0,877000000.0,6669991936.0,0.5700000000000001,1900-01-01 15:41:14,425,44
1808,68755d5ac9327eb904ad17ff,Prompt 46,True,0.8200000000000001,177.97,44.0,1380000000.0,877000000.0,6669991936.0,0.5700000000000001,1900-01-01 15:41:14,425,45
1809,68755d5bc9327eb904ad1800,Prompt 46,True,0.8200000000000001,177.97,44.0,1380000000.0,877000000.0,6669991936.0,0.5700000000000001,1900-01-01 15:41:15,425,46
1810,68755d5bc9327eb904ad1801,Prompt 46,True,0.8200000000000001,177.97,44.0,1380000000.0,877000000.0,6669991936.0,0.5700000000000001,1900-01-01 15:41:15,425,47
1811,68755d5bc9327eb904ad1802,,True,,,,,,,,1900-01-01 15:41:15,,
1812,68755d5bc9327eb904ad1803,Prompt 47,True,0.8200000000000001,177.97,44.0,1380000000.0,877000000.0,6669991936.0,0.5700000000000001,1900-01-01 15:41:15,426,1
1813,68755d5cc9327eb904ad1804,Prompt 47,True,0.8200000000000001,177.97,44.0,1380000000.0,877000000.0,6669991936.0,0.5700000000000001,1900-01-01 15:41:16,426,2
1814,68755d5cc9327eb904ad1805,Prompt 47,True,0.8200000000000001,177.97,44.0,1380000000.0,877000000.0,6669991936.0,0.5700000000000001,1900-01-01 15:41:16,426,3
1815,68755d5cc9327eb904ad1806,Prompt 47,True,0.8200000000000001,177.97,44.0,1380000000.0,877000000.0,6669991936.0,0.5700000000000001,1900-01-01 15:41:16,427,4
1816,68755d5cc9327eb904ad1807,Prompt 47,True,0.8200000000000001,177.97,44.0,1380000000.0,877000000.0,6669991936.0,0.5700000000000001,1900-01-01 15:41:16,427,5
1817,68755d5dc9327eb904ad1808,Prompt 47,True,0.8200000000000001,177.97,44.0,1380000000.0,877000000.0,6669991936.0,0.5700000000000001,1900-01-01 15:41:17,427,6
1818,68755d5dc9327eb904ad1809,Prompt 47,True,0.8200000000000001,177.97,44.0,1380000000.0,877000000.0,6669991936.0,0.5700000000000001,1900-01-01 15:41:17,427,7
1819,68755d5dc9327eb904ad180a,Prompt 47,True,0.8200000000000001,177.97,44.0,1380000000.0,877000000.0,6669991936.0,0.5700000000000001,1900-01-01 15:41:17,427,8
1820,68755d5dc9327eb904ad180b,Prompt 47,True,0.8200000000000001,177.97,44.0,1380000000.0,877000000.0,6669991936.0,0.5700000000000001,1900-01-01 15:41:17,428,9
1821,68755d5dc9327eb904ad180c,Prompt 47,True,0.8200000000000001,177.97,44.0,1380000000.0,877000000.0,6669991936.0,0.55,1900-01-01 15:41:17,428,10
1822,68755d5ec9327eb904ad180d,Prompt 47,True,0.8,191.7,44.0,1380000000.0,877000000.0,6669991936.0,0.55,1900-01-01 15:41:18,428,11
1823,68755d5ec9327eb904ad180e,Prompt 47,True,0.8,191.7,44.0,1380000000.0,877000000.0,6669991936.0,0.55,1900-01-01 15:41:18,428,12
1824,68755d5ec9327eb904ad180f,Prompt 47,True,0.8,191.7,44.0,1380000000.0,877000000.0,6669991936.0,0.55,1900-01-01 15:41:18,429,13
1825,68755d5ec9327eb904ad1810,Prompt 47,True,0.8,191.7,44.0,1380000000.0,877000000.0,6669991936.0,0.55,1900-01-01 15:41:18,429,14
1826,68755d5fc9327eb904ad1811,Prompt 47,True,0.8,191.7,44.0,1380000000.0,877000000.0,6669991936.0,0.55,1900-01-01 15:41:19,429,15
1827,68755d5fc9327eb904ad1812,Prompt 47,True,0.8,191.7,44.0,1380000000.0,877000000.0,6669991936.0,0.55,1900-01-01 15:41:19,429,16
1828,68755d5fc9327eb904ad1813,Prompt 47,True,0.8,191.7,44.0,1380000000.0,877000000.0,6669991936.0,0.55,1900-01-01 15:41:19,430,17
1829,68755d5fc9327eb904ad1814,Prompt 47,True,0.8,191.7,44.0,1380000000.0,877000000.0,6669991936.0,0.55,1900-01-01 15:41:19,430,18
1830,68755d5fc9327eb904ad1815,Prompt 47,True,0.8,191.7,44.0,1380000000.0,877000000.0,6669991936.0,0.55,1900-01-01 15:41:19,430,19
1831,68755d60c9327eb904ad1816,Prompt 47,True,0.8,191.7,44.0,1380000000.0,877000000.0,6669991936.0,0.55,1900-01-01 15:41:20,430,20
1832,68755d60c9327eb904ad1817,Prompt 47,True,0.8,191.7,44.0,1380000000.0,877000000.0,6669991936.0,0.55,1900-01-01 15:41:20,430,21
1833,68755d60c9327eb904ad1818,Prompt 47,True,0.8,191.7,44.0,1380000000.0,877000000.0,6669991936.0,0.55,1900-01-01 15:41:20,431,22
1834,68755d60c9327eb904ad1819,Prompt 47,True,0.8,191.7,44.0,1380000000.0,877000000.0,6669991936.0,0.55,1900-01-01 15:41:20,431,23
1835,68755d61c9327eb904ad181a,Prompt 47,True,0.8,191.7,44.0,1380000000.0,877000000.0,6669991936.0,0.55,1900-01-01 15:41:21,431,24
1836,68755d61c9327eb904ad181b,Prompt 47,True,0.8,191.7,44.0,1380000000.0,877000000.0,6669991936.0,0.55,1900-01-01 15:41:21,431,25
1837,68755d61c9327eb904ad181c,Prompt 47,True,0.8,191.7,44.0,1380000000.0,877000000.0,6669991936.0,0.55,1900-01-01 15:41:21,432,26
1838,68755d61c9327eb904ad181d,Prompt 47,True,0.8,191.7,44.0,1380000000.0,877000000.0,6669991936.0,0.55,1900-01-01 15:41:21,432,27
1839,68755d61c9327eb904ad181e,Prompt 47,True,0.8,191.7,44.0,1380000000.0,877000000.0,6669991936.0,0.55,1900-01-01 15:41:21,432,28
1840,68755d61c9327eb904ad181f,,True,,,,,,,,1900-01-01 15:41:21,,
1841,68755d62c9327eb904ad1820,Prompt 48,True,0.8,191.7,44.0,1380000000.0,877000000.0,6669991936.0,0.55,1900-01-01 15:41:22,432,1
1842,68755d62c9327eb904ad1821,Prompt 48,True,0.8,191.7,44.0,1380000000.0,877000000.0,6669991936.0,0.55,1900-01-01 15:41:22,432,2
1843,68755d62c9327eb904ad1822,Prompt 48,True,0.8,191.7,44.0,1380000000.0,877000000.0,6669991936.0,0.55,1900-01-01 15:41:22,433,3
1844,68755d62c9327eb904ad1823,Prompt 48,True,0.8,191.7,44.0,1380000000.0,877000000.0,6669991936.0,0.55,1900-01-01 15:41:22,433,4
1845,68755d62c9327eb904ad1824,Prompt 48,True,0.8,191.7,44.0,1380000000.0,877000000.0,6669991936.0,0.55,1900-01-01 15:41:22,433,5
1846,68755d63c9327eb904ad1825,Prompt 48,True,0.8,191.7,44.0,1380000000.0,877000000.0,6669991936.0,0.55,1900-01-01 15:41:23,433,6
1847,68755d63c9327eb904ad1826,Prompt 48,True,0.8,191.7,44.0,1380000000.0,877000000.0,6669991936.0,0.55,1900-01-01 15:41:23,433,7
1848,68755d63c9327eb904ad1827,Prompt 48,True,0.8,191.7,44.0,1380000000.0,877000000.0,6669991936.0,0.55,1900-01-01 15:41:23,434,8
1849,68755d63c9327eb904ad1828,Prompt 48,True,0.8,191.7,44.0,1380000000.0,877000000.0,6669991936.0,0.55,1900-01-01 15:41:23,434,9
1850,68755d63c9327eb904ad1829,Prompt 48,True,0.8,191.7,44.0,1380000000.0,877000000.0,6669991936.0,0.55,1900-01-01 15:41:23,434,10
1851,68755d64c9327eb904ad182a,Prompt 48,True,0.8,191.7,44.0,1380000000.0,877000000.0,6669991936.0,0.55,1900-01-01 15:41:24,434,11
1852,68755d64c9327eb904ad182b,Prompt 48,True,0.8,191.7,44.0,1380000000.0,877000000.0,6669991936.0,0.55,1900-01-01 15:41:24,434,12
1853,68755d64c9327eb904ad182c,Prompt 48,True,0.8,191.7,44.0,1380000000.0,877000000.0,6669991936.0,0.55,1900-01-01 15:41:24,435,13
1854,68755d64c9327eb904ad182d,Prompt 48,True,0.8,191.7,44.0,1380000000.0,877000000.0,6669991936.0,0.55,1900-01-01 15:41:24,435,14
1855,68755d65c9327eb904ad182e,Prompt 48,True,0.8,191.7,44.0,1380000000.0,877000000.0,6669991936.0,0.55,1900-01-01 15:41:25,435,15
1856,68755d65c9327eb904ad182f,Prompt 48,True,0.8,191.7,44.0,1380000000.0,877000000.0,6669991936.0,0.55,1900-01-01 15:41:25,435,16
1857,68755d65c9327eb904ad1830,Prompt 48,True,0.8,191.7,44.0,1380000000.0,877000000.0,6669991936.0,0.55,1900-01-01 15:41:25,436,17
1858,68755d65c9327eb904ad1831,Prompt 48,True,0.8,191.7,44.0,1380000000.0,877000000.0,6669991936.0,0.55,1900-01-01 15:41:25,436,18
1859,68755d65c9327eb904ad1832,Prompt 48,True,0.8,191.7,44.0,1380000000.0,877000000.0,6669991936.0,0.55,1900-01-01 15:41:25,436,19
1860,68755d66c9327eb904ad1833,Prompt 48,True,0.8,191.7,44.0,1380000000.0,877000000.0,6669991936.0,0.55,1900-01-01 15:41:26,436,20
1861,68755d66c9327eb904ad1834,Prompt 48,True,0.8,191.7,44.0,1380000000.0,877000000.0,6669991936.0,0.55,1900-01-01 15:41:26,436,21
1862,68755d66c9327eb904ad1835,Prompt 48,True,0.8,191.7,44.0,1380000000.0,877000000.0,6669991936.0,0.55,1900-01-01 15:41:26,437,22
1863,68755d66c9327eb904ad1836,Prompt 48,True,0.8,191.7,44.0,1380000000.0,877000000.0,6669991936.0,0.55,1900-01-01 15:41:26,437,23
1864,68755d66c9327eb904ad1837,Prompt 48,True,0.8,191.7,44.0,1380000000.0,877000000.0,6669991936.0,0.55,1900-01-01 15:41:26,437,24
1865,68755d67c9327eb904ad1838,Prompt 48,True,0.8,191.7,44.0,1380000000.0,877000000.0,6669991936.0,0.55,1900-01-01 15:41:27,437,25
1866,68755d67c9327eb904ad1839,Prompt 48,True,0.8,191.7,44.0,1380000000.0,877000000.0,6669991936.0,0.55,1900-01-01 15:41:27,437,26
1867,68755d67c9327eb904ad183a,Prompt 48,True,0.8,191.7,44.0,1380000000.0,877000000.0,6669991936.0,0.55,1900-01-01 15:41:27,438,27
1868,68755d67c9327eb904ad183b,Prompt 48,True,0.8,191.7,44.0,1380000000.0,877000000.0,6669991936.0,0.55,1900-01-01 15:41:27,438,28
1869,68755d68c9327eb904ad183c,Prompt 48,True,0.8,191.7,44.0,1380000000.0,877000000.0,6669991936.0,0.55,1900-01-01 15:41:28,438,29
1870,68755d68c9327eb904ad183d,Prompt 48,True,0.8,191.7,44.0,1380000000.0,877000000.0,6669991936.0,0.55,1900-01-01 15:41:28,438,30
1871,68755d68c9327eb904ad183e,,True,,,,,,,,1900-01-01 15:41:28,,
1872,68755d68c9327eb904ad183f,Prompt 49,True,0.8,191.7,44.0,1380000000.0,877000000.0,6669991936.0,0.55,1900-01-01 15:41:28,439,1
1873,68755d68c9327eb904ad1840,Prompt 49,True,0.8,191.7,44.0,1380000000.0,877000000.0,6669991936.0,0.55,1900-01-01 15:41:28,439,2
1874,68755d68c9327eb904ad1841,Prompt 49,True,0.8,191.7,44.0,1380000000.0,877000000.0,6669991936.0,0.55,1900-01-01 15:41:28,439,3
1875,68755d69c9327eb904ad1842,Prompt 49,True,0.8,191.7,44.0,1380000000.0,877000000.0,6669991936.0,0.55,1900-01-01 15:41:29,439,4
1876,68755d69c9327eb904ad1843,Prompt 49,True,0.8,191.7,44.0,1380000000.0,877000000.0,6669991936.0,0.55,1900-01-01 15:41:29,439,5
1877,68755d69c9327eb904ad1844,Prompt 49,True,0.8,191.7,44.0,1380000000.0,877000000.0,6669991936.0,0.55,1900-01-01 15:41:29,440,6
1878,68755d69c9327eb904ad1845,Prompt 49,True,0.8,191.7,44.0,1380000000.0,877000000.0,6669991936.0,0.55,1900-01-01 15:41:29,440,7
1879,68755d6ac9327eb904ad1846,Prompt 49,True,0.8,191.7,44.0,1380000000.0,877000000.0,6669991936.0,0.55,1900-01-01 15:41:30,440,8
1880,68755d6ac9327eb904ad1847,Prompt 49,True,0.8,191.7,44.0,1380000000.0,877000000.0,6669991936.0,0.55,1900-01-01 15:41:30,440,9
1881,68755d6ac9327eb904ad1848,Prompt 49,True,0.8,191.7,44.0,1380000000.0,877000000.0,6669991936.0,0.55,1900-01-01 15:41:30,441,10
1882,68755d6ac9327eb904ad1849,Prompt 49,True,0.8,191.7,44.0,1380000000.0,877000000.0,6669991936.0,0.55,1900-01-01 15:41:30,441,11
1883,68755d6bc9327eb904ad184a,Prompt 49,True,0.8,191.7,44.0,1380000000.0,877000000.0,6669991936.0,0.55,1900-01-01 15:41:31,441,12
1884,68755d6bc9327eb904ad184b,Prompt 49,True,0.8,191.7,44.0,1380000000.0,877000000.0,6669991936.0,0.55,1900-01-01 15:41:31,441,13
1885,68755d6bc9327eb904ad184c,Prompt 49,True,0.8,191.7,44.0,1380000000.0,877000000.0,6669991936.0,0.55,1900-01-01 15:41:31,442,14
1886,68755d6bc9327eb904ad184d,Prompt 49,True,0.8,191.7,44.0,1380000000.0,877000000.0,6669991936.0,0.55,1900-01-01 15:41:31,442,15
1887,68755d6bc9327eb904ad184e,Prompt 49,True,0.8,191.7,44.0,1380000000.0,877000000.0,6669991936.0,0.55,1900-01-01 15:41:31,442,16
1888,68755d6cc9327eb904ad184f,Prompt 49,True,0.8,191.7,44.0,1380000000.0,877000000.0,6669991936.0,0.55,1900-01-01 15:41:32,442,17
1889,68755d6cc9327eb904ad1850,Prompt 49,True,0.8,191.7,44.0,1380000000.0,877000000.0,6669991936.0,0.55,1900-01-01 15:41:32,442,18
1890,68755d6cc9327eb904ad1851,Prompt 49,True,0.8,191.7,44.0,1380000000.0,877000000.0,6669991936.0,0.55,1900-01-01 15:41:32,443,19
1891,68755d6cc9327eb904ad1852,Prompt 49,True,0.8,191.7,44.0,1380000000.0,877000000.0,6669991936.0,0.55,1900-01-01 15:41:32,443,20
1892,68755d6dc9327eb904ad1853,Prompt 49,True,0.84,177.56,44.0,1380000000.0,877000000.0,6669991936.0,0.56,1900-01-01 15:41:33,443,21
1893,68755d6dc9327eb904ad1854,Prompt 49,True,0.84,177.56,44.0,1380000000.0,877000000.0,6669991936.0,0.56,1900-01-01 15:41:33,443,22
1894,68755d6dc9327eb904ad1855,Prompt 49,True,0.84,177.56,44.0,1380000000.0,877000000.0,6669991936.0,0.56,1900-01-01 15:41:33,444,23
1895,68755d6dc9327eb904ad1856,Prompt 49,True,0.84,177.56,44.0,1380000000.0,877000000.0,6669991936.0,0.56,1900-01-01 15:41:33,444,24
1896,68755d6dc9327eb904ad1857,Prompt 49,True,0.84,177.56,44.0,1380000000.0,877000000.0,6669991936.0,0.56,1900-01-01 15:41:33,444,25
1897,68755d6ec9327eb904ad1858,Prompt 49,True,0.84,177.56,44.0,1380000000.0,877000000.0,6669991936.0,0.56,1900-01-01 15:41:34,444,26
1898,68755d6ec9327eb904ad1859,Prompt 49,True,0.84,177.56,44.0,1380000000.0,877000000.0,6669991936.0,0.56,1900-01-01 15:41:34,444,27
1899,68755d6ec9327eb904ad185a,Prompt 49,True,0.84,177.56,44.0,1380000000.0,877000000.0,6669991936.0,0.56,1900-01-01 15:41:34,445,28
1900,68755d6ec9327eb904ad185b,Prompt 49,True,0.84,177.56,44.0,1380000000.0,877000000.0,6669991936.0,0.56,1900-01-01 15:41:34,445,29
1901,68755d6fc9327eb904ad185c,Prompt 49,True,0.84,177.56,44.0,1380000000.0,877000000.0,6669991936.0,0.56,1900-01-01 15:41:35,445,30
1902,68755d6fc9327eb904ad185d,Prompt 49,True,0.84,177.56,44.0,1380000000.0,877000000.0,6669991936.0,0.56,1900-01-01 15:41:35,445,31
1903,68755d6fc9327eb904ad185e,Prompt 49,True,0.84,177.56,44.0,1380000000.0,877000000.0,6669991936.0,0.56,1900-01-01 15:41:35,445,32
1904,68755d6fc9327eb904ad185f,Prompt 49,True,0.84,177.56,44.0,1380000000.0,877000000.0,6669991936.0,0.56,1900-01-01 15:41:35,446,33
1905,68755d6fc9327eb904ad1860,Prompt 49,True,0.84,177.56,44.0,1380000000.0,877000000.0,6669991936.0,0.56,1900-01-01 15:41:35,446,34
1906,68755d70c9327eb904ad1861,Prompt 49,True,0.84,177.56,44.0,1380000000.0,877000000.0,6669991936.0,0.56,1900-01-01 15:41:36,446,35
1907,68755d70c9327eb904ad1862,Prompt 49,True,0.84,177.56,44.0,1380000000.0,877000000.0,6669991936.0,0.56,1900-01-01 15:41:36,447,36
1908,68755d70c9327eb904ad1863,Prompt 49,True,0.84,177.56,44.0,1380000000.0,877000000.0,6669991936.0,0.56,1900-01-01 15:41:36,447,37
1909,68755d71c9327eb904ad1864,Prompt 49,True,0.84,177.56,44.0,1380000000.0,877000000.0,6669991936.0,0.56,1900-01-01 15:41:37,447,38
1910,68755d71c9327eb904ad1865,Prompt 49,True,0.84,177.56,44.0,1380000000.0,877000000.0,6669991936.0,0.56,1900-01-01 15:41:37,447,39
1911,68755d71c9327eb904ad1866,Prompt 49,True,0.84,177.56,44.0,1380000000.0,877000000.0,6669991936.0,0.56,1900-01-01 15:41:37,448,40
1912,68755d71c9327eb904ad1867,Prompt 49,True,0.84,177.56,44.0,1380000000.0,877000000.0,6669991936.0,0.56,1900-01-01 15:41:37,448,41
1913,68755d71c9327eb904ad1868,,True,,,,,,,,1900-01-01 15:41:37,,
1914,68755d72c9327eb904ad1869,Prompt 50,True,0.84,177.56,44.0,1380000000.0,877000000.0,6669991936.0,0.56,1900-01-01 15:41:38,448,1
1915,68755d72c9327eb904ad186a,Prompt 50,True,0.84,177.56,44.0,1380000000.0,877000000.0,6669991936.0,0.56,1900-01-01 15:41:38,449,2
1916,68755d72c9327eb904ad186b,,True,,,,,,,,1900-01-01 15:41:38,,
1917,68755d72c9327eb904ad186c,Prompt 51,True,0.84,177.56,44.0,1380000000.0,877000000.0,6669991936.0,0.56,1900-01-01 15:41:38,449,1
1918,68755d72c9327eb904ad186d,Prompt 51,True,0.84,177.56,44.0,1380000000.0,877000000.0,6669991936.0,0.56,1900-01-01 15:41:38,449,2
1919,68755d72c9327eb904ad186e,,True,,,,,,,,1900-01-01 15:41:38,,
1920,68755d73c9327eb904ad186f,Prompt 52,True,0.84,177.56,44.0,1380000000.0,877000000.0,6669991936.0,0.56,1900-01-01 15:41:39,449,1
1921,68755d73c9327eb904ad1870,Prompt 52,True,0.84,177.56,44.0,1380000000.0,877000000.0,6669991936.0,0.56,1900-01-01 15:41:39,449,2
1922,68755d73c9327eb904ad1871,,True,,,,,,,,1900-01-01 15:41:39,,
1923,68755d73c9327eb904ad1872,Prompt 53,True,0.84,177.56,44.0,1380000000.0,877000000.0,6669991936.0,0.56,1900-01-01 15:41:39,450,1
1924,68755d73c9327eb904ad1873,Prompt 53,True,0.84,177.56,44.0,1380000000.0,877000000.0,6669991936.0,0.56,1900-01-01 15:41:39,450,2
1925,68755d74c9327eb904ad1874,Prompt 53,True,0.84,177.56,44.0,1380000000.0,877000000.0,6669991936.0,0.56,1900-01-01 15:41:40,450,3
1926,68755d74c9327eb904ad1875,Prompt 53,True,0.84,177.56,44.0,1380000000.0,877000000.0,6669991936.0,0.56,1900-01-01 15:41:40,450,4
1927,68755d74c9327eb904ad1876,Prompt 53,True,0.84,177.56,44.0,1380000000.0,877000000.0,6669991936.0,0.56,1900-01-01 15:41:40,451,5
1928,68755d74c9327eb904ad1877,Prompt 53,True,0.84,177.56,44.0,1380000000.0,877000000.0,6669991936.0,0.56,1900-01-01 15:41:40,451,6
1929,68755d75c9327eb904ad1878,Prompt 53,True,0.84,177.56,44.0,1380000000.0,877000000.0,6669991936.0,0.56,1900-01-01 15:41:41,451,7
1930,68755d75c9327eb904ad1879,Prompt 53,True,0.84,177.56,44.0,1380000000.0,877000000.0,6669991936.0,0.56,1900-01-01 15:41:41,451,8
1931,68755d75c9327eb904ad187a,,True,,,,,,,,1900-01-01 15:41:41,,
1932,68755d75c9327eb904ad187b,Prompt 54,True,0.84,177.56,44.0,1380000000.0,877000000.0,6669991936.0,0.56,1900-01-01 15:41:41,452,1
1933,68755d75c9327eb904ad187c,Prompt 54,True,0.84,177.56,44.0,1380000000.0,877000000.0,6669991936.0,0.56,1900-01-01 15:41:41,452,2
1934,68755d75c9327eb904ad187d,Prompt 54,True,0.84,177.56,44.0,1380000000.0,877000000.0,6669991936.0,0.56,1900-01-01 15:41:41,452,3
1935,68755d76c9327eb904ad187e,Prompt 54,True,0.84,177.56,44.0,1380000000.0,877000000.0,6669991936.0,0.56,1900-01-01 15:41:42,452,4
1936,68755d76c9327eb904ad187f,Prompt 54,True,0.84,177.56,44.0,1380000000.0,877000000.0,6669991936.0,0.56,1900-01-01 15:41:42,452,5
1937,68755d76c9327eb904ad1880,Prompt 54,True,0.84,177.56,44.0,1380000000.0,877000000.0,6669991936.0,0.56,1900-01-01 15:41:42,453,6
1938,68755d76c9327eb904ad1881,Prompt 54,True,0.84,177.56,44.0,1380000000.0,877000000.0,6669991936.0,0.56,1900-01-01 15:41:42,453,7
1939,68755d77c9327eb904ad1882,Prompt 54,True,0.84,177.56,44.0,1380000000.0,877000000.0,6669991936.0,0.56,1900-01-01 15:41:43,453,8
1940,68755d77c9327eb904ad1883,Prompt 54,True,0.84,177.56,44.0,1380000000.0,877000000.0,6669991936.0,0.56,1900-01-01 15:41:43,453,9
1941,68755d77c9327eb904ad1884,Prompt 54,True,0.84,177.56,44.0,1380000000.0,877000000.0,6669991936.0,0.56,1900-01-01 15:41:43,454,10
1942,68755d77c9327eb904ad1885,Prompt 54,True,0.84,177.56,44.0,1380000000.0,877000000.0,6669991936.0,0.56,1900-01-01 15:41:43,454,11
1943,68755d77c9327eb904ad1886,Prompt 54,True,0.84,177.56,44.0,1380000000.0,877000000.0,6669991936.0,0.56,1900-01-01 15:41:43,454,12
1944,68755d78c9327eb904ad1887,Prompt 54,True,0.84,177.56,44.0,1380000000.0,877000000.0,6669991936.0,0.56,1900-01-01 15:41:44,454,13
1945,68755d78c9327eb904ad1888,Prompt 54,True,0.84,177.56,44.0,1380000000.0,877000000.0,6669991936.0,0.56,1900-01-01 15:41:44,454,14
1946,68755d78c9327eb904ad1889,Prompt 54,True,0.84,177.56,44.0,1380000000.0,877000000.0,6669991936.0,0.56,1900-01-01 15:41:44,455,15
1947,68755d78c9327eb904ad188a,Prompt 54,True,0.84,177.56,44.0,1380000000.0,877000000.0,6669991936.0,0.56,1900-01-01 15:41:44,455,16
1948,68755d79c9327eb904ad188b,Prompt 54,True,0.84,177.56,44.0,1380000000.0,877000000.0,6669991936.0,0.56,1900-01-01 15:41:45,455,17
1949,68755d79c9327eb904ad188c,Prompt 54,True,0.84,177.56,44.0,1380000000.0,877000000.0,6669991936.0,0.56,1900-01-01 15:41:45,455,18
1950,68755d79c9327eb904ad188d,Prompt 54,True,0.84,177.56,44.0,1380000000.0,877000000.0,6669991936.0,0.56,1900-01-01 15:41:45,455,19
1951,68755d79c9327eb904ad188e,Prompt 54,True,0.84,177.56,44.0,1380000000.0,877000000.0,6669991936.0,0.56,1900-01-01 15:41:45,456,20
1952,68755d79c9327eb904ad188f,Prompt 54,True,0.84,177.56,44.0,1380000000.0,877000000.0,6669991936.0,0.56,1900-01-01 15:41:45,456,21
1953,68755d7ac9327eb904ad1890,Prompt 54,True,0.84,177.56,44.0,1380000000.0,877000000.0,6669991936.0,0.56,1900-01-01 15:41:46,456,22
1954,68755d7ac9327eb904ad1891,Prompt 54,True,0.84,177.56,44.0,1380000000.0,877000000.0,6669991936.0,0.56,1900-01-01 15:41:46,456,23
1955,68755d7ac9327eb904ad1892,Prompt 54,True,0.84,177.56,44.0,1380000000.0,877000000.0,6669991936.0,0.56,1900-01-01 15:41:46,457,24
1956,68755d7ac9327eb904ad1893,Prompt 54,True,0.84,177.56,44.0,1380000000.0,877000000.0,6669991936.0,0.56,1900-01-01 15:41:46,457,25
1957,68755d7ac9327eb904ad1894,Prompt 54,True,0.84,177.56,44.0,1380000000.0,877000000.0,6669991936.0,0.56,1900-01-01 15:41:46,457,26
1958,68755d7bc9327eb904ad1895,Prompt 54,True,0.84,177.56,44.0,1380000000.0,877000000.0,6669991936.0,0.56,1900-01-01 15:41:47,457,27
1959,68755d7bc9327eb904ad1896,,True,,,,,,,,1900-01-01 15:41:46,,
1960,68755d7bc9327eb904ad1897,Prompt 55,True,0.84,177.56,44.0,1380000000.0,877000000.0,6669991936.0,0.56,1900-01-01 15:41:47,457,1
1961,68755d7bc9327eb904ad1898,Prompt 55,True,0.84,177.56,44.0,1380000000.0,877000000.0,6669991936.0,0.56,1900-01-01 15:41:47,458,2
1962,68755d7bc9327eb904ad1899,Prompt 55,True,0.84,177.56,44.0,1380000000.0,877000000.0,6669991936.0,0.56,1900-01-01 15:41:47,458,3
1963,68755d7cc9327eb904ad189a,Prompt 55,True,0.8,174.48,43.0,1380000000.0,877000000.0,6669991936.0,0.56,1900-01-01 15:41:48,458,4
1964,68755d7cc9327eb904ad189b,Prompt 55,True,0.8,174.48,43.0,1380000000.0,877000000.0,6669991936.0,0.56,1900-01-01 15:41:48,458,5
1965,68755d7cc9327eb904ad189c,Prompt 55,True,0.8,174.48,43.0,1380000000.0,877000000.0,6669991936.0,0.56,1900-01-01 15:41:48,458,6
1966,68755d7cc9327eb904ad189d,Prompt 55,True,0.8,174.48,43.0,1380000000.0,877000000.0,6669991936.0,0.56,1900-01-01 15:41:48,459,7
1967,68755d7cc9327eb904ad189e,Prompt 55,True,0.8,174.48,43.0,1380000000.0,877000000.0,6669991936.0,0.56,1900-01-01 15:41:48,459,8
1968,68755d7dc9327eb904ad189f,Prompt 55,True,0.8,174.48,43.0,1380000000.0,877000000.0,6669991936.0,0.56,1900-01-01 15:41:49,459,9
1969,68755d7dc9327eb904ad18a0,Prompt 55,True,0.8,174.48,43.0,1380000000.0,877000000.0,6669991936.0,0.56,1900-01-01 15:41:49,459,10
1970,68755d7dc9327eb904ad18a1,Prompt 55,True,0.8,174.48,43.0,1380000000.0,877000000.0,6669991936.0,0.56,1900-01-01 15:41:49,459,11
1971,68755d7dc9327eb904ad18a2,,True,,,,,,,,1900-01-01 15:41:49,,
1972,68755d7dc9327eb904ad18a3,Prompt 56,True,0.8,174.48,43.0,1380000000.0,877000000.0,6669991936.0,0.56,1900-01-01 15:41:49,460,1
1973,68755d7dc9327eb904ad18a4,Prompt 56,True,0.8,174.48,43.0,1380000000.0,877000000.0,6669991936.0,0.56,1900-01-01 15:41:49,460,2
1974,68755d7ec9327eb904ad18a5,Prompt 56,True,0.8,174.48,43.0,1380000000.0,877000000.0,6669991936.0,0.56,1900-01-01 15:41:50,460,3
1975,68755d7ec9327eb904ad18a6,Prompt 56,True,0.8,174.48,43.0,1380000000.0,877000000.0,6669991936.0,0.56,1900-01-01 15:41:50,460,4
1976,68755d7ec9327eb904ad18a7,Prompt 56,True,0.8,174.48,43.0,1380000000.0,877000000.0,6669991936.0,0.56,1900-01-01 15:41:50,461,5
1977,68755d7ec9327eb904ad18a8,Prompt 56,True,0.8,174.48,43.0,1380000000.0,877000000.0,6669991936.0,0.56,1900-01-01 15:41:50,461,6
1978,68755d7fc9327eb904ad18a9,Prompt 56,True,0.8,174.48,43.0,1380000000.0,877000000.0,6669991936.0,0.56,1900-01-01 15:41:51,461,7
1979,68755d7fc9327eb904ad18aa,Prompt 56,True,0.8,174.48,43.0,1380000000.0,877000000.0,6669991936.0,0.56,1900-01-01 15:41:51,461,8
1980,68755d7fc9327eb904ad18ab,Prompt 56,True,0.8,174.48,43.0,1380000000.0,877000000.0,6669991936.0,0.56,1900-01-01 15:41:51,461,9
1981,68755d7fc9327eb904ad18ac,Prompt 56,True,0.8,174.48,43.0,1380000000.0,877000000.0,6669991936.0,0.56,1900-01-01 15:41:51,462,10
1982,68755d7fc9327eb904ad18ad,Prompt 56,True,0.8,174.48,43.0,1380000000.0,877000000.0,6669991936.0,0.56,1900-01-01 15:41:51,462,11
1983,68755d80c9327eb904ad18ae,Prompt 56,True,0.8,174.48,43.0,1380000000.0,877000000.0,6669991936.0,0.56,1900-01-01 15:41:52,462,12
1984,68755d80c9327eb904ad18af,Prompt 56,True,0.8,174.48,43.0,1380000000.0,877000000.0,6669991936.0,0.56,1900-01-01 15:41:52,462,13
1985,68755d80c9327eb904ad18b0,Prompt 56,True,0.8,174.48,43.0,1380000000.0,877000000.0,6669991936.0,0.56,1900-01-01 15:41:52,463,14
1986,68755d80c9327eb904ad18b1,,True,,,,,,,,1900-01-01 15:41:52,,
1987,68755d80c9327eb904ad18b2,Prompt 57,True,0.8,174.48,43.0,1380000000.0,877000000.0,6669991936.0,0.56,1900-01-01 15:41:52,463,1
1988,68755d81c9327eb904ad18b3,Prompt 57,True,0.8,174.48,43.0,1380000000.0,877000000.0,6669991936.0,0.56,1900-01-01 15:41:53,463,2
1989,68755d81c9327eb904ad18b4,,True,,,,,,,,1900-01-01 15:41:52,,
1990,68755d81c9327eb904ad18b5,Prompt 58,True,0.8,174.48,43.0,1380000000.0,877000000.0,6669991936.0,0.56,1900-01-01 15:41:53,463,1
1991,68755d81c9327eb904ad18b6,Prompt 58,True,0.8,174.48,43.0,1380000000.0,877000000.0,6669991936.0,0.56,1900-01-01 15:41:53,464,2
1992,68755d81c9327eb904ad18b7,Prompt 58,True,0.8,174.48,43.0,1380000000.0,877000000.0,6669991936.0,0.56,1900-01-01 15:41:53,464,3
1993,68755d81c9327eb904ad18b8,Prompt 58,True,0.8,174.48,43.0,1380000000.0,877000000.0,6669991936.0,0.56,1900-01-01 15:41:53,464,4
1994,68755d82c9327eb904ad18b9,Prompt 58,True,0.8,174.48,43.0,1380000000.0,877000000.0,6669991936.0,0.56,1900-01-01 15:41:54,464,5
1995,68755d82c9327eb904ad18ba,Prompt 58,True,0.8,174.48,43.0,1380000000.0,877000000.0,6669991936.0,0.56,1900-01-01 15:41:54,464,6
1996,68755d82c9327eb904ad18bb,Prompt 58,True,0.8,174.48,43.0,1380000000.0,877000000.0,6669991936.0,0.56,1900-01-01 15:41:54,465,7
1997,68755d82c9327eb904ad18bc,Prompt 58,True,0.8,174.48,43.0,1380000000.0,877000000.0,6669991936.0,0.56,1900-01-01 15:41:54,465,8
1998,68755d82c9327eb904ad18bd,Prompt 58,True,0.8,174.48,43.0,1380000000.0,877000000.0,6669991936.0,0.56,1900-01-01 15:41:54,465,9
1999,68755d83c9327eb904ad18be,Prompt 58,True,0.8,174.48,43.0,1380000000.0,877000000.0,6669991936.0,0.56,1900-01-01 15:41:55,465,10
2000,68755d83c9327eb904ad18bf,Prompt 58,True,0.8,174.48,43.0,1380000000.0,877000000.0,6669991936.0,0.56,1900-01-01 15:41:55,465,11
2001,68755d83c9327eb904ad18c0,Prompt 58,True,0.8,174.48,43.0,1380000000.0,877000000.0,6669991936.0,0.56,1900-01-01 15:41:55,466,12
2002,68755d83c9327eb904ad18c1,Prompt 58,True,0.8,174.48,43.0,1380000000.0,877000000.0,6669991936.0,0.56,1900-01-01 15:41:55,466,13
2003,68755d84c9327eb904ad18c2,Prompt 58,True,0.8,174.48,43.0,1380000000.0,877000000.0,6669991936.0,0.56,1900-01-01 15:41:56,466,14
2004,68755d84c9327eb904ad18c3,Prompt 58,True,0.8,174.48,43.0,1380000000.0,877000000.0,6669991936.0,0.56,1900-01-01 15:41:56,466,15
2005,68755d84c9327eb904ad18c4,Prompt 58,True,0.8,174.48,43.0,1380000000.0,877000000.0,6669991936.0,0.56,1900-01-01 15:41:56,467,16
2006,68755d84c9327eb904ad18c5,Prompt 58,True,0.8,174.48,43.0,1380000000.0,877000000.0,6669991936.0,0.56,1900-01-01 15:41:56,467,17
2007,68755d84c9327eb904ad18c6,Prompt 58,True,0.8,174.48,43.0,1380000000.0,877000000.0,6669991936.0,0.56,1900-01-01 15:41:56,467,18
2008,68755d85c9327eb904ad18c7,Prompt 58,True,0.8,174.48,43.0,1380000000.0,877000000.0,6669991936.0,0.56,1900-01-01 15:41:57,467,19
2009,68755d85c9327eb904ad18c8,Prompt 58,True,0.8,174.48,43.0,1380000000.0,877000000.0,6669991936.0,0.56,1900-01-01 15:41:57,467,20
2010,68755d85c9327eb904ad18c9,Prompt 58,True,0.8,174.48,43.0,1380000000.0,877000000.0,6669991936.0,0.56,1900-01-01 15:41:57,468,21
2011,68755d85c9327eb904ad18ca,Prompt 58,True,0.8,174.48,43.0,1380000000.0,877000000.0,6669991936.0,0.56,1900-01-01 15:41:57,468,22
2012,68755d85c9327eb904ad18cb,Prompt 58,True,0.8,174.48,43.0,1380000000.0,877000000.0,6669991936.0,0.56,1900-01-01 15:41:57,468,23
2013,68755d86c9327eb904ad18cc,Prompt 58,True,0.8,174.48,43.0,1380000000.0,877000000.0,6669991936.0,0.56,1900-01-01 15:41:58,468,24
2014,68755d86c9327eb904ad18cd,Prompt 58,True,0.8,174.48,43.0,1380000000.0,877000000.0,6669991936.0,0.56,1900-01-01 15:41:58,469,25
2015,68755d86c9327eb904ad18ce,Prompt 58,True,0.8,174.48,43.0,1380000000.0,877000000.0,6669991936.0,0.56,1900-01-01 15:41:58,469,26
2016,68755d86c9327eb904ad18cf,Prompt 58,True,0.8,174.48,43.0,1380000000.0,877000000.0,6669991936.0,0.56,1900-01-01 15:41:58,469,27
2017,68755d87c9327eb904ad18d0,Prompt 58,True,0.8,174.48,43.0,1380000000.0,877000000.0,6669991936.0,0.56,1900-01-01 15:41:59,469,28
2018,68755d87c9327eb904ad18d1,Prompt 58,True,0.8,174.48,43.0,1380000000.0,877000000.0,6669991936.0,0.56,1900-01-01 15:41:59,469,29
2019,68755d87c9327eb904ad18d2,Prompt 58,True,0.8,174.48,43.0,1380000000.0,877000000.0,6669991936.0,0.56,1900-01-01 15:41:59,470,30
2020,68755d87c9327eb904ad18d3,Prompt 58,True,0.8,174.48,43.0,1380000000.0,877000000.0,6669991936.0,0.56,1900-01-01 15:41:59,470,31
2021,68755d88c9327eb904ad18d4,Prompt 58,True,0.8,174.48,43.0,1380000000.0,877000000.0,6669991936.0,0.56,1900-01-01 15:42:00,470,32
2022,68755d88c9327eb904ad18d5,Prompt 58,True,0.8,174.48,43.0,1380000000.0,877000000.0,6669991936.0,0.56,1900-01-01 15:42:00,470,33
2023,68755d88c9327eb904ad18d6,Prompt 58,True,0.8,174.48,43.0,1380000000.0,877000000.0,6669991936.0,0.56,1900-01-01 15:42:00,471,34
2024,68755d88c9327eb904ad18d7,Prompt 58,True,0.8,174.48,43.0,1380000000.0,877000000.0,6669991936.0,0.56,1900-01-01 15:42:00,471,35
2025,68755d89c9327eb904ad18d8,Prompt 58,True,0.8,174.48,43.0,1380000000.0,877000000.0,6669991936.0,0.56,1900-01-01 15:42:01,471,36
2026,68755d89c9327eb904ad18d9,Prompt 58,True,0.8,174.48,43.0,1380000000.0,877000000.0,6669991936.0,0.56,1900-01-01 15:42:01,471,37
2027,68755d89c9327eb904ad18da,Prompt 58,True,0.8,174.48,43.0,1380000000.0,877000000.0,6669991936.0,0.56,1900-01-01 15:42:01,472,38
2028,68755d89c9327eb904ad18db,Prompt 58,True,0.8,174.48,43.0,1380000000.0,877000000.0,6669991936.0,0.56,1900-01-01 15:42:01,472,39
2029,68755d8ac9327eb904ad18dc,Prompt 58,True,0.8,174.48,43.0,1380000000.0,877000000.0,6669991936.0,0.56,1900-01-01 15:42:02,472,40
2030,68755d8ac9327eb904ad18dd,Prompt 58,True,0.8,174.48,43.0,1380000000.0,877000000.0,6669991936.0,0.56,1900-01-01 15:42:02,472,41
2031,68755d8ac9327eb904ad18de,,True,,,,,,,,1900-01-01 15:42:02,,
2032,68755d8ac9327eb904ad18df,Prompt 59,True,0.8,174.48,43.0,1380000000.0,877000000.0,6669991936.0,0.56,1900-01-01 15:42:02,473,1
2033,68755d8ac9327eb904ad18e0,Prompt 59,True,0.8,174.48,43.0,1380000000.0,877000000.0,6669991936.0,0.5700000000000001,1900-01-01 15:42:02,473,2
2034,68755d8bc9327eb904ad18e1,Prompt 59,True,0.8,192.3,43.0,1380000000.0,877000000.0,6669991936.0,0.5700000000000001,1900-01-01 15:42:03,473,3
2035,68755d8bc9327eb904ad18e2,Prompt 59,True,0.8,192.3,43.0,1380000000.0,877000000.0,6669991936.0,0.5700000000000001,1900-01-01 15:42:03,473,4
2036,68755d8bc9327eb904ad18e3,Prompt 59,True,0.8,192.3,43.0,1380000000.0,877000000.0,6669991936.0,0.5700000000000001,1900-01-01 15:42:03,474,5
2037,68755d8bc9327eb904ad18e4,Prompt 59,True,0.8,192.3,43.0,1380000000.0,877000000.0,6669991936.0,0.5700000000000001,1900-01-01 15:42:03,474,6
2038,68755d8cc9327eb904ad18e5,Prompt 59,True,0.8,192.3,43.0,1380000000.0,877000000.0,6669991936.0,0.5700000000000001,1900-01-01 15:42:04,474,7
2039,68755d8cc9327eb904ad18e6,Prompt 59,True,0.8,192.3,43.0,1380000000.0,877000000.0,6669991936.0,0.5700000000000001,1900-01-01 15:42:04,474,8
2040,68755d8cc9327eb904ad18e7,Prompt 59,True,0.8,192.3,43.0,1380000000.0,877000000.0,6669991936.0,0.5700000000000001,1900-01-01 15:42:04,475,9
2041,68755d8cc9327eb904ad18e8,Prompt 59,True,0.8,192.3,43.0,1380000000.0,877000000.0,6669991936.0,0.5700000000000001,1900-01-01 15:42:04,475,10
2042,68755d8dc9327eb904ad18e9,Prompt 59,True,0.8,192.3,43.0,1380000000.0,877000000.0,6669991936.0,0.5700000000000001,1900-01-01 15:42:05,475,11
2043,68755d8dc9327eb904ad18ea,Prompt 59,True,0.8,192.3,43.0,1380000000.0,877000000.0,6669991936.0,0.5700000000000001,1900-01-01 15:42:05,475,12
2044,68755d8dc9327eb904ad18eb,Prompt 59,True,0.8,192.3,43.0,1380000000.0,877000000.0,6669991936.0,0.5700000000000001,1900-01-01 15:42:05,476,13
2045,68755d8dc9327eb904ad18ec,Prompt 59,True,0.8,192.3,43.0,1380000000.0,877000000.0,6669991936.0,0.5700000000000001,1900-01-01 15:42:05,476,14
2046,68755d8dc9327eb904ad18ed,Prompt 59,True,0.8,192.3,43.0,1380000000.0,877000000.0,6669991936.0,0.5700000000000001,1900-01-01 15:42:05,476,15
2047,68755d8dc9327eb904ad18ee,,True,,,,,,,,1900-01-01 15:42:05,,
2048,68755d8ec9327eb904ad18ef,Prompt 60,True,0.8,192.3,43.0,1380000000.0,877000000.0,6669991936.0,0.5700000000000001,1900-01-01 15:42:06,476,1
2049,68755d8ec9327eb904ad18f0,Prompt 60,True,0.8,192.3,43.0,1380000000.0,877000000.0,6669991936.0,0.5700000000000001,1900-01-01 15:42:06,476,2
2050,68755d8ec9327eb904ad18f1,Prompt 60,True,0.8,192.3,43.0,1380000000.0,877000000.0,6669991936.0,0.5700000000000001,1900-01-01 15:42:06,477,3
2051,68755d8ec9327eb904ad18f2,Prompt 60,True,0.8,192.3,43.0,1380000000.0,877000000.0,6669991936.0,0.5700000000000001,1900-01-01 15:42:06,477,4
2052,68755d8fc9327eb904ad18f3,Prompt 60,True,0.8,192.3,43.0,1380000000.0,877000000.0,6669991936.0,0.5700000000000001,1900-01-01 15:42:07,477,5
2053,68755d8fc9327eb904ad18f4,Prompt 60,True,0.8,192.3,43.0,1380000000.0,877000000.0,6669991936.0,0.5700000000000001,1900-01-01 15:42:07,477,6
2054,68755d8fc9327eb904ad18f5,Prompt 60,True,0.8,192.3,43.0,1380000000.0,877000000.0,6669991936.0,0.5700000000000001,1900-01-01 15:42:07,478,7
2055,68755d8fc9327eb904ad18f6,Prompt 60,True,0.8,192.3,43.0,1380000000.0,877000000.0,6669991936.0,0.5700000000000001,1900-01-01 15:42:07,478,8
2056,68755d90c9327eb904ad18f7,Prompt 60,True,0.8,192.3,43.0,1380000000.0,877000000.0,6669991936.0,0.5700000000000001,1900-01-01 15:42:08,478,9
2057,68755d90c9327eb904ad18f8,Prompt 60,True,0.8,192.3,43.0,1380000000.0,877000000.0,6669991936.0,0.5700000000000001,1900-01-01 15:42:08,478,10
2058,68755d90c9327eb904ad18f9,Prompt 60,True,0.8,192.3,43.0,1380000000.0,877000000.0,6669991936.0,0.5700000000000001,1900-01-01 15:42:08,479,11
2059,68755d90c9327eb904ad18fa,Prompt 60,True,0.8,192.3,43.0,1380000000.0,877000000.0,6669991936.0,0.5700000000000001,1900-01-01 15:42:08,479,12
2060,68755d91c9327eb904ad18fb,Prompt 60,True,0.8,192.3,43.0,1380000000.0,877000000.0,6669991936.0,0.5700000000000001,1900-01-01 15:42:09,479,13
2061,68755d91c9327eb904ad18fc,Prompt 60,True,0.8,192.3,43.0,1380000000.0,877000000.0,6669991936.0,0.5700000000000001,1900-01-01 15:42:09,479,14
2062,68755d91c9327eb904ad18fd,Prompt 60,True,0.8,192.3,43.0,1380000000.0,877000000.0,6669991936.0,0.5700000000000001,1900-01-01 15:42:09,480,15
2063,68755d91c9327eb904ad18fe,Prompt 60,True,0.8,192.3,43.0,1380000000.0,877000000.0,6669991936.0,0.5700000000000001,1900-01-01 15:42:09,480,16
2064,68755d91c9327eb904ad18ff,Prompt 60,True,0.8,192.3,43.0,1380000000.0,877000000.0,6669991936.0,0.5700000000000001,1900-01-01 15:42:09,480,17
2065,68755d92c9327eb904ad1900,Prompt 60,True,0.8,192.3,43.0,1380000000.0,877000000.0,6669991936.0,0.5700000000000001,1900-01-01 15:42:10,480,18
2066,68755d92c9327eb904ad1901,Prompt 60,True,0.8,192.3,43.0,1380000000.0,877000000.0,6669991936.0,0.5700000000000001,1900-01-01 15:42:10,481,19
2067,68755d92c9327eb904ad1902,,True,,,,,,,,1900-01-01 15:42:10,,
2068,68755d92c9327eb904ad1903,Prompt 61,True,0.8,192.3,43.0,1380000000.0,877000000.0,6669991936.0,0.5700000000000001,1900-01-01 15:42:10,481,1
2069,68755d93c9327eb904ad1904,Prompt 61,True,0.8,192.3,43.0,1380000000.0,877000000.0,6669991936.0,0.5700000000000001,1900-01-01 15:42:11,481,2
2070,68755d93c9327eb904ad1905,Prompt 61,True,0.8,192.3,43.0,1380000000.0,877000000.0,6669991936.0,0.5700000000000001,1900-01-01 15:42:11,481,3
2071,68755d93c9327eb904ad1906,Prompt 61,True,0.8,192.3,43.0,1380000000.0,877000000.0,6669991936.0,0.5700000000000001,1900-01-01 15:42:11,482,4
2072,68755d93c9327eb904ad1907,Prompt 61,True,0.8,192.3,43.0,1380000000.0,877000000.0,6669991936.0,0.5700000000000001,1900-01-01 15:42:11,482,5
2073,68755d94c9327eb904ad1908,Prompt 61,True,0.8,192.3,43.0,1380000000.0,877000000.0,6669991936.0,0.5700000000000001,1900-01-01 15:42:12,482,6
2074,68755d94c9327eb904ad1909,Prompt 61,True,0.8,192.3,43.0,1380000000.0,877000000.0,6669991936.0,0.5700000000000001,1900-01-01 15:42:12,482,7
2075,68755d94c9327eb904ad190a,Prompt 61,True,0.8,192.3,43.0,1380000000.0,877000000.0,6669991936.0,0.5700000000000001,1900-01-01 15:42:12,483,8
2076,68755d94c9327eb904ad190b,Prompt 61,True,0.8,192.3,43.0,1380000000.0,877000000.0,6669991936.0,0.5700000000000001,1900-01-01 15:42:12,483,9
2077,68755d95c9327eb904ad190c,Prompt 61,True,0.8,192.3,43.0,1380000000.0,877000000.0,6669991936.0,0.5700000000000001,1900-01-01 15:42:13,483,10
2078,68755d95c9327eb904ad190d,Prompt 61,True,0.8,192.3,43.0,1380000000.0,877000000.0,6669991936.0,0.5700000000000001,1900-01-01 15:42:13,483,11
2079,68755d95c9327eb904ad190e,Prompt 61,True,0.8,192.3,43.0,1380000000.0,877000000.0,6669991936.0,0.5700000000000001,1900-01-01 15:42:13,484,12
2080,68755d95c9327eb904ad190f,Prompt 61,True,0.8,192.3,43.0,1380000000.0,877000000.0,6669991936.0,0.5700000000000001,1900-01-01 15:42:13,484,13
2081,68755d96c9327eb904ad1910,Prompt 61,True,0.8,192.3,43.0,1380000000.0,877000000.0,6669991936.0,0.5700000000000001,1900-01-01 15:42:14,484,14
2082,68755d96c9327eb904ad1911,Prompt 61,True,0.8,192.3,43.0,1380000000.0,877000000.0,6669991936.0,0.5700000000000001,1900-01-01 15:42:14,484,15
2083,68755d96c9327eb904ad1912,Prompt 61,True,0.8,192.3,43.0,1380000000.0,877000000.0,6669991936.0,0.5700000000000001,1900-01-01 15:42:14,485,16
2084,68755d96c9327eb904ad1913,Prompt 61,True,0.8,192.3,43.0,1380000000.0,877000000.0,6669991936.0,0.5700000000000001,1900-01-01 15:42:14,485,17
2085,68755d97c9327eb904ad1914,Prompt 61,True,0.8,192.3,43.0,1380000000.0,877000000.0,6669991936.0,0.5700000000000001,1900-01-01 15:42:15,485,18
2086,68755d97c9327eb904ad1915,Prompt 61,True,0.8,192.3,43.0,1380000000.0,877000000.0,6669991936.0,0.5700000000000001,1900-01-01 15:42:15,485,19
2087,68755d97c9327eb904ad1916,Prompt 61,True,0.8,192.3,43.0,1380000000.0,877000000.0,6669991936.0,0.5700000000000001,1900-01-01 15:42:15,486,20
2088,68755d97c9327eb904ad1917,Prompt 61,True,0.8,192.3,43.0,1380000000.0,877000000.0,6669991936.0,0.5700000000000001,1900-01-01 15:42:15,486,21
2089,68755d97c9327eb904ad1918,Prompt 61,True,0.8,192.3,43.0,1380000000.0,877000000.0,6669991936.0,0.5700000000000001,1900-01-01 15:42:15,486,22
2090,68755d98c9327eb904ad1919,Prompt 61,True,0.8,192.3,43.0,1380000000.0,877000000.0,6669991936.0,0.5700000000000001,1900-01-01 15:42:16,486,23
2091,68755d98c9327eb904ad191a,Prompt 61,True,0.8,192.3,43.0,1380000000.0,877000000.0,6669991936.0,0.5700000000000001,1900-01-01 15:42:16,487,24
2092,68755d98c9327eb904ad191b,Prompt 61,True,0.8,192.3,43.0,1380000000.0,877000000.0,6669991936.0,0.5700000000000001,1900-01-01 15:42:16,487,25
2093,68755d98c9327eb904ad191c,,True,,,,,,,,1900-01-01 15:42:16,,
2094,68755d98c9327eb904ad191d,Prompt 62,True,0.8,192.3,43.0,1380000000.0,877000000.0,6669991936.0,0.5700000000000001,1900-01-01 15:42:16,487,1
2095,68755d99c9327eb904ad191e,Prompt 62,True,0.8,192.3,43.0,1380000000.0,877000000.0,6669991936.0,0.5700000000000001,1900-01-01 15:42:17,487,2
2096,68755d99c9327eb904ad191f,Prompt 62,True,0.8,192.3,43.0,1380000000.0,877000000.0,6669991936.0,0.5700000000000001,1900-01-01 15:42:17,487,3
2097,68755d99c9327eb904ad1920,Prompt 62,True,0.8,192.3,43.0,1380000000.0,877000000.0,6669991936.0,0.5700000000000001,1900-01-01 15:42:17,488,4
2098,68755d99c9327eb904ad1921,Prompt 62,True,0.8,192.3,43.0,1380000000.0,877000000.0,6669991936.0,0.56,1900-01-01 15:42:17,488,5
2099,68755d9ac9327eb904ad1922,Prompt 62,True,0.8,188.64,43.0,1380000000.0,877000000.0,6669991936.0,0.56,1900-01-01 15:42:18,488,6
2100,68755d9ac9327eb904ad1923,Prompt 62,True,0.8,188.64,43.0,1380000000.0,877000000.0,6669991936.0,0.56,1900-01-01 15:42:18,488,7
2101,68755d9ac9327eb904ad1924,Prompt 62,True,0.8,188.64,43.0,1380000000.0,877000000.0,6669991936.0,0.56,1900-01-01 15:42:18,489,8
2102,68755d9ac9327eb904ad1925,Prompt 62,True,0.8,188.64,43.0,1380000000.0,877000000.0,6669991936.0,0.56,1900-01-01 15:42:18,489,9
2103,68755d9bc9327eb904ad1926,Prompt 62,True,0.8,188.64,43.0,1380000000.0,877000000.0,6669991936.0,0.56,1900-01-01 15:42:19,489,10
2104,68755d9bc9327eb904ad1927,Prompt 62,True,0.8,188.64,43.0,1380000000.0,877000000.0,6669991936.0,0.56,1900-01-01 15:42:19,489,11
2105,68755d9bc9327eb904ad1928,Prompt 62,True,0.8,188.64,43.0,1380000000.0,877000000.0,6669991936.0,0.56,1900-01-01 15:42:19,490,12
2106,68755d9bc9327eb904ad1929,Prompt 62,True,0.8,188.64,43.0,1380000000.0,877000000.0,6669991936.0,0.56,1900-01-01 15:42:19,490,13
2107,68755d9bc9327eb904ad192a,Prompt 62,True,0.8,188.64,43.0,1380000000.0,877000000.0,6669991936.0,0.56,1900-01-01 15:42:19,490,14
2108,68755d9cc9327eb904ad192b,Prompt 62,True,0.8,188.64,43.0,1380000000.0,877000000.0,6669991936.0,0.56,1900-01-01 15:42:20,490,15
2109,68755d9cc9327eb904ad192c,Prompt 62,True,0.8,188.64,43.0,1380000000.0,877000000.0,6669991936.0,0.56,1900-01-01 15:42:20,490,16
2110,68755d9cc9327eb904ad192d,Prompt 62,True,0.8,188.64,43.0,1380000000.0,877000000.0,6669991936.0,0.56,1900-01-01 15:42:20,491,17
2111,68755d9dc9327eb904ad192e,Prompt 62,True,0.8,188.64,43.0,1380000000.0,877000000.0,6669991936.0,0.56,1900-01-01 15:42:21,491,18
2112,68755d9dc9327eb904ad192f,Prompt 62,True,0.8,188.64,43.0,1380000000.0,877000000.0,6669991936.0,0.56,1900-01-01 15:42:21,491,19
2113,68755d9dc9327eb904ad1930,Prompt 62,True,0.8,188.64,43.0,1380000000.0,877000000.0,6669991936.0,0.56,1900-01-01 15:42:21,492,20
2114,68755d9dc9327eb904ad1931,Prompt 62,True,0.8,188.64,43.0,1380000000.0,877000000.0,6669991936.0,0.56,1900-01-01 15:42:21,492,21
2115,68755d9dc9327eb904ad1932,Prompt 62,True,0.8,188.64,43.0,1380000000.0,877000000.0,6669991936.0,0.56,1900-01-01 15:42:21,492,22
2116,68755d9ec9327eb904ad1933,Prompt 62,True,0.8,188.64,43.0,1380000000.0,877000000.0,6669991936.0,0.56,1900-01-01 15:42:22,492,23
2117,68755d9ec9327eb904ad1934,Prompt 62,True,0.8,188.64,43.0,1380000000.0,877000000.0,6669991936.0,0.56,1900-01-01 15:42:22,493,24
2118,68755d9ec9327eb904ad1935,,True,,,,,,,,1900-01-01 15:42:22,,
2119,68755d9ec9327eb904ad1936,Prompt 63,True,0.8,188.64,43.0,1380000000.0,877000000.0,6669991936.0,0.56,1900-01-01 15:42:22,493,1
2120,68755d9ec9327eb904ad1937,Prompt 63,True,0.8,188.64,43.0,1380000000.0,877000000.0,6669991936.0,0.56,1900-01-01 15:42:22,493,2
2121,68755d9fc9327eb904ad1938,Prompt 63,True,0.8,188.64,43.0,1380000000.0,877000000.0,6669991936.0,0.56,1900-01-01 15:42:23,493,3
2122,68755d9fc9327eb904ad1939,Prompt 63,True,0.8,188.64,43.0,1380000000.0,877000000.0,6669991936.0,0.56,1900-01-01 15:42:23,493,4
2123,68755d9fc9327eb904ad193a,Prompt 63,True,0.8,188.64,43.0,1380000000.0,877000000.0,6669991936.0,0.56,1900-01-01 15:42:23,494,5
2124,68755d9fc9327eb904ad193b,Prompt 63,True,0.8,188.64,43.0,1380000000.0,877000000.0,6669991936.0,0.56,1900-01-01 15:42:23,494,6
2125,68755da0c9327eb904ad193c,Prompt 63,True,0.8,188.64,43.0,1380000000.0,877000000.0,6669991936.0,0.56,1900-01-01 15:42:24,494,7
2126,68755da0c9327eb904ad193d,Prompt 63,True,0.8,188.64,43.0,1380000000.0,877000000.0,6669991936.0,0.56,1900-01-01 15:42:24,494,8
2127,68755da0c9327eb904ad193e,Prompt 63,True,0.8,188.64,43.0,1380000000.0,877000000.0,6669991936.0,0.56,1900-01-01 15:42:24,495,9
2128,68755da0c9327eb904ad193f,Prompt 63,True,0.8,188.64,43.0,1380000000.0,877000000.0,6669991936.0,0.56,1900-01-01 15:42:24,495,10
2129,68755da1c9327eb904ad1940,Prompt 63,True,0.8,188.64,43.0,1380000000.0,877000000.0,6669991936.0,0.56,1900-01-01 15:42:25,495,11
2130,68755da1c9327eb904ad1941,Prompt 63,True,0.8,188.64,43.0,1380000000.0,877000000.0,6669991936.0,0.56,1900-01-01 15:42:25,495,12
2131,68755da1c9327eb904ad1942,Prompt 63,True,0.8,188.64,43.0,1380000000.0,877000000.0,6669991936.0,0.56,1900-01-01 15:42:25,496,13
2132,68755da1c9327eb904ad1943,Prompt 63,True,0.8,188.64,43.0,1380000000.0,877000000.0,6669991936.0,0.56,1900-01-01 15:42:25,496,14
2133,68755da2c9327eb904ad1944,Prompt 63,True,0.8,188.64,43.0,1380000000.0,877000000.0,6669991936.0,0.56,1900-01-01 15:42:26,496,15
2134,68755da2c9327eb904ad1945,Prompt 63,True,0.8,188.64,43.0,1380000000.0,877000000.0,6669991936.0,0.56,1900-01-01 15:42:26,496,16
2135,68755da2c9327eb904ad1946,Prompt 63,True,0.8,188.64,43.0,1380000000.0,877000000.0,6669991936.0,0.56,1900-01-01 15:42:26,497,17
2136,68755da2c9327eb904ad1947,Prompt 63,True,0.8,188.64,43.0,1380000000.0,877000000.0,6669991936.0,0.56,1900-01-01 15:42:26,497,18
2137,68755da3c9327eb904ad1948,Prompt 63,True,0.8,188.64,43.0,1380000000.0,877000000.0,6669991936.0,0.56,1900-01-01 15:42:27,497,19
2138,68755da3c9327eb904ad1949,Prompt 63,True,0.8,188.64,43.0,1380000000.0,877000000.0,6669991936.0,0.56,1900-01-01 15:42:27,497,20
2139,68755da3c9327eb904ad194a,,True,,,,,,,,1900-01-01 15:42:27,,
2140,68755da3c9327eb904ad194b,Prompt 64,True,0.8,188.64,43.0,1380000000.0,877000000.0,6669991936.0,0.56,1900-01-01 15:42:27,498,1
2141,68755da3c9327eb904ad194c,Prompt 64,True,0.8,188.64,43.0,1380000000.0,877000000.0,6669991936.0,0.56,1900-01-01 15:42:27,498,2
2142,68755da4c9327eb904ad194d,Prompt 64,True,0.8,188.64,43.0,1380000000.0,877000000.0,6669991936.0,0.56,1900-01-01 15:42:28,498,3
2143,68755da4c9327eb904ad194e,Prompt 64,True,0.8,188.64,43.0,1380000000.0,877000000.0,6669991936.0,0.56,1900-01-01 15:42:28,498,4
2144,68755da4c9327eb904ad194f,Prompt 64,True,0.8,188.64,43.0,1380000000.0,877000000.0,6669991936.0,0.56,1900-01-01 15:42:28,499,5
2145,68755da4c9327eb904ad1950,Prompt 64,True,0.8,188.64,43.0,1380000000.0,877000000.0,6669991936.0,0.56,1900-01-01 15:42:28,499,6
2146,68755da4c9327eb904ad1951,Prompt 64,True,0.8,188.64,43.0,1380000000.0,877000000.0,6669991936.0,0.56,1900-01-01 15:42:28,499,7
2147,68755da5c9327eb904ad1952,Prompt 64,True,0.8,188.64,43.0,1380000000.0,877000000.0,6669991936.0,0.56,1900-01-01 15:42:29,499,8
2148,68755da5c9327eb904ad1953,Prompt 64,True,0.8,188.64,43.0,1380000000.0,877000000.0,6669991936.0,0.56,1900-01-01 15:42:29,499,9
2149,68755da5c9327eb904ad1954,Prompt 64,True,0.8,188.64,43.0,1380000000.0,877000000.0,6669991936.0,0.56,1900-01-01 15:42:29,500,10
2150,68755da5c9327eb904ad1955,Prompt 64,True,0.8,188.64,43.0,1380000000.0,877000000.0,6669991936.0,0.56,1900-01-01 15:42:29,500,11
2151,68755da6c9327eb904ad1956,Prompt 64,True,0.8,188.64,43.0,1380000000.0,877000000.0,6669991936.0,0.56,1900-01-01 15:42:30,500,12
2152,68755da6c9327eb904ad1957,Prompt 64,True,0.8,188.64,43.0,1380000000.0,877000000.0,6669991936.0,0.56,1900-01-01 15:42:30,500,13
2153,68755da6c9327eb904ad1958,Prompt 64,True,0.8,188.64,43.0,1380000000.0,877000000.0,6669991936.0,0.56,1900-01-01 15:42:30,501,14
2154,68755da6c9327eb904ad1959,Prompt 64,True,0.8,188.64,43.0,1380000000.0,877000000.0,6669991936.0,0.56,1900-01-01 15:42:30,501,15
2155,68755da7c9327eb904ad195a,Prompt 64,True,0.8,188.64,43.0,1380000000.0,877000000.0,6669991936.0,0.56,1900-01-01 15:42:31,501,16
2156,68755da7c9327eb904ad195b,Prompt 64,True,0.8,188.64,43.0,1380000000.0,877000000.0,6669991936.0,0.56,1900-01-01 15:42:31,501,17
2157,68755da7c9327eb904ad195c,Prompt 64,True,0.8,188.64,43.0,1380000000.0,877000000.0,6669991936.0,0.56,1900-01-01 15:42:31,502,18
2158,68755da7c9327eb904ad195d,Prompt 64,True,0.8,188.64,43.0,1380000000.0,877000000.0,6669991936.0,0.56,1900-01-01 15:42:31,502,19
2159,68755da8c9327eb904ad195e,Prompt 64,True,0.8,188.64,43.0,1380000000.0,877000000.0,6669991936.0,0.56,1900-01-01 15:42:32,502,20
2160,68755da8c9327eb904ad195f,Prompt 64,True,0.8,188.64,43.0,1380000000.0,877000000.0,6669991936.0,0.56,1900-01-01 15:42:32,502,21
2161,68755da8c9327eb904ad1960,Prompt 64,True,0.8,188.64,43.0,1380000000.0,877000000.0,6669991936.0,0.56,1900-01-01 15:42:32,503,22
2162,68755da8c9327eb904ad1961,Prompt 64,True,0.8,188.64,43.0,1380000000.0,877000000.0,6669991936.0,0.56,1900-01-01 15:42:32,503,23
2163,68755da8c9327eb904ad1962,Prompt 64,True,0.8,187.83,44.0,1380000000.0,877000000.0,6669991936.0,0.53,1900-01-01 15:42:32,503,24
2164,68755da9c9327eb904ad1963,Prompt 64,True,0.81,187.83,44.0,1380000000.0,877000000.0,6669991936.0,0.53,1900-01-01 15:42:33,503,25
2165,68755da9c9327eb904ad1964,Prompt 64,True,0.81,187.83,44.0,1380000000.0,877000000.0,6669991936.0,0.53,1900-01-01 15:42:33,504,26
2166,68755da9c9327eb904ad1965,Prompt 64,True,0.81,187.83,44.0,1380000000.0,877000000.0,6669991936.0,0.53,1900-01-01 15:42:33,504,27
2167,68755da9c9327eb904ad1966,Prompt 64,True,0.81,187.83,44.0,1380000000.0,877000000.0,6669991936.0,0.53,1900-01-01 15:42:33,504,28
2168,68755daac9327eb904ad1967,Prompt 64,True,0.81,187.83,44.0,1380000000.0,877000000.0,6669991936.0,0.53,1900-01-01 15:42:34,504,29
2169,68755daac9327eb904ad1968,Prompt 64,True,0.81,187.83,44.0,1380000000.0,877000000.0,6669991936.0,0.53,1900-01-01 15:42:34,504,30
2170,68755daac9327eb904ad1969,Prompt 64,True,0.81,187.83,44.0,1380000000.0,877000000.0,6669991936.0,0.53,1900-01-01 15:42:34,505,31
2171,68755daac9327eb904ad196a,Prompt 64,True,0.81,187.83,44.0,1380000000.0,877000000.0,6669991936.0,0.53,1900-01-01 15:42:34,505,32
2172,68755dabc9327eb904ad196b,Prompt 64,True,0.81,187.83,44.0,1380000000.0,877000000.0,6669991936.0,0.53,1900-01-01 15:42:35,505,33
2173,68755dabc9327eb904ad196c,Prompt 64,True,0.81,187.83,44.0,1380000000.0,877000000.0,6669991936.0,0.53,1900-01-01 15:42:35,505,34
2174,68755dabc9327eb904ad196d,Prompt 64,True,0.81,187.83,44.0,1380000000.0,877000000.0,6669991936.0,0.53,1900-01-01 15:42:35,506,35
2175,68755dabc9327eb904ad196e,Prompt 64,True,0.81,187.83,44.0,1380000000.0,877000000.0,6669991936.0,0.53,1900-01-01 15:42:35,506,36
2176,68755dacc9327eb904ad196f,Prompt 64,True,0.81,187.83,44.0,1380000000.0,877000000.0,6669991936.0,0.53,1900-01-01 15:42:36,506,37
2177,68755dacc9327eb904ad1970,Prompt 64,True,0.81,187.83,44.0,1380000000.0,877000000.0,6669991936.0,0.53,1900-01-01 15:42:36,506,38
2178,68755dacc9327eb904ad1971,Prompt 64,True,0.81,187.83,44.0,1380000000.0,877000000.0,6669991936.0,0.53,1900-01-01 15:42:36,507,39
2179,68755dacc9327eb904ad1972,Prompt 64,True,0.81,187.83,44.0,1380000000.0,877000000.0,6669991936.0,0.53,1900-01-01 15:42:36,507,40
2180,68755dacc9327eb904ad1973,Prompt 64,True,0.81,187.83,44.0,1380000000.0,877000000.0,6669991936.0,0.53,1900-01-01 15:42:36,507,41
2181,68755dadc9327eb904ad1974,Prompt 64,True,0.81,187.83,44.0,1380000000.0,877000000.0,6669991936.0,0.53,1900-01-01 15:42:37,507,42
2182,68755dadc9327eb904ad1975,Prompt 64,True,0.81,187.83,44.0,1380000000.0,877000000.0,6669991936.0,0.53,1900-01-01 15:42:37,508,43
2183,68755dadc9327eb904ad1976,Prompt 64,True,0.81,187.83,44.0,1380000000.0,877000000.0,6669991936.0,0.53,1900-01-01 15:42:37,508,44
2184,68755daec9327eb904ad1977,Prompt 64,True,0.81,187.83,44.0,1380000000.0,877000000.0,6669991936.0,0.53,1900-01-01 15:42:38,508,45
2185,68755daec9327eb904ad1978,Prompt 64,True,0.81,187.83,44.0,1380000000.0,877000000.0,6669991936.0,0.53,1900-01-01 15:42:38,508,46
2186,68755daec9327eb904ad1979,Prompt 64,True,0.81,187.83,44.0,1380000000.0,877000000.0,6669991936.0,0.53,1900-01-01 15:42:38,509,47
2187,68755daec9327eb904ad197a,Prompt 64,True,0.81,187.83,44.0,1380000000.0,877000000.0,6669991936.0,0.53,1900-01-01 15:42:38,509,48
2188,68755daec9327eb904ad197b,Prompt 64,True,0.81,187.83,44.0,1380000000.0,877000000.0,6669991936.0,0.53,1900-01-01 15:42:38,509,49
2189,68755dafc9327eb904ad197c,Prompt 64,True,0.81,187.83,44.0,1380000000.0,877000000.0,6669991936.0,0.53,1900-01-01 15:42:39,509,50
2190,68755dafc9327eb904ad197d,Prompt 64,True,0.81,187.83,44.0,1380000000.0,877000000.0,6669991936.0,0.53,1900-01-01 15:42:39,510,51
2191,68755dafc9327eb904ad197e,Prompt 64,True,0.81,187.83,44.0,1380000000.0,877000000.0,6669991936.0,0.53,1900-01-01 15:42:39,510,52
2192,68755dafc9327eb904ad197f,Prompt 64,True,0.81,187.83,44.0,1380000000.0,877000000.0,6669991936.0,0.53,1900-01-01 15:42:39,510,53
2193,68755db0c9327eb904ad1980,Prompt 64,True,0.81,187.83,44.0,1380000000.0,877000000.0,6669991936.0,0.53,1900-01-01 15:42:40,510,54
2194,68755db0c9327eb904ad1981,Prompt 64,True,0.81,187.83,44.0,1380000000.0,877000000.0,6669991936.0,0.53,1900-01-01 15:42:40,510,55
2195,68755db0c9327eb904ad1982,Prompt 64,True,0.81,187.83,44.0,1380000000.0,877000000.0,6669991936.0,0.53,1900-01-01 15:42:40,511,56
2196,68755db0c9327eb904ad1983,,True,,,,,,,,1900-01-01 15:42:40,,
2197,68755db0c9327eb904ad1984,Prompt 65,True,0.81,187.83,44.0,1380000000.0,877000000.0,6669991936.0,0.53,1900-01-01 15:42:40,511,1
2198,68755db1c9327eb904ad1985,Prompt 65,True,0.81,187.83,44.0,1380000000.0,877000000.0,6669991936.0,0.53,1900-01-01 15:42:41,511,2
2199,68755db1c9327eb904ad1986,Prompt 65,True,0.81,187.83,44.0,1380000000.0,877000000.0,6669991936.0,0.53,1900-01-01 15:42:41,511,3
2200,68755db1c9327eb904ad1987,Prompt 65,True,0.81,187.83,44.0,1380000000.0,877000000.0,6669991936.0,0.53,1900-01-01 15:42:41,512,4
2201,68755db1c9327eb904ad1988,Prompt 65,True,0.81,187.83,44.0,1380000000.0,877000000.0,6669991936.0,0.53,1900-01-01 15:42:41,512,5
2202,68755db2c9327eb904ad1989,Prompt 65,True,0.81,187.83,44.0,1380000000.0,877000000.0,6669991936.0,0.53,1900-01-01 15:42:42,512,6
2203,68755db2c9327eb904ad198a,Prompt 65,True,0.81,187.83,44.0,1380000000.0,877000000.0,6669991936.0,0.53,1900-01-01 15:42:42,512,7
2204,68755db2c9327eb904ad198b,Prompt 65,True,0.81,187.83,44.0,1380000000.0,877000000.0,6669991936.0,0.53,1900-01-01 15:42:42,513,8
2205,68755db2c9327eb904ad198c,Prompt 65,True,0.81,187.83,44.0,1380000000.0,877000000.0,6669991936.0,0.53,1900-01-01 15:42:42,513,9
2206,68755db3c9327eb904ad198d,Prompt 65,True,0.81,187.83,44.0,1380000000.0,877000000.0,6669991936.0,0.53,1900-01-01 15:42:43,513,10
2207,68755db3c9327eb904ad198e,Prompt 65,True,0.81,187.83,44.0,1380000000.0,877000000.0,6669991936.0,0.53,1900-01-01 15:42:43,513,11
2208,68755db3c9327eb904ad198f,Prompt 65,True,0.81,187.83,44.0,1380000000.0,877000000.0,6669991936.0,0.53,1900-01-01 15:42:43,514,12
2209,68755db3c9327eb904ad1990,Prompt 65,True,0.81,187.83,44.0,1380000000.0,877000000.0,6669991936.0,0.53,1900-01-01 15:42:43,514,13
2210,68755db4c9327eb904ad1991,Prompt 65,True,0.81,187.83,44.0,1380000000.0,877000000.0,6669991936.0,0.53,1900-01-01 15:42:44,514,14
2211,68755db4c9327eb904ad1992,Prompt 65,True,0.81,187.83,44.0,1380000000.0,877000000.0,6669991936.0,0.53,1900-01-01 15:42:44,514,15
2212,68755db4c9327eb904ad1993,Prompt 65,True,0.81,187.83,44.0,1380000000.0,877000000.0,6669991936.0,0.53,1900-01-01 15:42:44,515,16
2213,68755db4c9327eb904ad1994,Prompt 65,True,0.81,187.83,44.0,1380000000.0,877000000.0,6669991936.0,0.53,1900-01-01 15:42:44,515,17
2214,68755db4c9327eb904ad1995,Prompt 65,True,0.81,187.83,44.0,1380000000.0,877000000.0,6669991936.0,0.53,1900-01-01 15:42:44,515,18
2215,68755db5c9327eb904ad1996,Prompt 65,True,0.81,187.83,44.0,1380000000.0,877000000.0,6669991936.0,0.53,1900-01-01 15:42:45,515,19
2216,68755db5c9327eb904ad1997,Prompt 65,True,0.81,187.83,44.0,1380000000.0,877000000.0,6669991936.0,0.53,1900-01-01 15:42:45,515,20
2217,68755db5c9327eb904ad1998,Prompt 65,True,0.81,187.83,44.0,1380000000.0,877000000.0,6669991936.0,0.53,1900-01-01 15:42:45,516,21
2218,68755db5c9327eb904ad1999,Prompt 65,True,0.81,187.83,44.0,1380000000.0,877000000.0,6669991936.0,0.53,1900-01-01 15:42:45,516,22
2219,68755db6c9327eb904ad199a,Prompt 65,True,0.81,187.83,44.0,1380000000.0,877000000.0,6669991936.0,0.53,1900-01-01 15:42:46,516,23
2220,68755db6c9327eb904ad199b,Prompt 65,True,0.81,187.83,44.0,1380000000.0,877000000.0,6669991936.0,0.53,1900-01-01 15:42:46,516,24
2221,68755db6c9327eb904ad199c,Prompt 65,True,0.81,187.83,44.0,1380000000.0,877000000.0,6669991936.0,0.53,1900-01-01 15:42:46,517,25
2222,68755db7c9327eb904ad199d,Prompt 65,True,0.81,187.83,44.0,1380000000.0,877000000.0,6669991936.0,0.53,1900-01-01 15:42:47,517,26
2223,68755db7c9327eb904ad199e,Prompt 65,True,0.81,187.83,44.0,1380000000.0,877000000.0,6669991936.0,0.53,1900-01-01 15:42:47,517,27
2224,68755db7c9327eb904ad199f,Prompt 65,True,0.81,187.83,44.0,1380000000.0,877000000.0,6669991936.0,0.53,1900-01-01 15:42:47,518,28
2225,68755db7c9327eb904ad19a0,,True,,,,,,,,1900-01-01 15:42:47,,
2226,68755db7c9327eb904ad19a1,Prompt 66,True,0.81,187.83,44.0,1380000000.0,877000000.0,6669991936.0,0.53,1900-01-01 15:42:47,518,1
2227,68755db8c9327eb904ad19a2,Prompt 66,True,0.48,179.74,43.0,1380000000.0,877000000.0,6669991936.0,0.28,1900-01-01 15:42:48,518,2
2228,68755db8c9327eb904ad19a3,Prompt 66,True,0.48,179.74,43.0,1380000000.0,877000000.0,6669991936.0,0.28,1900-01-01 15:42:48,518,3
2229,68755db8c9327eb904ad19a4,Prompt 66,True,0.48,179.74,43.0,1380000000.0,877000000.0,6669991936.0,0.28,1900-01-01 15:42:48,519,4
2230,68755db8c9327eb904ad19a5,Prompt 66,True,0.48,179.74,43.0,1380000000.0,877000000.0,6669991936.0,0.28,1900-01-01 15:42:48,519,5
2231,68755db8c9327eb904ad19a6,Prompt 66,True,0.48,179.74,43.0,1380000000.0,877000000.0,6669991936.0,0.28,1900-01-01 15:42:48,519,6
2232,68755db9c9327eb904ad19a7,Prompt 66,True,0.48,179.74,43.0,1380000000.0,877000000.0,6669991936.0,0.28,1900-01-01 15:42:49,519,7
2233,68755db9c9327eb904ad19a8,Prompt 66,True,0.48,179.74,43.0,1380000000.0,877000000.0,6669991936.0,0.28,1900-01-01 15:42:49,519,8
2234,68755db9c9327eb904ad19a9,Prompt 66,True,0.48,179.74,43.0,1380000000.0,877000000.0,6669991936.0,0.28,1900-01-01 15:42:49,520,9
2235,68755db9c9327eb904ad19aa,Prompt 66,True,0.48,179.74,43.0,1380000000.0,877000000.0,6669991936.0,0.28,1900-01-01 15:42:49,520,10
2236,68755dbac9327eb904ad19ab,Prompt 66,True,0.48,179.74,43.0,1380000000.0,877000000.0,6669991936.0,0.28,1900-01-01 15:42:50,520,11
2237,68755dbac9327eb904ad19ac,Prompt 66,True,0.48,179.74,43.0,1380000000.0,877000000.0,6669991936.0,0.28,1900-01-01 15:42:50,521,12
2238,68755dbac9327eb904ad19ad,Prompt 66,True,0.48,179.74,43.0,1380000000.0,877000000.0,6669991936.0,0.28,1900-01-01 15:42:50,521,13
2239,68755dbac9327eb904ad19ae,Prompt 66,True,0.48,179.74,43.0,1380000000.0,877000000.0,6669991936.0,0.28,1900-01-01 15:42:50,521,14
2240,68755dbbc9327eb904ad19af,Prompt 66,True,0.48,179.74,43.0,1380000000.0,877000000.0,6669991936.0,0.28,1900-01-01 15:42:51,521,15
2241,68755dbbc9327eb904ad19b0,Prompt 66,True,0.48,179.74,43.0,1380000000.0,877000000.0,6669991936.0,0.28,1900-01-01 15:42:51,522,16
2242,68755dbbc9327eb904ad19b1,Prompt 66,True,0.48,179.74,43.0,1380000000.0,877000000.0,6669991936.0,0.28,1900-01-01 15:42:51,522,17
2243,68755dbcc9327eb904ad19b2,Prompt 66,True,0.48,179.74,43.0,1380000000.0,877000000.0,6669991936.0,0.28,1900-01-01 15:42:52,522,18
2244,68755dbcc9327eb904ad19b3,Prompt 66,True,0.48,179.74,43.0,1380000000.0,877000000.0,6669991936.0,0.28,1900-01-01 15:42:52,523,19
2245,68755dbdc9327eb904ad19b4,Prompt 66,True,0.48,179.74,43.0,1380000000.0,877000000.0,6669991936.0,0.28,1900-01-01 15:42:53,523,20
2246,68755dbdc9327eb904ad19b5,Prompt 66,True,0.48,179.74,43.0,1380000000.0,877000000.0,6669991936.0,0.28,1900-01-01 15:42:53,524,21
2247,68755dbec9327eb904ad19b6,Prompt 66,True,0.48,179.74,43.0,1380000000.0,877000000.0,6669991936.0,0.28,1900-01-01 15:42:54,524,22
2248,68755dbec9327eb904ad19b7,Prompt 66,True,0.48,179.74,43.0,1380000000.0,877000000.0,6669991936.0,0.28,1900-01-01 15:42:54,525,23
2249,68755dbec9327eb904ad19b8,Prompt 66,True,0.48,179.74,43.0,1380000000.0,877000000.0,6669991936.0,0.28,1900-01-01 15:42:54,525,24
2250,68755dbfc9327eb904ad19b9,Prompt 66,True,0.48,179.74,43.0,1380000000.0,877000000.0,6669991936.0,0.28,1900-01-01 15:42:55,525,25
2251,68755dbfc9327eb904ad19ba,Prompt 66,True,0.48,179.74,43.0,1380000000.0,877000000.0,6669991936.0,0.28,1900-01-01 15:42:55,526,26
2252,68755dc0c9327eb904ad19bb,Prompt 66,True,0.48,179.74,43.0,1380000000.0,877000000.0,6669991936.0,0.28,1900-01-01 15:42:56,526,27
2253,68755dc0c9327eb904ad19bc,Prompt 66,True,0.48,179.74,43.0,1380000000.0,877000000.0,6669991936.0,0.28,1900-01-01 15:42:56,527,28
2254,68755dc1c9327eb904ad19bd,Prompt 66,True,0.48,179.74,43.0,1380000000.0,877000000.0,6669991936.0,0.28,1900-01-01 15:42:57,527,29
2255,68755dc1c9327eb904ad19be,,True,,,,,,,,1900-01-01 15:42:56,,
2256,68755dc1c9327eb904ad19bf,Prompt 67,True,0.48,179.74,43.0,1380000000.0,877000000.0,6669991936.0,0.28,1900-01-01 15:42:57,528,1
2257,68755dc1c9327eb904ad19c0,Prompt 67,True,0.48,179.74,43.0,1380000000.0,877000000.0,6669991936.0,0.28,1900-01-01 15:42:57,528,2
2258,68755dc2c9327eb904ad19c1,Prompt 67,True,0.48,179.74,43.0,1380000000.0,877000000.0,6669991936.0,0.28,1900-01-01 15:42:58,529,3
2259,68755dc2c9327eb904ad19c2,Prompt 67,True,0.48,179.74,43.0,1380000000.0,877000000.0,6669991936.0,0.28,1900-01-01 15:42:58,529,4
2260,68755dc3c9327eb904ad19c3,Prompt 67,True,0.48,179.74,43.0,1380000000.0,877000000.0,6669991936.0,0.28,1900-01-01 15:42:59,529,5
2261,68755dc3c9327eb904ad19c4,Prompt 67,True,0.48,179.74,43.0,1380000000.0,877000000.0,6669991936.0,0.28,1900-01-01 15:42:59,530,6
2262,68755dc3c9327eb904ad19c5,Prompt 67,True,0.48,179.74,43.0,1380000000.0,877000000.0,6669991936.0,0.28,1900-01-01 15:42:59,530,7
2263,68755dc4c9327eb904ad19c6,Prompt 67,True,0.48,179.74,43.0,1380000000.0,877000000.0,6669991936.0,0.28,1900-01-01 15:43:00,530,8
2264,68755dc4c9327eb904ad19c7,Prompt 67,True,0.48,179.74,43.0,1380000000.0,877000000.0,6669991936.0,0.28,1900-01-01 15:43:00,531,9
2265,68755dc5c9327eb904ad19c8,Prompt 67,True,0.48,179.74,43.0,1380000000.0,877000000.0,6669991936.0,0.28,1900-01-01 15:43:01,531,10
2266,68755dc5c9327eb904ad19c9,Prompt 67,True,0.48,179.74,43.0,1380000000.0,877000000.0,6669991936.0,0.28,1900-01-01 15:43:01,532,11
2267,68755dc5c9327eb904ad19ca,Prompt 67,True,0.48,179.74,43.0,1380000000.0,877000000.0,6669991936.0,0.28,1900-01-01 15:43:01,532,12
2268,68755dc6c9327eb904ad19cb,Prompt 67,True,0.48,179.74,43.0,1380000000.0,877000000.0,6669991936.0,0.28,1900-01-01 15:43:02,532,13
2269,68755dc6c9327eb904ad19cc,Prompt 67,True,0.48,179.74,43.0,1380000000.0,877000000.0,6669991936.0,0.28,1900-01-01 15:43:02,533,14
2270,68755dc7c9327eb904ad19cd,Prompt 67,True,0.81,176.19,44.0,1380000000.0,877000000.0,6669991936.0,0.53,1900-01-01 15:43:03,533,15
2271,68755dc7c9327eb904ad19ce,Prompt 67,True,0.81,176.19,44.0,1380000000.0,877000000.0,6669991936.0,0.53,1900-01-01 15:43:03,534,16
2272,68755dc7c9327eb904ad19cf,Prompt 67,True,0.81,176.19,44.0,1380000000.0,877000000.0,6669991936.0,0.53,1900-01-01 15:43:03,534,17
2273,68755dc8c9327eb904ad19d0,Prompt 67,True,0.81,176.19,44.0,1380000000.0,877000000.0,6669991936.0,0.53,1900-01-01 15:43:04,534,18
2274,68755dc8c9327eb904ad19d1,Prompt 67,True,0.81,176.19,44.0,1380000000.0,877000000.0,6669991936.0,0.53,1900-01-01 15:43:04,535,19
2275,68755dc8c9327eb904ad19d2,Prompt 67,True,0.81,176.19,44.0,1380000000.0,877000000.0,6669991936.0,0.53,1900-01-01 15:43:04,535,20
2276,68755dc8c9327eb904ad19d3,,True,,,,,,,,1900-01-01 15:43:04,,
2277,68755dc9c9327eb904ad19d4,Prompt 68,True,0.81,176.19,44.0,1380000000.0,877000000.0,6669991936.0,0.53,1900-01-01 15:43:05,535,1
2278,68755dc9c9327eb904ad19d5,Prompt 68,True,0.81,176.19,44.0,1380000000.0,877000000.0,6669991936.0,0.53,1900-01-01 15:43:05,535,2
2279,68755dc9c9327eb904ad19d6,Prompt 68,True,0.81,176.19,44.0,1380000000.0,877000000.0,6669991936.0,0.53,1900-01-01 15:43:05,536,3
2280,68755dc9c9327eb904ad19d7,Prompt 68,True,0.81,176.19,44.0,1380000000.0,877000000.0,6669991936.0,0.53,1900-01-01 15:43:05,536,4
2281,68755dcac9327eb904ad19d8,Prompt 68,True,0.81,176.19,44.0,1380000000.0,877000000.0,6669991936.0,0.53,1900-01-01 15:43:06,536,5
2282,68755dcac9327eb904ad19d9,Prompt 68,True,0.81,176.19,44.0,1380000000.0,877000000.0,6669991936.0,0.53,1900-01-01 15:43:06,536,6
2283,68755dcac9327eb904ad19da,Prompt 68,True,0.81,176.19,44.0,1380000000.0,877000000.0,6669991936.0,0.53,1900-01-01 15:43:06,537,7
2284,68755dcac9327eb904ad19db,Prompt 68,True,0.81,176.19,44.0,1380000000.0,877000000.0,6669991936.0,0.53,1900-01-01 15:43:06,537,8
2285,68755dcac9327eb904ad19dc,Prompt 68,True,0.81,176.19,44.0,1380000000.0,877000000.0,6669991936.0,0.53,1900-01-01 15:43:06,537,9
2286,68755dcbc9327eb904ad19dd,Prompt 68,True,0.81,176.19,44.0,1380000000.0,877000000.0,6669991936.0,0.53,1900-01-01 15:43:07,537,10
2287,68755dcbc9327eb904ad19de,Prompt 68,True,0.81,176.19,44.0,1380000000.0,877000000.0,6669991936.0,0.53,1900-01-01 15:43:07,538,11
2288,68755dcbc9327eb904ad19df,Prompt 68,True,0.81,176.19,44.0,1380000000.0,877000000.0,6669991936.0,0.53,1900-01-01 15:43:07,538,12
2289,68755dcbc9327eb904ad19e0,Prompt 68,True,0.81,176.19,44.0,1380000000.0,877000000.0,6669991936.0,0.53,1900-01-01 15:43:07,538,13
2290,68755dccc9327eb904ad19e1,Prompt 68,True,0.81,176.19,44.0,1380000000.0,877000000.0,6669991936.0,0.53,1900-01-01 15:43:08,538,14
2291,68755dccc9327eb904ad19e2,Prompt 68,True,0.81,176.19,44.0,1380000000.0,877000000.0,6669991936.0,0.53,1900-01-01 15:43:08,538,15
2292,68755dccc9327eb904ad19e3,Prompt 68,True,0.81,176.19,44.0,1380000000.0,877000000.0,6669991936.0,0.53,1900-01-01 15:43:08,539,16
2293,68755dccc9327eb904ad19e4,Prompt 68,True,0.81,176.19,44.0,1380000000.0,877000000.0,6669991936.0,0.53,1900-01-01 15:43:08,539,17
2294,68755dcdc9327eb904ad19e5,Prompt 68,True,0.81,176.19,44.0,1380000000.0,877000000.0,6669991936.0,0.53,1900-01-01 15:43:09,539,18
2295,68755dcdc9327eb904ad19e6,Prompt 68,True,0.81,176.19,44.0,1380000000.0,877000000.0,6669991936.0,0.53,1900-01-01 15:43:09,539,19
2296,68755dcdc9327eb904ad19e7,Prompt 68,True,0.81,176.19,44.0,1380000000.0,877000000.0,6669991936.0,0.53,1900-01-01 15:43:09,540,20
2297,68755dcdc9327eb904ad19e8,Prompt 68,True,0.81,176.19,44.0,1380000000.0,877000000.0,6669991936.0,0.53,1900-01-01 15:43:09,540,21
2298,68755dcec9327eb904ad19e9,Prompt 68,True,0.81,176.19,44.0,1380000000.0,877000000.0,6669991936.0,0.53,1900-01-01 15:43:10,540,22
2299,68755dcec9327eb904ad19ea,Prompt 68,True,0.81,176.19,44.0,1380000000.0,877000000.0,6669991936.0,0.53,1900-01-01 15:43:10,540,23
2300,68755dcec9327eb904ad19eb,Prompt 68,True,0.81,176.19,44.0,1380000000.0,877000000.0,6669991936.0,0.53,1900-01-01 15:43:10,541,24
2301,68755dcec9327eb904ad19ec,Prompt 68,True,0.81,176.19,44.0,1380000000.0,877000000.0,6669991936.0,0.53,1900-01-01 15:43:10,541,25
2302,68755dcfc9327eb904ad19ed,Prompt 68,True,0.81,176.19,44.0,1380000000.0,877000000.0,6669991936.0,0.53,1900-01-01 15:43:11,541,26
2303,68755dcfc9327eb904ad19ee,Prompt 68,True,0.81,176.19,44.0,1380000000.0,877000000.0,6669991936.0,0.53,1900-01-01 15:43:11,541,27
2304,68755dcfc9327eb904ad19ef,Prompt 68,True,0.81,176.19,44.0,1380000000.0,877000000.0,6669991936.0,0.53,1900-01-01 15:43:11,542,28
2305,68755dcfc9327eb904ad19f0,Prompt 68,True,0.81,176.19,44.0,1380000000.0,877000000.0,6669991936.0,0.53,1900-01-01 15:43:11,542,29
2306,68755dcfc9327eb904ad19f1,Prompt 68,True,0.81,176.19,44.0,1380000000.0,877000000.0,6669991936.0,0.53,1900-01-01 15:43:11,542,30
2307,68755dd0c9327eb904ad19f2,Prompt 68,True,0.81,176.19,44.0,1380000000.0,877000000.0,6669991936.0,0.53,1900-01-01 15:43:12,542,31
2308,68755dd0c9327eb904ad19f3,Prompt 68,True,0.81,176.19,44.0,1380000000.0,877000000.0,6669991936.0,0.53,1900-01-01 15:43:12,543,32
2309,68755dd0c9327eb904ad19f4,Prompt 68,True,0.81,176.19,44.0,1380000000.0,877000000.0,6669991936.0,0.53,1900-01-01 15:43:12,543,33
2310,68755dd1c9327eb904ad19f5,Prompt 68,True,0.81,176.19,44.0,1380000000.0,877000000.0,6669991936.0,0.53,1900-01-01 15:43:13,543,34
2311,68755dd1c9327eb904ad19f6,Prompt 68,True,0.81,176.19,44.0,1380000000.0,877000000.0,6669991936.0,0.53,1900-01-01 15:43:13,543,35
2312,68755dd1c9327eb904ad19f7,Prompt 68,True,0.81,176.19,44.0,1380000000.0,877000000.0,6669991936.0,0.53,1900-01-01 15:43:13,544,36
2313,68755dd1c9327eb904ad19f8,Prompt 68,True,0.81,176.19,44.0,1380000000.0,877000000.0,6669991936.0,0.53,1900-01-01 15:43:13,544,37
2314,68755dd2c9327eb904ad19f9,Prompt 68,True,0.81,176.19,44.0,1380000000.0,877000000.0,6669991936.0,0.53,1900-01-01 15:43:14,544,38
2315,68755dd2c9327eb904ad19fa,Prompt 68,True,0.81,176.19,44.0,1380000000.0,877000000.0,6669991936.0,0.53,1900-01-01 15:43:14,544,39
2316,68755dd2c9327eb904ad19fb,Prompt 68,True,0.81,176.19,44.0,1380000000.0,877000000.0,6669991936.0,0.53,1900-01-01 15:43:14,545,40
2317,68755dd2c9327eb904ad19fc,Prompt 68,True,0.81,176.19,44.0,1380000000.0,877000000.0,6669991936.0,0.53,1900-01-01 15:43:14,545,41
2318,68755dd3c9327eb904ad19fd,Prompt 68,True,0.81,176.19,44.0,1380000000.0,877000000.0,6669991936.0,0.53,1900-01-01 15:43:15,545,42
2319,68755dd3c9327eb904ad19fe,Prompt 68,True,0.81,176.19,44.0,1380000000.0,877000000.0,6669991936.0,0.53,1900-01-01 15:43:15,545,43
2320,68755dd3c9327eb904ad19ff,Prompt 68,True,0.81,176.19,44.0,1380000000.0,877000000.0,6669991936.0,0.53,1900-01-01 15:43:15,546,44
2321,68755dd3c9327eb904ad1a00,Prompt 68,True,0.81,176.19,44.0,1380000000.0,877000000.0,6669991936.0,0.53,1900-01-01 15:43:15,546,45
2322,68755dd4c9327eb904ad1a01,Prompt 68,True,0.81,176.19,44.0,1380000000.0,877000000.0,6669991936.0,0.53,1900-01-01 15:43:16,546,46
2323,68755dd4c9327eb904ad1a02,Prompt 68,True,0.81,176.19,44.0,1380000000.0,877000000.0,6669991936.0,0.53,1900-01-01 15:43:16,546,47
2324,68755dd4c9327eb904ad1a03,,True,,,,,,,,1900-01-01 15:43:16,,
2325,68755dd4c9327eb904ad1a04,Prompt 69,True,0.81,176.19,44.0,1380000000.0,877000000.0,6669991936.0,0.53,1900-01-01 15:43:16,547,1
2326,68755dd4c9327eb904ad1a05,Prompt 69,True,0.81,176.19,44.0,1380000000.0,877000000.0,6669991936.0,0.53,1900-01-01 15:43:16,547,2
2327,68755dd4c9327eb904ad1a06,Prompt 69,True,0.81,176.19,44.0,1380000000.0,877000000.0,6669991936.0,0.53,1900-01-01 15:43:16,547,3
2328,68755dd5c9327eb904ad1a07,Prompt 69,True,0.81,176.19,44.0,1380000000.0,877000000.0,6669991936.0,0.53,1900-01-01 15:43:17,547,4
2329,68755dd5c9327eb904ad1a08,Prompt 69,True,0.81,176.19,44.0,1380000000.0,877000000.0,6669991936.0,0.53,1900-01-01 15:43:17,548,5
2330,68755dd5c9327eb904ad1a09,Prompt 69,True,0.81,176.19,44.0,1380000000.0,877000000.0,6669991936.0,0.53,1900-01-01 15:43:17,548,6
2331,68755dd5c9327eb904ad1a0a,Prompt 69,True,0.81,192.08,44.0,1380000000.0,877000000.0,6669991936.0,0.56,1900-01-01 15:43:17,548,7
2332,68755dd6c9327eb904ad1a0b,Prompt 69,True,0.8,192.08,44.0,1380000000.0,877000000.0,6669991936.0,0.56,1900-01-01 15:43:18,548,8
2333,68755dd6c9327eb904ad1a0c,Prompt 69,True,0.8,192.08,44.0,1380000000.0,877000000.0,6669991936.0,0.56,1900-01-01 15:43:18,548,9
2334,68755dd6c9327eb904ad1a0d,Prompt 69,True,0.8,192.08,44.0,1380000000.0,877000000.0,6669991936.0,0.56,1900-01-01 15:43:18,549,10
2335,68755dd6c9327eb904ad1a0e,Prompt 69,True,0.8,192.08,44.0,1380000000.0,877000000.0,6669991936.0,0.56,1900-01-01 15:43:18,549,11
2336,68755dd7c9327eb904ad1a0f,Prompt 69,True,0.8,192.08,44.0,1380000000.0,877000000.0,6669991936.0,0.56,1900-01-01 15:43:19,549,12
2337,68755dd7c9327eb904ad1a10,Prompt 69,True,0.8,192.08,44.0,1380000000.0,877000000.0,6669991936.0,0.56,1900-01-01 15:43:19,549,13
2338,68755dd7c9327eb904ad1a11,Prompt 69,True,0.8,192.08,44.0,1380000000.0,877000000.0,6669991936.0,0.56,1900-01-01 15:43:19,550,14
2339,68755dd7c9327eb904ad1a12,Prompt 69,True,0.8,192.08,44.0,1380000000.0,877000000.0,6669991936.0,0.56,1900-01-01 15:43:19,550,15
2340,68755dd8c9327eb904ad1a13,Prompt 69,True,0.8,192.08,44.0,1380000000.0,877000000.0,6669991936.0,0.56,1900-01-01 15:43:20,550,16
2341,68755dd8c9327eb904ad1a14,Prompt 69,True,0.8,192.08,44.0,1380000000.0,877000000.0,6669991936.0,0.56,1900-01-01 15:43:20,550,17
2342,68755dd8c9327eb904ad1a15,Prompt 69,True,0.8,192.08,44.0,1380000000.0,877000000.0,6669991936.0,0.56,1900-01-01 15:43:20,551,18
2343,68755dd8c9327eb904ad1a16,Prompt 69,True,0.8,192.08,44.0,1380000000.0,877000000.0,6669991936.0,0.56,1900-01-01 15:43:20,551,19
2344,68755dd9c9327eb904ad1a17,Prompt 69,True,0.8,192.08,44.0,1380000000.0,877000000.0,6669991936.0,0.56,1900-01-01 15:43:21,551,20
2345,68755dd9c9327eb904ad1a18,Prompt 69,True,0.8,192.08,44.0,1380000000.0,877000000.0,6669991936.0,0.56,1900-01-01 15:43:21,551,21
2346,68755dd9c9327eb904ad1a19,Prompt 69,True,0.8,192.08,44.0,1380000000.0,877000000.0,6669991936.0,0.56,1900-01-01 15:43:21,552,22
2347,68755dd9c9327eb904ad1a1a,Prompt 69,True,0.8,192.08,44.0,1380000000.0,877000000.0,6669991936.0,0.56,1900-01-01 15:43:21,552,23
2348,68755ddac9327eb904ad1a1b,Prompt 69,True,0.8,192.08,44.0,1380000000.0,877000000.0,6669991936.0,0.56,1900-01-01 15:43:22,552,24
2349,68755ddac9327eb904ad1a1c,Prompt 69,True,0.8,192.08,44.0,1380000000.0,877000000.0,6669991936.0,0.56,1900-01-01 15:43:22,552,25
2350,68755ddac9327eb904ad1a1d,Prompt 69,True,0.8,192.08,44.0,1380000000.0,877000000.0,6669991936.0,0.56,1900-01-01 15:43:22,553,26
2351,68755ddac9327eb904ad1a1e,Prompt 69,True,0.8,192.08,44.0,1380000000.0,877000000.0,6669991936.0,0.56,1900-01-01 15:43:22,553,27
2352,68755ddbc9327eb904ad1a1f,Prompt 69,True,0.8,192.08,44.0,1380000000.0,877000000.0,6669991936.0,0.56,1900-01-01 15:43:23,553,28
2353,68755ddbc9327eb904ad1a20,Prompt 69,True,0.8,192.08,44.0,1380000000.0,877000000.0,6669991936.0,0.56,1900-01-01 15:43:23,553,29
2354,68755ddbc9327eb904ad1a21,Prompt 69,True,0.8,192.08,44.0,1380000000.0,877000000.0,6669991936.0,0.56,1900-01-01 15:43:23,554,30
2355,68755ddbc9327eb904ad1a22,Prompt 69,True,0.8,192.08,44.0,1380000000.0,877000000.0,6669991936.0,0.56,1900-01-01 15:43:23,554,31
2356,68755ddbc9327eb904ad1a23,Prompt 69,True,0.8,192.08,44.0,1380000000.0,877000000.0,6669991936.0,0.56,1900-01-01 15:43:23,554,32
2357,68755ddcc9327eb904ad1a24,Prompt 69,True,0.8,192.08,44.0,1380000000.0,877000000.0,6669991936.0,0.56,1900-01-01 15:43:24,554,33
2358,68755ddcc9327eb904ad1a25,Prompt 69,True,0.8,192.08,44.0,1380000000.0,877000000.0,6669991936.0,0.56,1900-01-01 15:43:24,555,34
2359,68755ddcc9327eb904ad1a26,Prompt 69,True,0.8,192.08,44.0,1380000000.0,877000000.0,6669991936.0,0.56,1900-01-01 15:43:24,555,35
2360,68755ddcc9327eb904ad1a27,Prompt 69,True,0.8,192.08,44.0,1380000000.0,877000000.0,6669991936.0,0.56,1900-01-01 15:43:24,555,36
2361,68755dddc9327eb904ad1a28,Prompt 69,True,0.8,192.08,44.0,1380000000.0,877000000.0,6669991936.0,0.56,1900-01-01 15:43:25,555,37
2362,68755dddc9327eb904ad1a29,Prompt 69,True,0.8,192.08,44.0,1380000000.0,877000000.0,6669991936.0,0.56,1900-01-01 15:43:25,556,38
2363,68755dddc9327eb904ad1a2a,Prompt 69,True,0.8,192.08,44.0,1380000000.0,877000000.0,6669991936.0,0.56,1900-01-01 15:43:25,556,39
2364,68755dddc9327eb904ad1a2b,Prompt 69,True,0.8,192.08,44.0,1380000000.0,877000000.0,6669991936.0,0.56,1900-01-01 15:43:25,556,40
2365,68755ddec9327eb904ad1a2c,Prompt 69,True,0.8,192.08,44.0,1380000000.0,877000000.0,6669991936.0,0.56,1900-01-01 15:43:26,556,41
2366,68755ddec9327eb904ad1a2d,Prompt 69,True,0.8,192.08,44.0,1380000000.0,877000000.0,6669991936.0,0.56,1900-01-01 15:43:26,557,42
2367,68755ddec9327eb904ad1a2e,Prompt 69,True,0.8,192.08,44.0,1380000000.0,877000000.0,6669991936.0,0.56,1900-01-01 15:43:26,557,43
2368,68755ddec9327eb904ad1a2f,Prompt 69,True,0.8,192.08,44.0,1380000000.0,877000000.0,6669991936.0,0.56,1900-01-01 15:43:26,557,44
2369,68755ddfc9327eb904ad1a30,Prompt 69,True,0.8,192.08,44.0,1380000000.0,877000000.0,6669991936.0,0.56,1900-01-01 15:43:27,557,45
2370,68755ddfc9327eb904ad1a31,Prompt 69,True,0.8,192.08,44.0,1380000000.0,877000000.0,6669991936.0,0.56,1900-01-01 15:43:27,557,46
2371,68755ddfc9327eb904ad1a32,Prompt 69,True,0.8,192.08,44.0,1380000000.0,877000000.0,6669991936.0,0.56,1900-01-01 15:43:27,558,47
2372,68755ddfc9327eb904ad1a33,Prompt 69,True,0.8,192.08,44.0,1380000000.0,877000000.0,6669991936.0,0.56,1900-01-01 15:43:27,558,48
2373,68755de0c9327eb904ad1a34,Prompt 69,True,0.8,192.08,44.0,1380000000.0,877000000.0,6669991936.0,0.56,1900-01-01 15:43:28,558,49
2374,68755de0c9327eb904ad1a35,Prompt 69,True,0.8,192.08,44.0,1380000000.0,877000000.0,6669991936.0,0.56,1900-01-01 15:43:28,559,50
2375,68755de0c9327eb904ad1a36,Prompt 69,True,0.8,192.08,44.0,1380000000.0,877000000.0,6669991936.0,0.56,1900-01-01 15:43:28,559,51
2376,68755de0c9327eb904ad1a37,Prompt 69,True,0.8,192.08,44.0,1380000000.0,877000000.0,6669991936.0,0.56,1900-01-01 15:43:28,559,52
2377,68755de1c9327eb904ad1a38,Prompt 69,True,0.8,192.08,44.0,1380000000.0,877000000.0,6669991936.0,0.56,1900-01-01 15:43:29,559,53
2378,68755de1c9327eb904ad1a39,Prompt 69,True,0.8,192.08,44.0,1380000000.0,877000000.0,6669991936.0,0.56,1900-01-01 15:43:29,559,54
2379,68755de1c9327eb904ad1a3a,Prompt 69,True,0.8,192.08,44.0,1380000000.0,877000000.0,6669991936.0,0.56,1900-01-01 15:43:29,560,55
2380,68755de1c9327eb904ad1a3b,Prompt 69,True,0.8,192.08,44.0,1380000000.0,877000000.0,6669991936.0,0.56,1900-01-01 15:43:29,560,56
2381,68755de2c9327eb904ad1a3c,Prompt 69,True,0.8,192.08,44.0,1380000000.0,877000000.0,6669991936.0,0.56,1900-01-01 15:43:30,560,57
2382,68755de2c9327eb904ad1a3d,Prompt 69,True,0.8,192.08,44.0,1380000000.0,877000000.0,6669991936.0,0.56,1900-01-01 15:43:30,560,58
2383,68755de2c9327eb904ad1a3e,Prompt 69,True,0.8,192.08,44.0,1380000000.0,877000000.0,6669991936.0,0.56,1900-01-01 15:43:30,561,59
2384,68755de2c9327eb904ad1a3f,Prompt 69,True,0.8,192.08,44.0,1380000000.0,877000000.0,6669991936.0,0.56,1900-01-01 15:43:30,561,60
2385,68755de3c9327eb904ad1a40,Prompt 69,True,0.8,192.08,44.0,1380000000.0,877000000.0,6669991936.0,0.56,1900-01-01 15:43:31,561,61
2386,68755de3c9327eb904ad1a41,Prompt 69,True,0.8,192.08,44.0,1380000000.0,877000000.0,6669991936.0,0.56,1900-01-01 15:43:31,561,62
2387,68755de3c9327eb904ad1a42,Prompt 69,True,0.8,192.08,44.0,1380000000.0,877000000.0,6669991936.0,0.56,1900-01-01 15:43:31,562,63
